"../../../Engine/Plugins/Interchange/Runtime/Content/Pipelines/DefaultTexturePipeline.uasset" 0
"../../../Engine/Plugins/Interchange/Runtime/Content/Pipelines/DefaultTexturePipeline.uexp" 1
"../../../Engine/Plugins/Interchange/Runtime/Content/Pipelines/DefaultSceneLevelPipeline.uasset" 2
"../../../Engine/Plugins/Interchange/Runtime/Content/Pipelines/DefaultSceneLevelPipeline.uexp" 3
"../../../Engine/Plugins/Interchange/Runtime/Content/Pipelines/DefaultSceneAssetsPipeline.uasset" 4
"../../../Engine/Plugins/Interchange/Runtime/Content/Pipelines/DefaultSceneAssetsPipeline.uexp" 5
"../../../Engine/Plugins/Interchange/Runtime/Content/Pipelines/DefaultMaterialXPipeline.uasset" 6
"../../../Engine/Plugins/Interchange/Runtime/Content/Pipelines/DefaultMaterialXPipeline.uexp" 7
"../../../Engine/Plugins/Interchange/Runtime/Content/Pipelines/DefaultMaterialPipeline.uasset" 8
"../../../Engine/Plugins/Interchange/Runtime/Content/Pipelines/DefaultMaterialPipeline.uexp" 9
"../../../Engine/Plugins/Interchange/Runtime/Content/Pipelines/DefaultGLTFSceneAssetsPipeline.uasset" 10
"../../../Engine/Plugins/Interchange/Runtime/Content/Pipelines/DefaultGLTFSceneAssetsPipeline.uexp" 11
"../../../Engine/Plugins/Interchange/Runtime/Content/Pipelines/DefaultGLTFPipeline.uasset" 12
"../../../Engine/Plugins/Interchange/Runtime/Content/Pipelines/DefaultGLTFPipeline.uexp" 13
"../../../Engine/Plugins/Interchange/Runtime/Content/Pipelines/DefaultGLTFAssetsPipeline.uasset" 14
"../../../Engine/Plugins/Interchange/Runtime/Content/Pipelines/DefaultGLTFAssetsPipeline.uexp" 15
"../../../Engine/Plugins/Interchange/Runtime/Content/Pipelines/DefaultAssetsPipeline.uasset" 16
"../../../Engine/Plugins/Interchange/Runtime/Content/Pipelines/DefaultAssetsPipeline.uexp" 17
"../../../Engine/Plugins/Animation/ControlRig/Content/Controls/DefaultGizmoLibraryNormalized.uasset" 18
"../../../Engine/Plugins/Animation/ControlRig/Content/Controls/DefaultGizmoLibraryNormalized.uexp" 19
"../../../Engine/Plugins/Animation/ACLPlugin/Content/ACLAnimCurveCompressionSettings.uasset" 20
"../../../Engine/Plugins/Animation/ACLPlugin/Content/ACLAnimCurveCompressionSettings.uexp" 21
"../../../Engine/Plugins/Animation/ACLPlugin/Content/ACLAnimBoneCompressionSettings.uasset" 22
"../../../Engine/Plugins/Animation/ACLPlugin/Content/ACLAnimBoneCompressionSettings.uexp" 23
"../../../Engine/Plugins/2D/Paper2D/Content/PlaceholderTextures/DummySpriteTexture.ubulk" 24
"../../../Engine/Plugins/2D/Paper2D/Content/PlaceholderTextures/DummySpriteTexture.uasset" 25
"../../../Engine/Plugins/2D/Paper2D/Content/PlaceholderTextures/DummySpriteTexture.uexp" 26
"../../../Engine/Plugins/2D/Paper2D/Content/DummySprite.uasset" 27
"../../../Engine/Plugins/2D/Paper2D/Content/DummySprite.uexp" 28
"../../../Engine/Plugins/2D/Paper2D/Content/DefaultPaperTerrainMaterial.uasset" 29
"../../../Engine/Plugins/2D/Paper2D/Content/DefaultPaperTerrainMaterial.uexp" 30
"../../../Engine/Content/EngineSounds/Master.uasset" 31
"../../../Engine/Content/EngineSounds/Master.uexp" 32
"../../../Engine/Content/EngineMaterials/DefaultPhysicalMaterial.uasset" 33
"../../../Engine/Content/EngineMaterials/DefaultPhysicalMaterial.uexp" 34
"../../../Engine/Content/EngineMaterials/DefaultDestructiblePhysicalMaterial.uasset" 35
"../../../Engine/Content/EngineMaterials/DefaultDestructiblePhysicalMaterial.uexp" 36
"../../../Engine/Content/EngineFonts/Faces/RobotoLight.uexp" 37
"../../../Engine/Content/EngineFonts/Faces/RobotoLight.uasset" 38
"../../../Engine/Content/EngineFonts/Faces/RobotoLight.ufont" 39
"../../../Engine/Content/EngineFonts/Faces/RobotoBold.uexp" 40
"../../../Engine/Content/EngineFonts/Faces/RobotoBold.uasset" 41
"../../../Engine/Content/EngineFonts/Faces/RobotoBold.ufont" 42
"../../../Engine/Content/EngineFonts/Faces/RobotoRegular.uexp" 43
"../../../Engine/Content/EngineFonts/Faces/RobotoRegular.uasset" 44
"../../../Engine/Content/EngineFonts/Faces/RobotoRegular.ufont" 45
"../../../Engine/Content/EngineFonts/Faces/DroidSansFallback.uexp" 46
"../../../Engine/Content/EngineFonts/Faces/DroidSansFallback.uasset" 47
"../../../Engine/Content/EngineFonts/Faces/DroidSansFallback.ufont" 48
"../../../Engine/Content/EngineFonts/Faces/RobotoItalic.uexp" 49
"../../../Engine/Content/EngineFonts/Faces/RobotoItalic.uasset" 50
"../../../Engine/Content/EngineFonts/Faces/RobotoItalic.ufont" 51
"../../../Engine/Content/EngineFonts/Faces/RobotoBoldItalic.uexp" 52
"../../../Engine/Content/EngineFonts/Faces/RobotoBoldItalic.uasset" 53
"../../../Engine/Content/EngineFonts/Faces/RobotoBoldItalic.ufont" 54
"../../../Engine/Content/EngineFonts/Roboto.uasset" 55
"../../../Engine/Content/EngineFonts/Roboto.uexp" 56
"../../../Engine/Content/EditorResources/S_Actor.ubulk" 57
"../../../Engine/Content/EditorResources/S_Actor.uasset" 58
"../../../Engine/Content/EditorResources/S_Actor.uexp" 59
"../../../Engine/Plugins/Runtime/AudioWidgets/Content/Resources/ScrubHandleDown_Clamped.uasset" 60
"../../../Engine/Plugins/Runtime/AudioWidgets/Content/Resources/ScrubHandleDown_Clamped.uexp" 61
"../../../Engine/Content/EngineResources/GradientTexture0.uasset" 62
"../../../Engine/Content/EngineResources/GradientTexture0.uexp" 63
"../../../Engine/Content/EngineResources/DefaultTexture.ubulk" 64
"../../../Engine/Content/EngineResources/DefaultTexture.uasset" 65
"../../../Engine/Content/EngineResources/DefaultTexture.uexp" 66
"../../../Engine/Content/EngineMaterials/PreintegratedSkinBRDF.uasset" 67
"../../../Engine/Content/EngineMaterials/PreintegratedSkinBRDF.uexp" 68
"../../../Engine/Content/EngineMaterials/MiniFont.uasset" 69
"../../../Engine/Content/EngineMaterials/MiniFont.uexp" 70
"../../../Engine/Content/EngineMaterials/FastBlueNoise_vec2_128x128x64.uasset" 71
"../../../Engine/Content/EngineMaterials/FastBlueNoise_vec2_128x128x64.uexp" 72
"../../../Engine/Content/EngineMaterials/FastBlueNoise_scalar_128x128x64.uasset" 73
"../../../Engine/Content/EngineMaterials/FastBlueNoise_scalar_128x128x64.uexp" 74
"../../../Engine/Content/EngineMaterials/DefaultWhiteGrid.ubulk" 75
"../../../Engine/Content/EngineMaterials/DefaultWhiteGrid.uasset" 76
"../../../Engine/Content/EngineMaterials/DefaultWhiteGrid.uexp" 77
"../../../Engine/Content/EngineMaterials/DefaultBokeh.uasset" 78
"../../../Engine/Content/EngineMaterials/DefaultBokeh.uexp" 79
"../../../Engine/Content/EngineMaterials/DefaultBloomKernel.uasset" 80
"../../../Engine/Content/EngineMaterials/DefaultBloomKernel.uexp" 81
"../../../Engine/Content/EngineDamageTypes/DmgTypeBP_Environmental.uasset" 82
"../../../Engine/Content/EngineDamageTypes/DmgTypeBP_Environmental.uexp" 83
"../../../Engine/Content/EditorResources/S_TriggerSphere.uasset" 84
"../../../Engine/Content/EditorResources/S_TriggerSphere.uexp" 85
"../../../Engine/Content/EditorResources/S_TriggerCapsule.uasset" 86
"../../../Engine/Content/EditorResources/S_TriggerCapsule.uexp" 87
"../../../Engine/Content/EditorResources/S_TriggerBox.uasset" 88
"../../../Engine/Content/EditorResources/S_TriggerBox.uexp" 89
"../../../Engine/Content/EditorResources/S_Trigger.ubulk" 90
"../../../Engine/Content/EditorResources/S_Trigger.uasset" 91
"../../../Engine/Content/EditorResources/S_Trigger.uexp" 92
"../../../Engine/Content/EditorResources/S_Terrain.ubulk" 93
"../../../Engine/Content/EditorResources/S_Terrain.uasset" 94
"../../../Engine/Content/EditorResources/S_Terrain.uexp" 95
"../../../Engine/Content/EditorResources/S_Solver.ubulk" 96
"../../../Engine/Content/EditorResources/S_Solver.uasset" 97
"../../../Engine/Content/EditorResources/S_Solver.uexp" 98
"../../../Engine/Content/EditorResources/S_BoxReflectionCapture.uasset" 99
"../../../Engine/Content/EditorResources/S_BoxReflectionCapture.uexp" 100
"../../../Engine/Content/EditorResources/EmptyActor.uasset" 101
"../../../Engine/Content/EditorResources/EmptyActor.uexp" 102
"../../../Engine/Content/EditorResources/BSPVertex.uasset" 103
"../../../Engine/Content/EditorResources/BSPVertex.uexp" 104
"../../../Engine/Content/EditorLandscapeResources/DefaultAlphaTexture.uasset" 105
"../../../Engine/Content/EditorLandscapeResources/DefaultAlphaTexture.uexp" 106
"C:/Users/Julian/Documents/Unreal Projects/MechatronicsVR/Content/VRTemplate/Input/Actions/Hands/IA_Hand_Point_Left.uasset" 107
"C:/Users/Julian/Documents/Unreal Projects/MechatronicsVR/Content/VRTemplate/Input/Actions/Hands/IA_Hand_Point_Left.uexp" 108
"C:/Users/Julian/Documents/Unreal Projects/MechatronicsVR/Content/VRTemplate/Input/Actions/Hands/IA_Hand_ThumbUp_Left.uasset" 109
"C:/Users/Julian/Documents/Unreal Projects/MechatronicsVR/Content/VRTemplate/Input/Actions/Hands/IA_Hand_ThumbUp_Left.uexp" 110
"C:/Users/Julian/Documents/Unreal Projects/MechatronicsVR/Content/VRTemplate/Input/Actions/Hands/IA_Hand_IndexCurl_Right.uasset" 111
"C:/Users/Julian/Documents/Unreal Projects/MechatronicsVR/Content/VRTemplate/Input/Actions/Hands/IA_Hand_IndexCurl_Right.uexp" 112
"C:/Users/Julian/Documents/Unreal Projects/MechatronicsVR/Content/VRTemplate/Input/Actions/Hands/IA_Hand_Point_Right.uasset" 113
"C:/Users/Julian/Documents/Unreal Projects/MechatronicsVR/Content/VRTemplate/Input/Actions/Hands/IA_Hand_Point_Right.uexp" 114
"C:/Users/Julian/Documents/Unreal Projects/MechatronicsVR/Content/VRTemplate/Input/Actions/Hands/IA_Hand_Grasp_Right.uasset" 115
"C:/Users/Julian/Documents/Unreal Projects/MechatronicsVR/Content/VRTemplate/Input/Actions/Hands/IA_Hand_Grasp_Right.uexp" 116
"C:/Users/Julian/Documents/Unreal Projects/MechatronicsVR/Content/VRTemplate/Input/Actions/Hands/IA_Hand_Grasp_Left.uasset" 117
"C:/Users/Julian/Documents/Unreal Projects/MechatronicsVR/Content/VRTemplate/Input/Actions/Hands/IA_Hand_Grasp_Left.uexp" 118
"C:/Users/Julian/Documents/Unreal Projects/MechatronicsVR/Content/VRTemplate/Input/Actions/Hands/IA_Hand_IndexCurl_Left.uasset" 119
"C:/Users/Julian/Documents/Unreal Projects/MechatronicsVR/Content/VRTemplate/Input/Actions/Hands/IA_Hand_IndexCurl_Left.uexp" 120
"C:/Users/Julian/Documents/Unreal Projects/MechatronicsVR/Content/VRTemplate/Input/Actions/Hands/IA_Hand_ThumbUp_Right.uasset" 121
"C:/Users/Julian/Documents/Unreal Projects/MechatronicsVR/Content/VRTemplate/Input/Actions/Hands/IA_Hand_ThumbUp_Right.uexp" 122
"C:/Users/Julian/Documents/Unreal Projects/MechatronicsVR/Content/VRTemplate/Input/IMC_Hands.uasset" 123
"C:/Users/Julian/Documents/Unreal Projects/MechatronicsVR/Content/VRTemplate/Input/IMC_Hands.uexp" 124
"C:/Users/Julian/Documents/Unreal Projects/MechatronicsVR/Content/VRTemplate/Input/Actions/IA_Menu_Toggle_Left.uasset" 125
"C:/Users/Julian/Documents/Unreal Projects/MechatronicsVR/Content/VRTemplate/Input/Actions/IA_Menu_Toggle_Left.uexp" 126
"C:/Users/Julian/Documents/Unreal Projects/MechatronicsVR/Content/VRTemplate/Input/B_InputModifier_XAxisPositiveOnly.uasset" 127
"C:/Users/Julian/Documents/Unreal Projects/MechatronicsVR/Content/VRTemplate/Input/B_InputModifier_XAxisPositiveOnly.uexp" 128
"C:/Users/Julian/Documents/Unreal Projects/MechatronicsVR/Content/VRTemplate/Input/Actions/IA_Move.uasset" 129
"C:/Users/Julian/Documents/Unreal Projects/MechatronicsVR/Content/VRTemplate/Input/Actions/IA_Move.uexp" 130
"C:/Users/Julian/Documents/Unreal Projects/MechatronicsVR/Content/VRTemplate/Input/Actions/IA_Turn.uasset" 131
"C:/Users/Julian/Documents/Unreal Projects/MechatronicsVR/Content/VRTemplate/Input/Actions/IA_Turn.uexp" 132
"C:/Users/Julian/Documents/Unreal Projects/MechatronicsVR/Content/VRTemplate/Input/Actions/IA_Menu_Toggle_Right.uasset" 133
"C:/Users/Julian/Documents/Unreal Projects/MechatronicsVR/Content/VRTemplate/Input/Actions/IA_Menu_Toggle_Right.uexp" 134
"C:/Users/Julian/Documents/Unreal Projects/MechatronicsVR/Content/VRTemplate/Input/Actions/IA_Grab_Left.uasset" 135
"C:/Users/Julian/Documents/Unreal Projects/MechatronicsVR/Content/VRTemplate/Input/Actions/IA_Grab_Left.uexp" 136
"C:/Users/Julian/Documents/Unreal Projects/MechatronicsVR/Content/VRTemplate/Input/Actions/IA_Grab_Right.uasset" 137
"C:/Users/Julian/Documents/Unreal Projects/MechatronicsVR/Content/VRTemplate/Input/Actions/IA_Grab_Right.uexp" 138
"C:/Users/Julian/Documents/Unreal Projects/MechatronicsVR/Content/VRTemplate/Input/IMC_Default.uasset" 139
"C:/Users/Julian/Documents/Unreal Projects/MechatronicsVR/Content/VRTemplate/Input/IMC_Default.uexp" 140
"../../../Engine/Plugins/FX/Niagara/Content/Enums/ENiagara_MassInitializationMode.uasset" 141
"../../../Engine/Plugins/FX/Niagara/Content/Enums/ENiagara_MassInitializationMode.uexp" 142
"../../../Engine/Plugins/FX/Niagara/Content/Enums/ENiagaraRandomnessMode.uasset" 143
"../../../Engine/Plugins/FX/Niagara/Content/Enums/ENiagaraRandomnessMode.uexp" 144
"../../../Engine/Plugins/FX/Niagara/Content/Enums/ENiagaraRandomnessEvaluation.uasset" 145
"../../../Engine/Plugins/FX/Niagara/Content/Enums/ENiagaraRandomnessEvaluation.uexp" 146
"../../../Engine/Plugins/FX/Niagara/Content/Enums/ENiagaraArraySamplingMode.uasset" 147
"../../../Engine/Plugins/FX/Niagara/Content/Enums/ENiagaraArraySamplingMode.uexp" 148
"../../../Engine/Plugins/FX/Niagara/Content/Enums/ENiagara_WrapClamp.uasset" 149
"../../../Engine/Plugins/FX/Niagara/Content/Enums/ENiagara_WrapClamp.uexp" 150
"../../../Engine/Plugins/FX/Niagara/Content/Enums/ENiagara_PositionInitializationMode.uasset" 151
"../../../Engine/Plugins/FX/Niagara/Content/Enums/ENiagara_PositionInitializationMode.uexp" 152
"../../../Engine/Plugins/FX/Niagara/Content/Enums/ENiagara_LifetimeMode.uasset" 153
"../../../Engine/Plugins/FX/Niagara/Content/Enums/ENiagara_LifetimeMode.uexp" 154
"../../../Engine/Plugins/FX/Niagara/Content/Enums/ENiagaraEmitterLifeCycleMode.uasset" 155
"../../../Engine/Plugins/FX/Niagara/Content/Enums/ENiagaraEmitterLifeCycleMode.uexp" 156
"../../../Engine/Plugins/FX/Niagara/Content/Enums/ENiagara_InfiniteLoopDuration.uasset" 157
"../../../Engine/Plugins/FX/Niagara/Content/Enums/ENiagara_InfiniteLoopDuration.uexp" 158
"../../../Engine/Plugins/FX/Niagara/Content/Enums/ENiagara_EmitterStateOptions.uasset" 159
"../../../Engine/Plugins/FX/Niagara/Content/Enums/ENiagara_EmitterStateOptions.uexp" 160
"../../../Engine/Plugins/FX/Niagara/Content/Enums/ENiagaraInactiveMode.uasset" 161
"../../../Engine/Plugins/FX/Niagara/Content/Enums/ENiagaraInactiveMode.uexp" 162
"../../../Engine/Plugins/FX/Niagara/Content/Enums/ENiagaraEmitterScalabilityMode_Limited.uasset" 163
"../../../Engine/Plugins/FX/Niagara/Content/Enums/ENiagaraEmitterScalabilityMode_Limited.uexp" 164
"../../../Engine/Plugins/FX/Niagara/Content/Enums/Ribbons/ENiagara_UnsetDirectSet.uasset" 165
"../../../Engine/Plugins/FX/Niagara/Content/Enums/Ribbons/ENiagara_UnsetDirectSet.uexp" 166
"../../../Engine/Plugins/FX/Niagara/Content/Enums/ENiagara_ColorInitializationMode.uasset" 167
"../../../Engine/Plugins/FX/Niagara/Content/Enums/ENiagara_ColorInitializationMode.uexp" 168
"../../../Engine/Plugins/FX/Niagara/Content/Enums/ENiagaraChannelCorrelation.uasset" 169
"../../../Engine/Plugins/FX/Niagara/Content/Enums/ENiagaraChannelCorrelation.uexp" 170
"../../../Engine/Plugins/FX/Niagara/Content/Enums/ENiagaraSystemInactiveMode.uasset" 171
"../../../Engine/Plugins/FX/Niagara/Content/Enums/ENiagaraSystemInactiveMode.uexp" 172
"C:/Users/Julian/Documents/Unreal Projects/MechatronicsVR/Content/VRTemplate/VFX/NPC_VRTemplate.uasset" 173
"C:/Users/Julian/Documents/Unreal Projects/MechatronicsVR/Content/VRTemplate/VFX/NPC_VRTemplate.uexp" 174
"../../../Engine/Content/Functions/Engine_MaterialFunctions02/Utility/CameraDirectionVector.uasset" 175
"../../../Engine/Content/Functions/Engine_MaterialFunctions02/Utility/CameraDirectionVector.uexp" 176
"../../../Engine/Content/EngineMaterials/Good64x64TilingNoiseHighFreq.uasset" 177
"../../../Engine/Content/EngineMaterials/Good64x64TilingNoiseHighFreq.uexp" 178
"../../../Engine/Content/Functions/Engine_MaterialFunctions02/Utility/DepthFromWorldPosition.uasset" 179
"../../../Engine/Content/Functions/Engine_MaterialFunctions02/Utility/DepthFromWorldPosition.uexp" 180
"C:/Users/Julian/Documents/Unreal Projects/MechatronicsVR/Content/VRTemplate/Materials/Functions/MF_OccludedPixels.uasset" 181
"C:/Users/Julian/Documents/Unreal Projects/MechatronicsVR/Content/VRTemplate/Materials/Functions/MF_OccludedPixels.uexp" 182
"C:/Users/Julian/Documents/Unreal Projects/MechatronicsVR/Content/VRTemplate/Materials/M_TeleportNoise.uasset" 183
"C:/Users/Julian/Documents/Unreal Projects/MechatronicsVR/Content/VRTemplate/Materials/M_TeleportNoise.uexp" 184
"../../../Engine/Plugins/FX/Niagara/Content/Icons/Modules/T_Icon_Particle_InfiniteLife.uasset" 185
"../../../Engine/Plugins/FX/Niagara/Content/Icons/Modules/T_Icon_Particle_InfiniteLife.uexp" 186
"C:/Users/Julian/Documents/Unreal Projects/MechatronicsVR/Content/VRTemplate/VFX/NS_PlayAreaBounds.uasset" 187
"C:/Users/Julian/Documents/Unreal Projects/MechatronicsVR/Content/VRTemplate/VFX/NS_PlayAreaBounds.uexp" 188
"../../../Engine/Content/EngineMaterials/T_Default_Material_Grid_M.ubulk" 189
"../../../Engine/Content/EngineMaterials/T_Default_Material_Grid_M.uasset" 190
"../../../Engine/Content/EngineMaterials/T_Default_Material_Grid_M.uexp" 191
"../../../Engine/Content/EngineMaterials/T_Default_Material_Grid_N.ubulk" 192
"../../../Engine/Content/EngineMaterials/T_Default_Material_Grid_N.uasset" 193
"../../../Engine/Content/EngineMaterials/T_Default_Material_Grid_N.uexp" 194
"../../../Engine/Content/Functions/Engine_MaterialFunctions01/Opacity/CameraDepthFade.uasset" 195
"../../../Engine/Content/Functions/Engine_MaterialFunctions01/Opacity/CameraDepthFade.uexp" 196
"../../../Engine/Content/EngineMaterials/DefaultMaterial.uasset" 197
"../../../Engine/Content/EngineMaterials/DefaultMaterial.uexp" 198
"../../../Engine/Content/BasicShapes/Cylinder.ubulk" 199
"../../../Engine/Content/BasicShapes/Cylinder.uasset" 200
"../../../Engine/Content/BasicShapes/Cylinder.uexp" 201
"../../../Engine/Plugins/FX/Niagara/Content/Enums/ENiagaraTorusDistributionMode.uasset" 202
"../../../Engine/Plugins/FX/Niagara/Content/Enums/ENiagaraTorusDistributionMode.uexp" 203
"../../../Engine/Plugins/FX/Niagara/Content/Enums/ENiagaraTorusMode.uasset" 204
"../../../Engine/Plugins/FX/Niagara/Content/Enums/ENiagaraTorusMode.uexp" 205
"../../../Engine/Plugins/FX/Niagara/Content/Enums/ENiagara_SizeScaleMode.uasset" 206
"../../../Engine/Plugins/FX/Niagara/Content/Enums/ENiagara_SizeScaleMode.uexp" 207
"../../../Engine/Plugins/FX/Niagara/Content/Enums/ENiagara_UVFlippingMode.uasset" 208
"../../../Engine/Plugins/FX/Niagara/Content/Enums/ENiagara_UVFlippingMode.uexp" 209
"../../../Engine/Plugins/FX/Niagara/Content/Enums/Ribbons/ENiagara_UnsetDirectSetRandom.uasset" 210
"../../../Engine/Plugins/FX/Niagara/Content/Enums/Ribbons/ENiagara_UnsetDirectSetRandom.uexp" 211
"../../../Engine/Plugins/FX/Niagara/Content/Enums/ENiagara_SpriteRotationMode.uasset" 212
"../../../Engine/Plugins/FX/Niagara/Content/Enums/ENiagara_SpriteRotationMode.uexp" 213
"C:/Users/Julian/Documents/Unreal Projects/MechatronicsVR/Content/VRTemplate/Materials/M_TeleportCylinder.uasset" 214
"C:/Users/Julian/Documents/Unreal Projects/MechatronicsVR/Content/VRTemplate/Materials/M_TeleportCylinder.uexp" 215
"../../../Engine/Plugins/FX/Niagara/Content/Enums/ENiagaraVector4_Channels.uasset" 216
"../../../Engine/Plugins/FX/Niagara/Content/Enums/ENiagaraVector4_Channels.uexp" 217
"C:/Users/Julian/Documents/Unreal Projects/MechatronicsVR/Content/VRTemplate/VFX/NS_TeleportRing.uasset" 218
"C:/Users/Julian/Documents/Unreal Projects/MechatronicsVR/Content/VRTemplate/VFX/NS_TeleportRing.uexp" 219
"C:/Users/Julian/Documents/Unreal Projects/MechatronicsVR/Content/VRTemplate/Blueprints/VRTeleportVisualizer.uasset" 220
"C:/Users/Julian/Documents/Unreal Projects/MechatronicsVR/Content/VRTemplate/Blueprints/VRTeleportVisualizer.uexp" 221
"C:/Users/Julian/Documents/Unreal Projects/MechatronicsVR/Content/Characters/MannequinsXR/Textures/Manny/T_Manny_02_MSR_MSK.ubulk" 222
"C:/Users/Julian/Documents/Unreal Projects/MechatronicsVR/Content/Characters/MannequinsXR/Textures/Manny/T_Manny_02_MSR_MSK.uasset" 223
"C:/Users/Julian/Documents/Unreal Projects/MechatronicsVR/Content/Characters/MannequinsXR/Textures/Manny/T_Manny_02_MSR_MSK.uexp" 224
"C:/Users/Julian/Documents/Unreal Projects/MechatronicsVR/Content/Characters/MannequinsXR/Textures/Manny/T_Manny_02_N.ubulk" 225
"C:/Users/Julian/Documents/Unreal Projects/MechatronicsVR/Content/Characters/MannequinsXR/Textures/Manny/T_Manny_02_N.uasset" 226
"C:/Users/Julian/Documents/Unreal Projects/MechatronicsVR/Content/Characters/MannequinsXR/Textures/Manny/T_Manny_02_N.uexp" 227
"C:/Users/Julian/Documents/Unreal Projects/MechatronicsVR/Content/Characters/MannequinsXR/Textures/Manny/T_Manny_02_Tan.ubulk" 228
"C:/Users/Julian/Documents/Unreal Projects/MechatronicsVR/Content/Characters/MannequinsXR/Textures/Manny/T_Manny_02_Tan.uasset" 229
"C:/Users/Julian/Documents/Unreal Projects/MechatronicsVR/Content/Characters/MannequinsXR/Textures/Manny/T_Manny_02_Tan.uexp" 230
"C:/Users/Julian/Documents/Unreal Projects/MechatronicsVR/Content/Characters/MannequinsXR/Textures/Manny/T_Manny_01_BN.ubulk" 231
"C:/Users/Julian/Documents/Unreal Projects/MechatronicsVR/Content/Characters/MannequinsXR/Textures/Manny/T_Manny_01_BN.uasset" 232
"C:/Users/Julian/Documents/Unreal Projects/MechatronicsVR/Content/Characters/MannequinsXR/Textures/Manny/T_Manny_01_BN.uexp" 233
"C:/Users/Julian/Documents/Unreal Projects/MechatronicsVR/Content/Characters/MannequinsXR/Textures/Manny/T_Manny_01_ASAOPMASK_MSK.ubulk" 234
"C:/Users/Julian/Documents/Unreal Projects/MechatronicsVR/Content/Characters/MannequinsXR/Textures/Manny/T_Manny_01_ASAOPMASK_MSK.uasset" 235
"C:/Users/Julian/Documents/Unreal Projects/MechatronicsVR/Content/Characters/MannequinsXR/Textures/Manny/T_Manny_01_ASAOPMASK_MSK.uexp" 236
"C:/Users/Julian/Documents/Unreal Projects/MechatronicsVR/Content/Characters/MannequinsXR/Textures/Manny/T_Manny_01_D.ubulk" 237
"C:/Users/Julian/Documents/Unreal Projects/MechatronicsVR/Content/Characters/MannequinsXR/Textures/Manny/T_Manny_01_D.uasset" 238
"C:/Users/Julian/Documents/Unreal Projects/MechatronicsVR/Content/Characters/MannequinsXR/Textures/Manny/T_Manny_01_D.uexp" 239
"C:/Users/Julian/Documents/Unreal Projects/MechatronicsVR/Content/Characters/MannequinsXR/Textures/Manny/T_Manny_01_Tan.ubulk" 240
"C:/Users/Julian/Documents/Unreal Projects/MechatronicsVR/Content/Characters/MannequinsXR/Textures/Manny/T_Manny_01_Tan.uasset" 241
"C:/Users/Julian/Documents/Unreal Projects/MechatronicsVR/Content/Characters/MannequinsXR/Textures/Manny/T_Manny_01_Tan.uexp" 242
"C:/Users/Julian/Documents/Unreal Projects/MechatronicsVR/Content/Characters/MannequinsXR/Textures/Manny/T_Manny_01_N.ubulk" 243
"C:/Users/Julian/Documents/Unreal Projects/MechatronicsVR/Content/Characters/MannequinsXR/Textures/Manny/T_Manny_01_N.uasset" 244
"C:/Users/Julian/Documents/Unreal Projects/MechatronicsVR/Content/Characters/MannequinsXR/Textures/Manny/T_Manny_01_N.uexp" 245
"C:/Users/Julian/Documents/Unreal Projects/MechatronicsVR/Content/Characters/MannequinsXR/Textures/Manny/T_Manny_01_MSR_MSK.ubulk" 246
"C:/Users/Julian/Documents/Unreal Projects/MechatronicsVR/Content/Characters/MannequinsXR/Textures/Manny/T_Manny_01_MSR_MSK.uasset" 247
"C:/Users/Julian/Documents/Unreal Projects/MechatronicsVR/Content/Characters/MannequinsXR/Textures/Manny/T_Manny_01_MSR_MSK.uexp" 248
"C:/Users/Julian/Documents/Unreal Projects/MechatronicsVR/Content/Characters/MannequinsXR/Textures/Manny/T_Manny_01_CCRCCPlastic_MSK.ubulk" 249
"C:/Users/Julian/Documents/Unreal Projects/MechatronicsVR/Content/Characters/MannequinsXR/Textures/Manny/T_Manny_01_CCRCCPlastic_MSK.uasset" 250
"C:/Users/Julian/Documents/Unreal Projects/MechatronicsVR/Content/Characters/MannequinsXR/Textures/Manny/T_Manny_01_CCRCCPlastic_MSK.uexp" 251
"C:/Users/Julian/Documents/Unreal Projects/MechatronicsVR/Content/Characters/MannequinsXR/Materials/Functions/ML_BaseColorFallOff.uasset" 252
"C:/Users/Julian/Documents/Unreal Projects/MechatronicsVR/Content/Characters/MannequinsXR/Materials/Functions/ML_BaseColorFallOff.uexp" 253
"C:/Users/Julian/Documents/Unreal Projects/MechatronicsVR/Content/Characters/MannequinsXR/Materials/Functions/ChromaticCurve.uasset" 254
"C:/Users/Julian/Documents/Unreal Projects/MechatronicsVR/Content/Characters/MannequinsXR/Materials/Functions/ChromaticCurve.uexp" 255
"C:/Users/Julian/Documents/Unreal Projects/MechatronicsVR/Content/Characters/MannequinsXR/Materials/Functions/CA_Mannequin.uasset" 256
"C:/Users/Julian/Documents/Unreal Projects/MechatronicsVR/Content/Characters/MannequinsXR/Materials/Functions/CA_Mannequin.uexp" 257
"C:/Users/Julian/Documents/Unreal Projects/MechatronicsVR/Content/Characters/MannequinsXR/Materials/Functions/MF_Diffraction.uasset" 258
"C:/Users/Julian/Documents/Unreal Projects/MechatronicsVR/Content/Characters/MannequinsXR/Materials/Functions/MF_Diffraction.uexp" 259
"C:/Users/Julian/Documents/Unreal Projects/MechatronicsVR/Content/Characters/MannequinsXR/Textures/Shared/T_UE_Logo_M.uasset" 260
"C:/Users/Julian/Documents/Unreal Projects/MechatronicsVR/Content/Characters/MannequinsXR/Textures/Shared/T_UE_Logo_M.uexp" 261
"../../../Engine/Content/Functions/Engine_MaterialFunctions02/Utility/BreakOutFloat2Components.uasset" 262
"../../../Engine/Content/Functions/Engine_MaterialFunctions02/Utility/BreakOutFloat2Components.uexp" 263
"../../../Engine/Content/Functions/Engine_MaterialFunctions01/Texturing/ScaleUVsByCenter.uasset" 264
"../../../Engine/Content/Functions/Engine_MaterialFunctions01/Texturing/ScaleUVsByCenter.uexp" 265
"C:/Users/Julian/Documents/Unreal Projects/MechatronicsVR/Content/Characters/MannequinsXR/Materials/Functions/MF_logo3layers.uasset" 266
"C:/Users/Julian/Documents/Unreal Projects/MechatronicsVR/Content/Characters/MannequinsXR/Materials/Functions/MF_logo3layers.uexp" 267
"C:/Users/Julian/Documents/Unreal Projects/MechatronicsVR/Content/Characters/MannequinsXR/Materials/M_Mannequin.uasset" 268
"C:/Users/Julian/Documents/Unreal Projects/MechatronicsVR/Content/Characters/MannequinsXR/Materials/M_Mannequin.uexp" 269
"C:/Users/Julian/Documents/Unreal Projects/MechatronicsVR/Content/Characters/MannequinsXR/Materials/Instances/Manny/MI_Manny_01.uasset" 270
"C:/Users/Julian/Documents/Unreal Projects/MechatronicsVR/Content/Characters/MannequinsXR/Materials/Instances/Manny/MI_Manny_01.uexp" 271
"C:/Users/Julian/Documents/Unreal Projects/MechatronicsVR/Content/Characters/MannequinsXR/Textures/Manny/T_Manny_02_D.ubulk" 272
"C:/Users/Julian/Documents/Unreal Projects/MechatronicsVR/Content/Characters/MannequinsXR/Textures/Manny/T_Manny_02_D.uasset" 273
"C:/Users/Julian/Documents/Unreal Projects/MechatronicsVR/Content/Characters/MannequinsXR/Textures/Manny/T_Manny_02_D.uexp" 274
"C:/Users/Julian/Documents/Unreal Projects/MechatronicsVR/Content/Characters/MannequinsXR/Textures/Manny/T_Manny_02_ASAOPMASK_MSK.ubulk" 275
"C:/Users/Julian/Documents/Unreal Projects/MechatronicsVR/Content/Characters/MannequinsXR/Textures/Manny/T_Manny_02_ASAOPMASK_MSK.uasset" 276
"C:/Users/Julian/Documents/Unreal Projects/MechatronicsVR/Content/Characters/MannequinsXR/Textures/Manny/T_Manny_02_ASAOPMASK_MSK.uexp" 277
"C:/Users/Julian/Documents/Unreal Projects/MechatronicsVR/Content/Characters/MannequinsXR/Textures/Manny/T_Manny_02_CCRCCPlastic_MSK.ubulk" 278
"C:/Users/Julian/Documents/Unreal Projects/MechatronicsVR/Content/Characters/MannequinsXR/Textures/Manny/T_Manny_02_CCRCCPlastic_MSK.uasset" 279
"C:/Users/Julian/Documents/Unreal Projects/MechatronicsVR/Content/Characters/MannequinsXR/Textures/Manny/T_Manny_02_CCRCCPlastic_MSK.uexp" 280
"C:/Users/Julian/Documents/Unreal Projects/MechatronicsVR/Content/Characters/MannequinsXR/Textures/Manny/T_Manny_02_BN.ubulk" 281
"C:/Users/Julian/Documents/Unreal Projects/MechatronicsVR/Content/Characters/MannequinsXR/Textures/Manny/T_Manny_02_BN.uasset" 282
"C:/Users/Julian/Documents/Unreal Projects/MechatronicsVR/Content/Characters/MannequinsXR/Textures/Manny/T_Manny_02_BN.uexp" 283
"C:/Users/Julian/Documents/Unreal Projects/MechatronicsVR/Content/Characters/MannequinsXR/Materials/Instances/Manny/MI_Manny_02.uasset" 284
"C:/Users/Julian/Documents/Unreal Projects/MechatronicsVR/Content/Characters/MannequinsXR/Materials/Instances/Manny/MI_Manny_02.uexp" 285
"C:/Users/Julian/Documents/Unreal Projects/MechatronicsVR/Content/Characters/MannequinsXR/Meshes/SK_MannequinsXR.uasset" 286
"C:/Users/Julian/Documents/Unreal Projects/MechatronicsVR/Content/Characters/MannequinsXR/Meshes/SK_MannequinsXR.uexp" 287
"C:/Users/Julian/Documents/Unreal Projects/MechatronicsVR/Content/Characters/MannequinsXR/Meshes/SkeletalMeshLODSettings_MannequinsXR.uasset" 288
"C:/Users/Julian/Documents/Unreal Projects/MechatronicsVR/Content/Characters/MannequinsXR/Meshes/SkeletalMeshLODSettings_MannequinsXR.uexp" 289
"C:/Users/Julian/Documents/Unreal Projects/MechatronicsVR/Content/Characters/MannequinsXR/Meshes/SKM_MannyXR_left.uasset" 290
"C:/Users/Julian/Documents/Unreal Projects/MechatronicsVR/Content/Characters/MannequinsXR/Meshes/SKM_MannyXR_left.uexp" 291
"../../../Engine/Content/Animation/DefaultAnimCurveCompressionSettings.uasset" 292
"../../../Engine/Content/Animation/DefaultAnimCurveCompressionSettings.uexp" 293
"../../../Engine/Content/Animation/DefaultVariableFrameStrippingSettings.uasset" 294
"../../../Engine/Content/Animation/DefaultVariableFrameStrippingSettings.uexp" 295
"../../../Engine/Content/Animation/DefaultRecorderBoneCompression.uasset" 296
"../../../Engine/Content/Animation/DefaultRecorderBoneCompression.uexp" 297
"C:/Users/Julian/Documents/Unreal Projects/MechatronicsVR/Content/Characters/MannequinsXR/Animations/A_MannequinsXR_Idle_Right.uasset" 298
"C:/Users/Julian/Documents/Unreal Projects/MechatronicsVR/Content/Characters/MannequinsXR/Animations/A_MannequinsXR_Idle_Right.uexp" 299
"C:/Users/Julian/Documents/Unreal Projects/MechatronicsVR/Content/Characters/MannequinsXR/Animations/A_MannequinsXR_ThumbUp_Right.uasset" 300
"C:/Users/Julian/Documents/Unreal Projects/MechatronicsVR/Content/Characters/MannequinsXR/Animations/A_MannequinsXR_ThumbUp_Right.uexp" 301
"C:/Users/Julian/Documents/Unreal Projects/MechatronicsVR/Content/Characters/MannequinsXR/Animations/A_MannequinsXR_Point_Right.uasset" 302
"C:/Users/Julian/Documents/Unreal Projects/MechatronicsVR/Content/Characters/MannequinsXR/Animations/A_MannequinsXR_Point_Right.uexp" 303
"C:/Users/Julian/Documents/Unreal Projects/MechatronicsVR/Content/Characters/MannequinsXR/Animations/MDT_MannequinsXR.uasset" 304
"C:/Users/Julian/Documents/Unreal Projects/MechatronicsVR/Content/Characters/MannequinsXR/Animations/MDT_MannequinsXR.uexp" 305
"C:/Users/Julian/Documents/Unreal Projects/MechatronicsVR/Content/Characters/MannequinsXR/Animations/A_MannequinsXR_Grasp_Right.uasset" 306
"C:/Users/Julian/Documents/Unreal Projects/MechatronicsVR/Content/Characters/MannequinsXR/Animations/A_MannequinsXR_Grasp_Right.uexp" 307
"C:/Users/Julian/Documents/Unreal Projects/MechatronicsVR/Content/Characters/MannequinsXR/Animations/A_MannequinsXR_IndexCurl_Right.uasset" 308
"C:/Users/Julian/Documents/Unreal Projects/MechatronicsVR/Content/Characters/MannequinsXR/Animations/A_MannequinsXR_IndexCurl_Right.uexp" 309
"C:/Users/Julian/Documents/Unreal Projects/MechatronicsVR/Content/Characters/MannequinsXR/Meshes/ABP_MannequinsXR.uasset" 310
"C:/Users/Julian/Documents/Unreal Projects/MechatronicsVR/Content/Characters/MannequinsXR/Meshes/ABP_MannequinsXR.uexp" 311
"C:/Users/Julian/Documents/Unreal Projects/MechatronicsVR/Content/Characters/MannequinsXR/B_MannequinsXR.uasset" 312
"C:/Users/Julian/Documents/Unreal Projects/MechatronicsVR/Content/Characters/MannequinsXR/B_MannequinsXR.uexp" 313
"../../../Engine/Plugins/FX/Niagara/Content/Icons/Modules/T_Icon_Solver_LimitSpeed.uasset" 314
"../../../Engine/Plugins/FX/Niagara/Content/Icons/Modules/T_Icon_Solver_LimitSpeed.uexp" 315
"../../../Engine/Plugins/FX/Niagara/Content/Icons/Modules/T_Icon_Solver_RotationalSolve.uasset" 316
"../../../Engine/Plugins/FX/Niagara/Content/Icons/Modules/T_Icon_Solver_RotationalSolve.uexp" 317
"../../../Engine/Plugins/FX/Niagara/Content/Icons/Modules/T_Icon_Solver_LimitAccel.uasset" 318
"../../../Engine/Plugins/FX/Niagara/Content/Icons/Modules/T_Icon_Solver_LimitAccel.uexp" 319
"C:/Users/Julian/Documents/Unreal Projects/MechatronicsVR/Content/VRTemplate/Materials/DefaultRibbonMaterial_NoGradient.uasset" 320
"C:/Users/Julian/Documents/Unreal Projects/MechatronicsVR/Content/VRTemplate/Materials/DefaultRibbonMaterial_NoGradient.uexp" 321
"C:/Users/Julian/Documents/Unreal Projects/MechatronicsVR/Content/VRTemplate/VFX/NS_TeleportTrace.uasset" 322
"C:/Users/Julian/Documents/Unreal Projects/MechatronicsVR/Content/VRTemplate/VFX/NS_TeleportTrace.uexp" 323
"C:/Users/Julian/Documents/Unreal Projects/MechatronicsVR/Content/Characters/MannequinsXR/Meshes/SKM_MannyXR_right.uasset" 324
"C:/Users/Julian/Documents/Unreal Projects/MechatronicsVR/Content/Characters/MannequinsXR/Meshes/SKM_MannyXR_right.uexp" 325
"../../../Engine/Content/VREditor/Devices/Generic/GenericHMDMaterial.uasset" 326
"../../../Engine/Content/VREditor/Devices/Generic/GenericHMDMaterial.uexp" 327
"../../../Engine/Content/VREditor/Devices/Generic/GenericHMD.ubulk" 328
"../../../Engine/Content/VREditor/Devices/Generic/GenericHMD.uasset" 329
"../../../Engine/Content/VREditor/Devices/Generic/GenericHMD.uexp" 330
"../../../Engine/Content/BasicShapes/Sphere.ubulk" 331
"../../../Engine/Content/BasicShapes/Sphere.uasset" 332
"../../../Engine/Content/BasicShapes/Sphere.uexp" 333
"C:/Users/Julian/Documents/Unreal Projects/MechatronicsVR/Content/VRTemplate/VFX/NS_MenuLaser.uasset" 334
"C:/Users/Julian/Documents/Unreal Projects/MechatronicsVR/Content/VRTemplate/VFX/NS_MenuLaser.uexp" 335
"C:/Users/Julian/Documents/Unreal Projects/MechatronicsVR/Content/VRTemplate/Input/Actions/IA_Menu_Cursor_Left.uasset" 336
"C:/Users/Julian/Documents/Unreal Projects/MechatronicsVR/Content/VRTemplate/Input/Actions/IA_Menu_Cursor_Left.uexp" 337
"C:/Users/Julian/Documents/Unreal Projects/MechatronicsVR/Content/VRTemplate/Input/Actions/IA_Menu_Cursor_Right.uasset" 338
"C:/Users/Julian/Documents/Unreal Projects/MechatronicsVR/Content/VRTemplate/Input/Actions/IA_Menu_Cursor_Right.uexp" 339
"C:/Users/Julian/Documents/Unreal Projects/MechatronicsVR/Content/VRTemplate/Input/Actions/IA_Menu_Interact_Right.uasset" 340
"C:/Users/Julian/Documents/Unreal Projects/MechatronicsVR/Content/VRTemplate/Input/Actions/IA_Menu_Interact_Right.uexp" 341
"C:/Users/Julian/Documents/Unreal Projects/MechatronicsVR/Content/VRTemplate/Blueprints/WidgetMenu.uasset" 342
"C:/Users/Julian/Documents/Unreal Projects/MechatronicsVR/Content/VRTemplate/Blueprints/WidgetMenu.uexp" 343
"C:/Users/Julian/Documents/Unreal Projects/MechatronicsVR/Content/VRTemplate/Input/Actions/IA_Menu_Interact_Left.uasset" 344
"C:/Users/Julian/Documents/Unreal Projects/MechatronicsVR/Content/VRTemplate/Input/Actions/IA_Menu_Interact_Left.uexp" 345
"C:/Users/Julian/Documents/Unreal Projects/MechatronicsVR/Content/VRTemplate/Input/IMC_Menu.uasset" 346
"C:/Users/Julian/Documents/Unreal Projects/MechatronicsVR/Content/VRTemplate/Input/IMC_Menu.uexp" 347
"C:/Users/Julian/Documents/Unreal Projects/MechatronicsVR/Content/VRTemplate/Materials/M_VRCursor.uasset" 348
"C:/Users/Julian/Documents/Unreal Projects/MechatronicsVR/Content/VRTemplate/Materials/M_VRCursor.uexp" 349
"../../../Engine/Content/EditorBlueprintResources/StandardMacros.uasset" 350
"../../../Engine/Content/EditorBlueprintResources/StandardMacros.uexp" 351
"C:/Users/Julian/Documents/Unreal Projects/MechatronicsVR/Content/VRTemplate/Blueprints/Menu.uasset" 352
"C:/Users/Julian/Documents/Unreal Projects/MechatronicsVR/Content/VRTemplate/Blueprints/Menu.uexp" 353
"C:/Users/Julian/Documents/Unreal Projects/MechatronicsVR/Content/VRTemplate/Blueprints/VRPawn.uasset" 354
"C:/Users/Julian/Documents/Unreal Projects/MechatronicsVR/Content/VRTemplate/Blueprints/VRPawn.uexp" 355
"../../../Engine/Content/EngineResources/FilmGrains/Marcie_Grain_v3_128_M2_000.uasset" 356
"../../../Engine/Content/EngineResources/FilmGrains/Marcie_Grain_v3_128_M2_000.uexp" 357
"../../../Engine/Content/EngineMaterials/LTC/Sheen_LTC.uasset" 358
"../../../Engine/Content/EngineMaterials/LTC/Sheen_LTC.uexp" 359
"../../../Engine/Content/EngineMaterials/LTC/GGX_LTCMat.uasset" 360
"../../../Engine/Content/EngineMaterials/LTC/GGX_LTCMat.uexp" 361
"../../../Engine/Content/EngineMaterials/LTC/GGX_LTCAmp.uasset" 362
"../../../Engine/Content/EngineMaterials/LTC/GGX_LTCAmp.uexp" 363
"../../../Engine/Content/EngineMaterials/EnergyConservation/Sheen_Energy.uasset" 364
"../../../Engine/Content/EngineMaterials/EnergyConservation/Sheen_Energy.uexp" 365
"../../../Engine/Content/EngineMaterials/EnergyConservation/SheenLegacy_Energy.uasset" 366
"../../../Engine/Content/EngineMaterials/EnergyConservation/SheenLegacy_Energy.uexp" 367
"../../../Engine/Content/EngineMaterials/EnergyConservation/GGX_TransmissionEnergyArray.uasset" 368
"../../../Engine/Content/EngineMaterials/EnergyConservation/GGX_TransmissionEnergyArray.uexp" 369
"../../../Engine/Content/EngineMaterials/EnergyConservation/GGX_ReflectionEnergy.uasset" 370
"../../../Engine/Content/EngineMaterials/EnergyConservation/GGX_ReflectionEnergy.uexp" 371
"../../../Engine/Content/EngineMaterials/EnergyConservation/Diffuse_Energy.uasset" 372
"../../../Engine/Content/EngineMaterials/EnergyConservation/Diffuse_Energy.uexp" 373
"../../../Engine/Content/EditorResources/SequenceRecorder/RecordingIndicator.uasset" 374
"../../../Engine/Content/EditorResources/SequenceRecorder/RecordingIndicator.uexp" 375
"../../../Engine/Content/EditorResources/SequenceRecorder/Countdown.uasset" 376
"../../../Engine/Content/EditorResources/SequenceRecorder/Countdown.uexp" 377
"../../../Engine/Content/EditorMaterials/ParticleSystems/PSysThumbnail_OOD.ubulk" 378
"../../../Engine/Content/EditorMaterials/ParticleSystems/PSysThumbnail_OOD.uasset" 379
"../../../Engine/Content/EditorMaterials/ParticleSystems/PSysThumbnail_OOD.uexp" 380
"../../../Engine/Content/EditorMaterials/ParticleSystems/PSysThumbnail_NoImage.ubulk" 381
"../../../Engine/Content/EditorMaterials/ParticleSystems/PSysThumbnail_NoImage.uasset" 382
"../../../Engine/Content/EditorMaterials/ParticleSystems/PSysThumbnail_NoImage.uexp" 383
"../../../Engine/Content/EngineResources/DefaultTextureCube.uasset" 384
"../../../Engine/Content/EngineResources/DefaultTextureCube.uexp" 385
"../../../Engine/Content/EngineResources/DefaultVolumeTexture2D.uasset" 386
"../../../Engine/Content/EngineResources/DefaultVolumeTexture2D.uexp" 387
"../../../Engine/Content/EngineResources/DefaultVolumeTexture.uasset" 388
"../../../Engine/Content/EngineResources/DefaultVolumeTexture.uexp" 389
"../../../Engine/Content/EngineMeshes/Sphere.ubulk" 390
"../../../Engine/Content/EngineMeshes/Sphere.uasset" 391
"../../../Engine/Content/EngineMeshes/Sphere.uexp" 392
"../../../Engine/Content/VREditor/TransformGizmo/Main.uasset" 393
"../../../Engine/Content/VREditor/TransformGizmo/Main.uexp" 394
"../../../Engine/Content/VREditor/TransformGizmo/Xray.uasset" 395
"../../../Engine/Content/VREditor/TransformGizmo/Xray.uexp" 396
"../../../Engine/Content/VREditor/TransformGizmo/SM_Sequencer_Node.ubulk" 397
"../../../Engine/Content/VREditor/TransformGizmo/SM_Sequencer_Node.uasset" 398
"../../../Engine/Content/VREditor/TransformGizmo/SM_Sequencer_Node.uexp" 399
"C:/Users/Julian/Documents/Unreal Projects/MechatronicsVR/Content/M_GhostPreview.uasset" 400
"C:/Users/Julian/Documents/Unreal Projects/MechatronicsVR/Content/M_GhostPreview.uexp" 401
"C:/Users/Julian/Documents/Unreal Projects/MechatronicsVR/Content/Materials/M_Highlight.uasset" 402
"C:/Users/Julian/Documents/Unreal Projects/MechatronicsVR/Content/Materials/M_Highlight.uexp" 403
"C:/Users/Julian/Documents/Unreal Projects/MechatronicsVR/Content/Materials/M_GrabbableOutline.uasset" 404
"C:/Users/Julian/Documents/Unreal Projects/MechatronicsVR/Content/Materials/M_GrabbableOutline.uexp" 405
"../../../Engine/Plugins/Runtime/MeshModelingToolset/Content/Materials/M_DynamicMeshComponentVtxColor.uasset" 406
"../../../Engine/Plugins/Runtime/MeshModelingToolset/Content/Materials/M_DynamicMeshComponentVtxColor.uexp" 407
"../../../Engine/Plugins/Runtime/HairStrands/Content/Materials/HairMeshesDefaultMaterial.uasset" 408
"../../../Engine/Plugins/Runtime/HairStrands/Content/Materials/HairMeshesDefaultMaterial.uexp" 409
"../../../Engine/Plugins/Runtime/HairStrands/Content/Materials/HairDefaultMaterial.uasset" 410
"../../../Engine/Plugins/Runtime/HairStrands/Content/Materials/HairDefaultMaterial.uexp" 411
"../../../Engine/Plugins/Runtime/HairStrands/Content/Materials/HairGroupColors.uasset" 412
"../../../Engine/Plugins/Runtime/HairStrands/Content/Materials/HairGroupColors.uexp" 413
"../../../Engine/Content/Functions/Engine_MaterialFunctions02/Utility/MakeFloat2.uasset" 414
"../../../Engine/Content/Functions/Engine_MaterialFunctions02/Utility/MakeFloat2.uexp" 415
"../../../Engine/Content/Functions/Engine_MaterialFunctions02/Utility/MakeFloat3.uasset" 416
"../../../Engine/Content/Functions/Engine_MaterialFunctions02/Utility/MakeFloat3.uexp" 417
"../../../Engine/Content/EngineMaterials/HairColorMap.uasset" 418
"../../../Engine/Content/EngineMaterials/HairColorMap.uexp" 419
"../../../Engine/Content/EngineMaterials/HairDebugColor.uasset" 420
"../../../Engine/Content/EngineMaterials/HairDebugColor.uexp" 421
"../../../Engine/Plugins/Runtime/HairStrands/Content/Materials/HairDebugMaterial.uasset" 422
"../../../Engine/Plugins/Runtime/HairStrands/Content/Materials/HairDebugMaterial.uexp" 423
"../../../Engine/Plugins/Runtime/HairStrands/Content/Materials/HairCardsDefaultMaterial.uasset" 424
"../../../Engine/Plugins/Runtime/HairStrands/Content/Materials/HairCardsDefaultMaterial.uexp" 425
"../../../Engine/Content/Functions/Engine_MaterialFunctions02/Texturing/CustomRotator.uasset" 426
"../../../Engine/Content/Functions/Engine_MaterialFunctions02/Texturing/CustomRotator.uexp" 427
"../../../Engine/Plugins/Runtime/AudioWidgets/Content/AudioMaterialSlate/Functions/MF_SingleLine_Smooth.uasset" 428
"../../../Engine/Plugins/Runtime/AudioWidgets/Content/AudioMaterialSlate/Functions/MF_SingleLine_Smooth.uexp" 429
"../../../Engine/Plugins/Runtime/AudioWidgets/Content/AudioMaterialSlate/Functions/MF_AngleGradient.uasset" 430
"../../../Engine/Plugins/Runtime/AudioWidgets/Content/AudioMaterialSlate/Functions/MF_AngleGradient.uexp" 431
"../../../Engine/Plugins/Runtime/AudioWidgets/Content/AudioMaterialSlate/Functions/MF_SingleLine.uasset" 432
"../../../Engine/Plugins/Runtime/AudioWidgets/Content/AudioMaterialSlate/Functions/MF_SingleLine.uexp" 433
"../../../Engine/Content/Functions/Engine_MaterialFunctions01/Gradient/SphereGradient-2D.uasset" 434
"../../../Engine/Content/Functions/Engine_MaterialFunctions01/Gradient/SphereGradient-2D.uexp" 435
"../../../Engine/Plugins/Runtime/AudioWidgets/Content/AudioMaterialSlate/M_AudioMaterialToggleButton.uasset" 436
"../../../Engine/Plugins/Runtime/AudioWidgets/Content/AudioMaterialSlate/M_AudioMaterialToggleButton.uexp" 437
"../../../Engine/Plugins/Runtime/AudioWidgets/Content/AudioMaterialSlate/MI_AudioMaterialToggleButton.uasset" 438
"../../../Engine/Plugins/Runtime/AudioWidgets/Content/AudioMaterialSlate/MI_AudioMaterialToggleButton.uexp" 439
"../../../Engine/Content/Functions/Engine_MaterialFunctions02/Utility/VectorLength.uasset" 440
"../../../Engine/Content/Functions/Engine_MaterialFunctions02/Utility/VectorLength.uexp" 441
"../../../Engine/Content/Functions/Engine_MaterialFunctions01/Gradient/GeneratedRoundRect.uasset" 442
"../../../Engine/Content/Functions/Engine_MaterialFunctions01/Gradient/GeneratedRoundRect.uexp" 443
"../../../Engine/Plugins/Runtime/AudioWidgets/Content/AudioMaterialSlate/M_AudioMaterialRoundedSlider.uasset" 444
"../../../Engine/Plugins/Runtime/AudioWidgets/Content/AudioMaterialSlate/M_AudioMaterialRoundedSlider.uexp" 445
"../../../Engine/Plugins/Runtime/AudioWidgets/Content/AudioMaterialSlate/MI_AudioMaterialRoundedSlider.uasset" 446
"../../../Engine/Plugins/Runtime/AudioWidgets/Content/AudioMaterialSlate/MI_AudioMaterialRoundedSlider.uexp" 447
"../../../Engine/Plugins/Runtime/AudioWidgets/Content/AudioMaterialSlate/Functions/MF_Lines.uasset" 448
"../../../Engine/Plugins/Runtime/AudioWidgets/Content/AudioMaterialSlate/Functions/MF_Lines.uexp" 449
"../../../Engine/Content/Functions/Engine_MaterialFunctions02/Lerp_3Color.uasset" 450
"../../../Engine/Content/Functions/Engine_MaterialFunctions02/Lerp_3Color.uexp" 451
"../../../Engine/Plugins/Runtime/AudioWidgets/Content/AudioMaterialSlate/M_AudioMaterialMeter.uasset" 452
"../../../Engine/Plugins/Runtime/AudioWidgets/Content/AudioMaterialSlate/M_AudioMaterialMeter.uexp" 453
"../../../Engine/Plugins/Runtime/AudioWidgets/Content/AudioMaterialSlate/MI_AudioMaterialMeter.uasset" 454
"../../../Engine/Plugins/Runtime/AudioWidgets/Content/AudioMaterialSlate/MI_AudioMaterialMeter.uexp" 455
"../../../Engine/Plugins/Runtime/AudioWidgets/Content/AudioMaterialSlate/M_AudioMaterialKnob.uasset" 456
"../../../Engine/Plugins/Runtime/AudioWidgets/Content/AudioMaterialSlate/M_AudioMaterialKnob.uexp" 457
"../../../Engine/Plugins/Runtime/AudioWidgets/Content/AudioMaterialSlate/MI_AudioMaterialKnob.uasset" 458
"../../../Engine/Plugins/Runtime/AudioWidgets/Content/AudioMaterialSlate/MI_AudioMaterialKnob.uexp" 459
"../../../Engine/Plugins/Runtime/AudioWidgets/Content/AudioMaterialSlate/Functions/MF_DotOutlined.uasset" 460
"../../../Engine/Plugins/Runtime/AudioWidgets/Content/AudioMaterialSlate/Functions/MF_DotOutlined.uexp" 461
"../../../Engine/Plugins/Runtime/AudioWidgets/Content/AudioMaterialSlate/M_AudioMaterialEnvelope_ADSR.uasset" 462
"../../../Engine/Plugins/Runtime/AudioWidgets/Content/AudioMaterialSlate/M_AudioMaterialEnvelope_ADSR.uexp" 463
"../../../Engine/Plugins/Runtime/AudioWidgets/Content/AudioMaterialSlate/MI_AudioMaterialEnvelope_ADSR.uasset" 464
"../../../Engine/Plugins/Runtime/AudioWidgets/Content/AudioMaterialSlate/MI_AudioMaterialEnvelope_ADSR.uexp" 465
"../../../Engine/Plugins/NNE/NNEDenoiser/Content/NNEDTOM_Output_Default.uasset" 466
"../../../Engine/Plugins/NNE/NNEDenoiser/Content/NNEDTOM_Output_Default.uexp" 467
"../../../Engine/Plugins/NNE/NNEDenoiser/Content/NNEDTOM_Output_Alpha.uasset" 468
"../../../Engine/Plugins/NNE/NNEDenoiser/Content/NNEDTOM_Output_Alpha.uexp" 469
"../../../Engine/Plugins/NNE/NNEDenoiser/Content/NNEDTIM_ColorAlbedoNormal_Default.uasset" 470
"../../../Engine/Plugins/NNE/NNEDenoiser/Content/NNEDTIM_ColorAlbedoNormal_Default.uexp" 471
"../../../Engine/Plugins/NNE/NNEDenoiser/Content/NNEDTIM_ColorAlbedoNormal_Alpha.uasset" 472
"../../../Engine/Plugins/NNE/NNEDenoiser/Content/NNEDTIM_ColorAlbedoNormal_Alpha.uexp" 473
"../../../Engine/Plugins/NNE/NNEDenoiser/Content/NNEDOM_Output_Default.uasset" 474
"../../../Engine/Plugins/NNE/NNEDenoiser/Content/NNEDOM_Output_Default.uexp" 475
"../../../Engine/Plugins/NNE/NNEDenoiser/Content/NNEDOM_Output_Alpha.uasset" 476
"../../../Engine/Plugins/NNE/NNEDenoiser/Content/NNEDOM_Output_Alpha.uexp" 477
"../../../Engine/Plugins/NNE/NNEDenoiser/Content/NNEDIM_HighQuality_Default.uasset" 478
"../../../Engine/Plugins/NNE/NNEDenoiser/Content/NNEDIM_HighQuality_Default.uexp" 479
"../../../Engine/Plugins/NNE/NNEDenoiser/Content/NNEDIM_HighQuality_Alpha.uasset" 480
"../../../Engine/Plugins/NNE/NNEDenoiser/Content/NNEDIM_HighQuality_Alpha.uexp" 481
"../../../Engine/Plugins/NNE/NNEDenoiser/Content/NNEDIM_ColorAlbedoNormal_Default.uasset" 482
"../../../Engine/Plugins/NNE/NNEDenoiser/Content/NNEDIM_ColorAlbedoNormal_Default.uexp" 483
"../../../Engine/Plugins/NNE/NNEDenoiser/Content/NNEDIM_ColorAlbedoNormal_Alpha.uasset" 484
"../../../Engine/Plugins/NNE/NNEDenoiser/Content/NNEDIM_ColorAlbedoNormal_Alpha.uexp" 485
"../../../Engine/Content/EngineMaterials/WorldGridMaterial.uasset" 486
"../../../Engine/Content/EngineMaterials/WorldGridMaterial.uexp" 487
"../../../Engine/Plugins/Media/MediaPlate/Content/SM_MediaPlateScreen.ubulk" 488
"../../../Engine/Plugins/Media/MediaPlate/Content/SM_MediaPlateScreen.uasset" 489
"../../../Engine/Plugins/Media/MediaPlate/Content/SM_MediaPlateScreen.uexp" 490
"../../../Engine/Plugins/Interchange/Assets/Content/Functions/MX_UsdPreviewSurface.uasset" 491
"../../../Engine/Plugins/Interchange/Assets/Content/Functions/MX_UsdPreviewSurface.uexp" 492
"../../../Engine/Plugins/Interchange/Assets/Content/Functions/MX_UniformEDF.uasset" 493
"../../../Engine/Plugins/Interchange/Assets/Content/Functions/MX_UniformEDF.uexp" 494
"../../../Engine/Plugins/Interchange/Assets/Content/Functions/MX_TranslucentBSDF.uasset" 495
"../../../Engine/Plugins/Interchange/Assets/Content/Functions/MX_TranslucentBSDF.uexp" 496
"../../../Engine/Plugins/Interchange/Assets/Content/Functions/MX_ThinFilmBSDF.uasset" 497
"../../../Engine/Plugins/Interchange/Assets/Content/Functions/MX_ThinFilmBSDF.uexp" 498
"../../../Engine/Plugins/Interchange/Assets/Content/Functions/MX_SurfaceUnlit.uasset" 499
"../../../Engine/Plugins/Interchange/Assets/Content/Functions/MX_SurfaceUnlit.uexp" 500
"../../../Engine/Plugins/Interchange/Assets/Content/Functions/MX_Surface.uasset" 501
"../../../Engine/Plugins/Interchange/Assets/Content/Functions/MX_Surface.uexp" 502
"../../../Engine/Plugins/Interchange/Assets/Content/Functions/MX_SubsurfaceBSDF.uasset" 503
"../../../Engine/Plugins/Interchange/Assets/Content/Functions/MX_SubsurfaceBSDF.uexp" 504
"../../../Engine/Plugins/Interchange/Assets/Content/Functions/MX_SheenBSDF.uasset" 505
"../../../Engine/Plugins/Interchange/Assets/Content/Functions/MX_SheenBSDF.uexp" 506
"../../../Engine/Plugins/Interchange/Assets/Content/Functions/MX_OrenNayarBSDF.uasset" 507
"../../../Engine/Plugins/Interchange/Assets/Content/Functions/MX_OrenNayarBSDF.uexp" 508
"../../../Engine/Plugins/Interchange/Assets/Content/Utilities/New_LUT.uasset" 509
"../../../Engine/Plugins/Interchange/Assets/Content/Utilities/New_LUT.uexp" 510
"../../../Engine/Content/Functions/Engine_MaterialFunctions03/Math/RemapValueRange.uasset" 511
"../../../Engine/Content/Functions/Engine_MaterialFunctions03/Math/RemapValueRange.uexp" 512
"../../../Engine/Plugins/Interchange/Assets/Content/Functions/MF_Iridescence.uasset" 513
"../../../Engine/Plugins/Interchange/Assets/Content/Functions/MF_Iridescence.uexp" 514
"../../../Engine/Plugins/Interchange/Assets/Content/Functions/MX_StandardSurface.uasset" 515
"../../../Engine/Plugins/Interchange/Assets/Content/Functions/MX_StandardSurface.uexp" 516
"../../../Engine/Plugins/Interchange/Assets/Content/Functions/MX_TransmissionSurface.uasset" 517
"../../../Engine/Plugins/Interchange/Assets/Content/Functions/MX_TransmissionSurface.uexp" 518
"../../../Engine/Plugins/Interchange/Assets/Content/Functions/MX_OpenPBR_Translucent.uasset" 519
"../../../Engine/Plugins/Interchange/Assets/Content/Functions/MX_OpenPBR_Translucent.uexp" 520
"../../../Engine/Plugins/Interchange/Assets/Content/Functions/MX_OpenPBR_Opaque.uasset" 521
"../../../Engine/Plugins/Interchange/Assets/Content/Functions/MX_OpenPBR_Opaque.uexp" 522
"../../../Engine/Plugins/Interchange/Assets/Content/Functions/MX_MeasuredEDF.uasset" 523
"../../../Engine/Plugins/Interchange/Assets/Content/Functions/MX_MeasuredEDF.uexp" 524
"../../../Engine/Plugins/Interchange/Assets/Content/Functions/MX_GeneralizedSchlickBSDF.uasset" 525
"../../../Engine/Plugins/Interchange/Assets/Content/Functions/MX_GeneralizedSchlickBSDF.uexp" 526
"../../../Engine/Plugins/Interchange/Assets/Content/Functions/MX_DielectricBSDF.uasset" 527
"../../../Engine/Plugins/Interchange/Assets/Content/Functions/MX_DielectricBSDF.uexp" 528
"../../../Engine/Plugins/Interchange/Assets/Content/Functions/MX_ConicalEDF.uasset" 529
"../../../Engine/Plugins/Interchange/Assets/Content/Functions/MX_ConicalEDF.uexp" 530
"../../../Engine/Plugins/Interchange/Assets/Content/Functions/MX_ConductorBSDF.uasset" 531
"../../../Engine/Plugins/Interchange/Assets/Content/Functions/MX_ConductorBSDF.uexp" 532
"../../../Engine/Plugins/Interchange/Assets/Content/Functions/MX_BurleyDiffuseBSDF.uasset" 533
"../../../Engine/Plugins/Interchange/Assets/Content/Functions/MX_BurleyDiffuseBSDF.uexp" 534
"../../../Engine/Plugins/Interchange/Assets/Content/Functions/MX_AnisotropicVDF.uasset" 535
"../../../Engine/Plugins/Interchange/Assets/Content/Functions/MX_AnisotropicVDF.uexp" 536
"../../../Engine/Plugins/Interchange/Assets/Content/Functions/MX_AbsorptionVDF.uasset" 537
"../../../Engine/Plugins/Interchange/Assets/Content/Functions/MX_AbsorptionVDF.uexp" 538
"../../../Engine/Plugins/Editor/SpeedTreeImporter/Content/SpeedTree9/game_wind_noise.ubulk" 539
"../../../Engine/Plugins/Editor/SpeedTreeImporter/Content/SpeedTree9/game_wind_noise.uasset" 540
"../../../Engine/Plugins/Editor/SpeedTreeImporter/Content/SpeedTree9/game_wind_noise.uexp" 541
"../../../Engine/Plugins/Editor/SpeedTreeImporter/Content/SpeedTree9/UnpackDirection.uasset" 542
"../../../Engine/Plugins/Editor/SpeedTreeImporter/Content/SpeedTree9/UnpackDirection.uexp" 543
"../../../Engine/Content/Functions/Engine_MaterialFunctions02/ObjectLocalBounds.uasset" 544
"../../../Engine/Content/Functions/Engine_MaterialFunctions02/ObjectLocalBounds.uexp" 545
"../../../Engine/Content/Functions/Engine_MaterialFunctions02/Utility/BreakOutFloat3Components.uasset" 546
"../../../Engine/Content/Functions/Engine_MaterialFunctions02/Utility/BreakOutFloat3Components.uexp" 547
"../../../Engine/Content/Functions/Engine_MaterialFunctions02/UVs/BoundingBoxBased_0-1_UVW.uasset" 548
"../../../Engine/Content/Functions/Engine_MaterialFunctions02/UVs/BoundingBoxBased_0-1_UVW.uexp" 549
"../../../Engine/Plugins/Editor/SpeedTreeImporter/Content/SpeedTree9/UnpackInteger3.uasset" 550
"../../../Engine/Plugins/Editor/SpeedTreeImporter/Content/SpeedTree9/UnpackInteger3.uexp" 551
"../../../Engine/Plugins/Editor/SpeedTreeImporter/Content/SpeedTree9/SpeedTreeCameraFacing.uasset" 552
"../../../Engine/Plugins/Editor/SpeedTreeImporter/Content/SpeedTree9/SpeedTreeCameraFacing.uexp" 553
"../../../Engine/Content/Functions/Engine_MaterialFunctions02/WorldPositionOffset/ObjectScale.uasset" 554
"../../../Engine/Content/Functions/Engine_MaterialFunctions02/WorldPositionOffset/ObjectScale.uexp" 555
"../../../Engine/Content/Functions/Engine_MaterialFunctions02/SafeNormalize.uasset" 556
"../../../Engine/Content/Functions/Engine_MaterialFunctions02/SafeNormalize.uexp" 557
"../../../Engine/Plugins/Editor/SpeedTreeImporter/Content/SpeedTree9/SpeedTreeWindMotion.uasset" 558
"../../../Engine/Plugins/Editor/SpeedTreeImporter/Content/SpeedTree9/SpeedTreeWindMotion.uexp" 559
"../../../Engine/Plugins/Editor/SpeedTreeImporter/Content/SpeedTree9/SpeedTreeBranchMotion.uasset" 560
"../../../Engine/Plugins/Editor/SpeedTreeImporter/Content/SpeedTree9/SpeedTreeBranchMotion.uexp" 561
"../../../Engine/Plugins/Editor/SpeedTreeImporter/Content/SpeedTree9/SpeedTreeWind.uasset" 562
"../../../Engine/Plugins/Editor/SpeedTreeImporter/Content/SpeedTree9/SpeedTreeWind.uexp" 563
"../../../Engine/Plugins/Editor/SpeedTreeImporter/Content/SpeedTree9/EmptyNormal.uasset" 564
"../../../Engine/Plugins/Editor/SpeedTreeImporter/Content/SpeedTree9/EmptyNormal.uexp" 565
"../../../Engine/Plugins/Editor/SpeedTreeImporter/Content/SpeedTree9/Empty.uasset" 566
"../../../Engine/Plugins/Editor/SpeedTreeImporter/Content/SpeedTree9/Empty.uexp" 567
"../../../Engine/Plugins/Editor/SpeedTreeImporter/Content/SpeedTree9/SpeedTreeMaster.uasset" 568
"../../../Engine/Plugins/Editor/SpeedTreeImporter/Content/SpeedTree9/SpeedTreeMaster.uexp" 569
"../../../Engine/Plugins/Editor/SpeedTreeImporter/Content/SpeedTree9/SpeedTreeBillboard.uasset" 570
"../../../Engine/Plugins/Editor/SpeedTreeImporter/Content/SpeedTree9/SpeedTreeBillboard.uexp" 571
"../../../Engine/Plugins/Editor/SpeedTreeImporter/Content/SpeedTree9/SpeedTreeBillboardMaster.uasset" 572
"../../../Engine/Plugins/Editor/SpeedTreeImporter/Content/SpeedTree9/SpeedTreeBillboardMaster.uexp" 573
"../../../Engine/Content/Functions/Engine_MaterialFunctions02/WorldPositionOffset/CameraOffset.uasset" 574
"../../../Engine/Content/Functions/Engine_MaterialFunctions02/WorldPositionOffset/CameraOffset.uexp" 575
"../../../Engine/Plugins/Animation/ControlRig/Content/M_Manip.uasset" 576
"../../../Engine/Plugins/Animation/ControlRig/Content/M_Manip.uexp" 577
"../../../Engine/Plugins/Animation/ControlRig/Content/Controls/ControlRig_Wedge_solid.ubulk" 578
"../../../Engine/Plugins/Animation/ControlRig/Content/Controls/ControlRig_Wedge_solid.uasset" 579
"../../../Engine/Plugins/Animation/ControlRig/Content/Controls/ControlRig_Wedge_solid.uexp" 580
"../../../Engine/Plugins/Animation/ControlRig/Content/Controls/ControlRig_Wedge_3mm.ubulk" 581
"../../../Engine/Plugins/Animation/ControlRig/Content/Controls/ControlRig_Wedge_3mm.uasset" 582
"../../../Engine/Plugins/Animation/ControlRig/Content/Controls/ControlRig_Wedge_3mm.uexp" 583
"../../../Engine/Plugins/Animation/ControlRig/Content/Controls/ControlRig_Wedge_1mm.ubulk" 584
"../../../Engine/Plugins/Animation/ControlRig/Content/Controls/ControlRig_Wedge_1mm.uasset" 585
"../../../Engine/Plugins/Animation/ControlRig/Content/Controls/ControlRig_Wedge_1mm.uexp" 586
"../../../Engine/Plugins/Animation/ControlRig/Content/Controls/ControlRig_Triangle_solid.ubulk" 587
"../../../Engine/Plugins/Animation/ControlRig/Content/Controls/ControlRig_Triangle_solid.uasset" 588
"../../../Engine/Plugins/Animation/ControlRig/Content/Controls/ControlRig_Triangle_solid.uexp" 589
"../../../Engine/Plugins/Animation/ControlRig/Content/Controls/ControlRig_Triangle_3mm.ubulk" 590
"../../../Engine/Plugins/Animation/ControlRig/Content/Controls/ControlRig_Triangle_3mm.uasset" 591
"../../../Engine/Plugins/Animation/ControlRig/Content/Controls/ControlRig_Triangle_3mm.uexp" 592
"../../../Engine/Plugins/Animation/ControlRig/Content/Controls/ControlRig_Triangle_1mm.ubulk" 593
"../../../Engine/Plugins/Animation/ControlRig/Content/Controls/ControlRig_Triangle_1mm.uasset" 594
"../../../Engine/Plugins/Animation/ControlRig/Content/Controls/ControlRig_Triangle_1mm.uexp" 595
"../../../Engine/Plugins/Animation/ControlRig/Content/Controls/ControlRig_Star4_solid.ubulk" 596
"../../../Engine/Plugins/Animation/ControlRig/Content/Controls/ControlRig_Star4_solid.uasset" 597
"../../../Engine/Plugins/Animation/ControlRig/Content/Controls/ControlRig_Star4_solid.uexp" 598
"../../../Engine/Plugins/Animation/ControlRig/Content/Controls/ControlRig_Star4_3mm.ubulk" 599
"../../../Engine/Plugins/Animation/ControlRig/Content/Controls/ControlRig_Star4_3mm.uasset" 600
"../../../Engine/Plugins/Animation/ControlRig/Content/Controls/ControlRig_Star4_3mm.uexp" 601
"../../../Engine/Plugins/Animation/ControlRig/Content/Controls/ControlRig_Star4_1mm.ubulk" 602
"../../../Engine/Plugins/Animation/ControlRig/Content/Controls/ControlRig_Star4_1mm.uasset" 603
"../../../Engine/Plugins/Animation/ControlRig/Content/Controls/ControlRig_Star4_1mm.uexp" 604
"../../../Engine/Plugins/Animation/ControlRig/Content/Controls/ControlRig_Square_solid.ubulk" 605
"../../../Engine/Plugins/Animation/ControlRig/Content/Controls/ControlRig_Square_solid.uasset" 606
"../../../Engine/Plugins/Animation/ControlRig/Content/Controls/ControlRig_Square_solid.uexp" 607
"../../../Engine/Plugins/Animation/ControlRig/Content/Controls/ControlRig_Square_3mm.ubulk" 608
"../../../Engine/Plugins/Animation/ControlRig/Content/Controls/ControlRig_Square_3mm.uasset" 609
"../../../Engine/Plugins/Animation/ControlRig/Content/Controls/ControlRig_Square_3mm.uexp" 610
"../../../Engine/Plugins/Animation/ControlRig/Content/Controls/ControlRig_Square_1mm.ubulk" 611
"../../../Engine/Plugins/Animation/ControlRig/Content/Controls/ControlRig_Square_1mm.uasset" 612
"../../../Engine/Plugins/Animation/ControlRig/Content/Controls/ControlRig_Square_1mm.uexp" 613
"../../../Engine/Plugins/Animation/ControlRig/Content/Controls/ControlRig_Sphere_solid.ubulk" 614
"../../../Engine/Plugins/Animation/ControlRig/Content/Controls/ControlRig_Sphere_solid.uasset" 615
"../../../Engine/Plugins/Animation/ControlRig/Content/Controls/ControlRig_Sphere_solid.uexp" 616
"../../../Engine/Plugins/Animation/ControlRig/Content/Controls/ControlRig_Sphere_3mm.ubulk" 617
"../../../Engine/Plugins/Animation/ControlRig/Content/Controls/ControlRig_Sphere_3mm.uasset" 618
"../../../Engine/Plugins/Animation/ControlRig/Content/Controls/ControlRig_Sphere_3mm.uexp" 619
"../../../Engine/Plugins/Animation/ControlRig/Content/Controls/ControlRig_Sphere_1mm.ubulk" 620
"../../../Engine/Plugins/Animation/ControlRig/Content/Controls/ControlRig_Sphere_1mm.uasset" 621
"../../../Engine/Plugins/Animation/ControlRig/Content/Controls/ControlRig_Sphere_1mm.uexp" 622
"../../../Engine/Plugins/Animation/ControlRig/Content/Controls/ControlRig_RoundedTriangle_solid.ubulk" 623
"../../../Engine/Plugins/Animation/ControlRig/Content/Controls/ControlRig_RoundedTriangle_solid.uasset" 624
"../../../Engine/Plugins/Animation/ControlRig/Content/Controls/ControlRig_RoundedTriangle_solid.uexp" 625
"../../../Engine/Plugins/Animation/ControlRig/Content/Controls/ControlRig_RoundedTriangle_3mm.ubulk" 626
"../../../Engine/Plugins/Animation/ControlRig/Content/Controls/ControlRig_RoundedTriangle_3mm.uasset" 627
"../../../Engine/Plugins/Animation/ControlRig/Content/Controls/ControlRig_RoundedTriangle_3mm.uexp" 628
"../../../Engine/Plugins/Animation/ControlRig/Content/Controls/ControlRig_RoundedTriangle_1mm.ubulk" 629
"../../../Engine/Plugins/Animation/ControlRig/Content/Controls/ControlRig_RoundedTriangle_1mm.uasset" 630
"../../../Engine/Plugins/Animation/ControlRig/Content/Controls/ControlRig_RoundedTriangle_1mm.uexp" 631
"../../../Engine/Plugins/Animation/ControlRig/Content/Controls/ControlRig_RoundedSquare_solid.ubulk" 632
"../../../Engine/Plugins/Animation/ControlRig/Content/Controls/ControlRig_RoundedSquare_solid.uasset" 633
"../../../Engine/Plugins/Animation/ControlRig/Content/Controls/ControlRig_RoundedSquare_solid.uexp" 634
"../../../Engine/Plugins/Animation/ControlRig/Content/Controls/ControlRig_RoundedSquare_3mm.ubulk" 635
"../../../Engine/Plugins/Animation/ControlRig/Content/Controls/ControlRig_RoundedSquare_3mm.uasset" 636
"../../../Engine/Plugins/Animation/ControlRig/Content/Controls/ControlRig_RoundedSquare_3mm.uexp" 637
"../../../Engine/Plugins/Animation/ControlRig/Content/Controls/ControlRig_RoundedSquare_1mm.ubulk" 638
"../../../Engine/Plugins/Animation/ControlRig/Content/Controls/ControlRig_RoundedSquare_1mm.uasset" 639
"../../../Engine/Plugins/Animation/ControlRig/Content/Controls/ControlRig_RoundedSquare_1mm.uexp" 640
"../../../Engine/Plugins/Animation/ControlRig/Content/Controls/ControlRig_QuarterCircle_solid.ubulk" 641
"../../../Engine/Plugins/Animation/ControlRig/Content/Controls/ControlRig_QuarterCircle_solid.uasset" 642
"../../../Engine/Plugins/Animation/ControlRig/Content/Controls/ControlRig_QuarterCircle_solid.uexp" 643
"../../../Engine/Plugins/Animation/ControlRig/Content/Controls/ControlRig_QuarterCircle_3mm.ubulk" 644
"../../../Engine/Plugins/Animation/ControlRig/Content/Controls/ControlRig_QuarterCircle_3mm.uasset" 645
"../../../Engine/Plugins/Animation/ControlRig/Content/Controls/ControlRig_QuarterCircle_3mm.uexp" 646
"../../../Engine/Plugins/Animation/ControlRig/Content/Controls/ControlRig_QuarterCircle_1mm.ubulk" 647
"../../../Engine/Plugins/Animation/ControlRig/Content/Controls/ControlRig_QuarterCircle_1mm.uasset" 648
"../../../Engine/Plugins/Animation/ControlRig/Content/Controls/ControlRig_QuarterCircle_1mm.uexp" 649
"../../../Engine/Plugins/Animation/ControlRig/Content/Controls/ControlRig_Pyramid_solid.ubulk" 650
"../../../Engine/Plugins/Animation/ControlRig/Content/Controls/ControlRig_Pyramid_solid.uasset" 651
"../../../Engine/Plugins/Animation/ControlRig/Content/Controls/ControlRig_Pyramid_solid.uexp" 652
"../../../Engine/Plugins/Animation/ControlRig/Content/Controls/ControlRig_Pyramid_3mm.ubulk" 653
"../../../Engine/Plugins/Animation/ControlRig/Content/Controls/ControlRig_Pyramid_3mm.uasset" 654
"../../../Engine/Plugins/Animation/ControlRig/Content/Controls/ControlRig_Pyramid_3mm.uexp" 655
"../../../Engine/Plugins/Animation/ControlRig/Content/Controls/ControlRig_Pyramid_1mm.ubulk" 656
"../../../Engine/Plugins/Animation/ControlRig/Content/Controls/ControlRig_Pyramid_1mm.uasset" 657
"../../../Engine/Plugins/Animation/ControlRig/Content/Controls/ControlRig_Pyramid_1mm.uexp" 658
"../../../Engine/Plugins/Animation/ControlRig/Content/Controls/ControlRig_Octagon_solid.ubulk" 659
"../../../Engine/Plugins/Animation/ControlRig/Content/Controls/ControlRig_Octagon_solid.uasset" 660
"../../../Engine/Plugins/Animation/ControlRig/Content/Controls/ControlRig_Octagon_solid.uexp" 661
"../../../Engine/Plugins/Animation/ControlRig/Content/Controls/ControlRig_Octagon_3mm.ubulk" 662
"../../../Engine/Plugins/Animation/ControlRig/Content/Controls/ControlRig_Octagon_3mm.uasset" 663
"../../../Engine/Plugins/Animation/ControlRig/Content/Controls/ControlRig_Octagon_3mm.uexp" 664
"../../../Engine/Plugins/Animation/ControlRig/Content/Controls/ControlRig_Octagon_1mm.ubulk" 665
"../../../Engine/Plugins/Animation/ControlRig/Content/Controls/ControlRig_Octagon_1mm.uasset" 666
"../../../Engine/Plugins/Animation/ControlRig/Content/Controls/ControlRig_Octagon_1mm.uexp" 667
"../../../Engine/Plugins/Animation/ControlRig/Content/Controls/ControlRig_Hexagon_solid.ubulk" 668
"../../../Engine/Plugins/Animation/ControlRig/Content/Controls/ControlRig_Hexagon_solid.uasset" 669
"../../../Engine/Plugins/Animation/ControlRig/Content/Controls/ControlRig_Hexagon_solid.uexp" 670
"../../../Engine/Plugins/Animation/ControlRig/Content/Controls/ControlRig_Hexagon_3mm.ubulk" 671
"../../../Engine/Plugins/Animation/ControlRig/Content/Controls/ControlRig_Hexagon_3mm.uasset" 672
"../../../Engine/Plugins/Animation/ControlRig/Content/Controls/ControlRig_Hexagon_3mm.uexp" 673
"../../../Engine/Plugins/Animation/ControlRig/Content/Controls/ControlRig_Hexagon_1mm.ubulk" 674
"../../../Engine/Plugins/Animation/ControlRig/Content/Controls/ControlRig_Hexagon_1mm.uasset" 675
"../../../Engine/Plugins/Animation/ControlRig/Content/Controls/ControlRig_Hexagon_1mm.uexp" 676
"../../../Engine/Plugins/Animation/ControlRig/Content/Controls/ControlRig_HalfCircle_solid.ubulk" 677
"../../../Engine/Plugins/Animation/ControlRig/Content/Controls/ControlRig_HalfCircle_solid.uasset" 678
"../../../Engine/Plugins/Animation/ControlRig/Content/Controls/ControlRig_HalfCircle_solid.uexp" 679
"../../../Engine/Plugins/Animation/ControlRig/Content/Controls/ControlRig_HalfCircle_3mm.ubulk" 680
"../../../Engine/Plugins/Animation/ControlRig/Content/Controls/ControlRig_HalfCircle_3mm.uasset" 681
"../../../Engine/Plugins/Animation/ControlRig/Content/Controls/ControlRig_HalfCircle_3mm.uexp" 682
"../../../Engine/Plugins/Animation/ControlRig/Content/Controls/ControlRig_HalfCircle_1mm.ubulk" 683
"../../../Engine/Plugins/Animation/ControlRig/Content/Controls/ControlRig_HalfCircle_1mm.uasset" 684
"../../../Engine/Plugins/Animation/ControlRig/Content/Controls/ControlRig_HalfCircle_1mm.uexp" 685
"../../../Engine/Plugins/Animation/ControlRig/Content/Controls/ControlRig_Diamond_solid.ubulk" 686
"../../../Engine/Plugins/Animation/ControlRig/Content/Controls/ControlRig_Diamond_solid.uasset" 687
"../../../Engine/Plugins/Animation/ControlRig/Content/Controls/ControlRig_Diamond_solid.uexp" 688
"../../../Engine/Plugins/Animation/ControlRig/Content/Controls/ControlRig_Diamond_3mm.ubulk" 689
"../../../Engine/Plugins/Animation/ControlRig/Content/Controls/ControlRig_Diamond_3mm.uasset" 690
"../../../Engine/Plugins/Animation/ControlRig/Content/Controls/ControlRig_Diamond_3mm.uexp" 691
"../../../Engine/Plugins/Animation/ControlRig/Content/Controls/ControlRig_Diamond_1mm.ubulk" 692
"../../../Engine/Plugins/Animation/ControlRig/Content/Controls/ControlRig_Diamond_1mm.uasset" 693
"../../../Engine/Plugins/Animation/ControlRig/Content/Controls/ControlRig_Diamond_1mm.uexp" 694
"../../../Engine/Plugins/Animation/ControlRig/Content/Controls/ControlRig_Circle_solid.ubulk" 695
"../../../Engine/Plugins/Animation/ControlRig/Content/Controls/ControlRig_Circle_solid.uasset" 696
"../../../Engine/Plugins/Animation/ControlRig/Content/Controls/ControlRig_Circle_solid.uexp" 697
"../../../Engine/Plugins/Animation/ControlRig/Content/Controls/ControlRig_Circle_3mm.ubulk" 698
"../../../Engine/Plugins/Animation/ControlRig/Content/Controls/ControlRig_Circle_3mm.uasset" 699
"../../../Engine/Plugins/Animation/ControlRig/Content/Controls/ControlRig_Circle_3mm.uexp" 700
"../../../Engine/Plugins/Animation/ControlRig/Content/Controls/ControlRig_Circle_1mm.ubulk" 701
"../../../Engine/Plugins/Animation/ControlRig/Content/Controls/ControlRig_Circle_1mm.uasset" 702
"../../../Engine/Plugins/Animation/ControlRig/Content/Controls/ControlRig_Circle_1mm.uexp" 703
"../../../Engine/Plugins/Animation/ControlRig/Content/Controls/ControlRig_Box_solid.ubulk" 704
"../../../Engine/Plugins/Animation/ControlRig/Content/Controls/ControlRig_Box_solid.uasset" 705
"../../../Engine/Plugins/Animation/ControlRig/Content/Controls/ControlRig_Box_solid.uexp" 706
"../../../Engine/Plugins/Animation/ControlRig/Content/Controls/ControlRig_Box_3mm.ubulk" 707
"../../../Engine/Plugins/Animation/ControlRig/Content/Controls/ControlRig_Box_3mm.uasset" 708
"../../../Engine/Plugins/Animation/ControlRig/Content/Controls/ControlRig_Box_3mm.uexp" 709
"../../../Engine/Plugins/Animation/ControlRig/Content/Controls/ControlRig_Box_1mm.ubulk" 710
"../../../Engine/Plugins/Animation/ControlRig/Content/Controls/ControlRig_Box_1mm.uasset" 711
"../../../Engine/Plugins/Animation/ControlRig/Content/Controls/ControlRig_Box_1mm.uexp" 712
"../../../Engine/Plugins/Animation/ControlRig/Content/Controls/ControlRig_Arrow_solid.ubulk" 713
"../../../Engine/Plugins/Animation/ControlRig/Content/Controls/ControlRig_Arrow_solid.uasset" 714
"../../../Engine/Plugins/Animation/ControlRig/Content/Controls/ControlRig_Arrow_solid.uexp" 715
"../../../Engine/Plugins/Animation/ControlRig/Content/Controls/ControlRig_Arrow_3mm.ubulk" 716
"../../../Engine/Plugins/Animation/ControlRig/Content/Controls/ControlRig_Arrow_3mm.uasset" 717
"../../../Engine/Plugins/Animation/ControlRig/Content/Controls/ControlRig_Arrow_3mm.uexp" 718
"../../../Engine/Plugins/Animation/ControlRig/Content/Controls/ControlRig_Arrow_1mm.ubulk" 719
"../../../Engine/Plugins/Animation/ControlRig/Content/Controls/ControlRig_Arrow_1mm.uasset" 720
"../../../Engine/Plugins/Animation/ControlRig/Content/Controls/ControlRig_Arrow_1mm.uexp" 721
"../../../Engine/Plugins/Animation/ControlRig/Content/Controls/ControlRig_Arrow4_solid.ubulk" 722
"../../../Engine/Plugins/Animation/ControlRig/Content/Controls/ControlRig_Arrow4_solid.uasset" 723
"../../../Engine/Plugins/Animation/ControlRig/Content/Controls/ControlRig_Arrow4_solid.uexp" 724
"../../../Engine/Plugins/Animation/ControlRig/Content/Controls/ControlRig_Arrow4_3mm.ubulk" 725
"../../../Engine/Plugins/Animation/ControlRig/Content/Controls/ControlRig_Arrow4_3mm.uasset" 726
"../../../Engine/Plugins/Animation/ControlRig/Content/Controls/ControlRig_Arrow4_3mm.uexp" 727
"../../../Engine/Plugins/Animation/ControlRig/Content/Controls/ControlRig_Arrow4_1mm.ubulk" 728
"../../../Engine/Plugins/Animation/ControlRig/Content/Controls/ControlRig_Arrow4_1mm.uasset" 729
"../../../Engine/Plugins/Animation/ControlRig/Content/Controls/ControlRig_Arrow4_1mm.uexp" 730
"../../../Engine/Plugins/Animation/ControlRig/Content/Controls/ControlRig_Arrow2_solid.ubulk" 731
"../../../Engine/Plugins/Animation/ControlRig/Content/Controls/ControlRig_Arrow2_solid.uasset" 732
"../../../Engine/Plugins/Animation/ControlRig/Content/Controls/ControlRig_Arrow2_solid.uexp" 733
"../../../Engine/Plugins/Animation/ControlRig/Content/Controls/ControlRig_Arrow2_3mm.ubulk" 734
"../../../Engine/Plugins/Animation/ControlRig/Content/Controls/ControlRig_Arrow2_3mm.uasset" 735
"../../../Engine/Plugins/Animation/ControlRig/Content/Controls/ControlRig_Arrow2_3mm.uexp" 736
"../../../Engine/Plugins/Animation/ControlRig/Content/Controls/ControlRig_Arrow2_1mm.ubulk" 737
"../../../Engine/Plugins/Animation/ControlRig/Content/Controls/ControlRig_Arrow2_1mm.uasset" 738
"../../../Engine/Plugins/Animation/ControlRig/Content/Controls/ControlRig_Arrow2_1mm.uexp" 739
"../../../Engine/Plugins/Animation/ControlRig/Content/Controls/ControlRigXRayMaterial.uasset" 740
"../../../Engine/Plugins/Animation/ControlRig/Content/Controls/ControlRigXRayMaterial.uexp" 741
"../../../Engine/Plugins/Animation/ControlRig/Content/Controls/ControlRigGizmoMaterial.uasset" 742
"../../../Engine/Plugins/Animation/ControlRig/Content/Controls/ControlRigGizmoMaterial.uexp" 743
"../../../Engine/Plugins/2D/Paper2D/Content/DefaultSpriteMaterial.uasset" 744
"../../../Engine/Plugins/2D/Paper2D/Content/DefaultSpriteMaterial.uexp" 745
"../../../Engine/Plugins/2D/Paper2D/Content/OpaqueUnlitSpriteMaterial.uasset" 746
"../../../Engine/Plugins/2D/Paper2D/Content/OpaqueUnlitSpriteMaterial.uexp" 747
"../../../Engine/Plugins/2D/Paper2D/Content/MaskedUnlitSpriteMaterial.uasset" 748
"../../../Engine/Plugins/2D/Paper2D/Content/MaskedUnlitSpriteMaterial.uexp" 749
"../../../Engine/Content/EngineResources/WhiteSquareTexture.uasset" 750
"../../../Engine/Content/EngineResources/WhiteSquareTexture.uexp" 751
"../../../Engine/Content/EngineMaterials/Widget3DPassThrough.uasset" 752
"../../../Engine/Content/EngineMaterials/Widget3DPassThrough.uexp" 753
"../../../Engine/Content/EngineMaterials/Widget3DPassThrough_Translucent.uasset" 754
"../../../Engine/Content/EngineMaterials/Widget3DPassThrough_Translucent.uexp" 755
"../../../Engine/Content/EngineMaterials/Widget3DPassThrough_Translucent_OneSided.uasset" 756
"../../../Engine/Content/EngineMaterials/Widget3DPassThrough_Translucent_OneSided.uexp" 757
"../../../Engine/Content/EngineMaterials/Widget3DPassThrough_Opaque.uasset" 758
"../../../Engine/Content/EngineMaterials/Widget3DPassThrough_Opaque.uexp" 759
"../../../Engine/Content/EngineMaterials/Widget3DPassThrough_Opaque_OneSided.uasset" 760
"../../../Engine/Content/EngineMaterials/Widget3DPassThrough_Opaque_OneSided.uexp" 761
"../../../Engine/Content/EngineMaterials/Widget3DPassThrough_Masked_OneSided.uasset" 762
"../../../Engine/Content/EngineMaterials/Widget3DPassThrough_Masked_OneSided.uexp" 763
"../../../Engine/Content/EngineMaterials/Widget3DPassThrough_Masked.uasset" 764
"../../../Engine/Content/EngineMaterials/Widget3DPassThrough_Masked.uexp" 765
"../../../Engine/Content/EngineMaterials/WeightMapPlaceholderTexture.uasset" 766
"../../../Engine/Content/EngineMaterials/WeightMapPlaceholderTexture.uexp" 767
"../../../Engine/Content/EngineMaterials/WeightMapArrayPlaceholderTexture.uasset" 768
"../../../Engine/Content/EngineMaterials/WeightMapArrayPlaceholderTexture.uexp" 769
"../../../Engine/Content/EngineMaterials/RemoveSurfaceMaterial.uasset" 770
"../../../Engine/Content/EngineMaterials/RemoveSurfaceMaterial.uexp" 771
"../../../Engine/Content/EngineMaterials/DefaultCalibrationGrayscale.uasset" 772
"../../../Engine/Content/EngineMaterials/DefaultCalibrationGrayscale.uexp" 773
"../../../Engine/Content/EngineMaterials/PPM_DefaultCalibrationGrayscale.uasset" 774
"../../../Engine/Content/EngineMaterials/PPM_DefaultCalibrationGrayscale.uexp" 775
"../../../Engine/Content/EngineMaterials/DefaultCalibrationColor.uasset" 776
"../../../Engine/Content/EngineMaterials/DefaultCalibrationColor.uexp" 777
"../../../Engine/Content/EngineMaterials/PPM_DefaultCalibrationColor.uasset" 778
"../../../Engine/Content/EngineMaterials/PPM_DefaultCalibrationColor.uexp" 779
"../../../Engine/Content/EngineMaterials/PhAT_JointLimitMaterial.uasset" 780
"../../../Engine/Content/EngineMaterials/PhAT_JointLimitMaterial.uexp" 781
"../../../Engine/Content/EngineMaterials/NaniteHiddenSectionMaterial.uasset" 782
"../../../Engine/Content/EngineMaterials/NaniteHiddenSectionMaterial.uexp" 783
"../../../Engine/Content/EngineMaterials/InvalidLightmapSettings.ubulk" 784
"../../../Engine/Content/EngineMaterials/InvalidLightmapSettings.uasset" 785
"../../../Engine/Content/EngineMaterials/InvalidLightmapSettings.uexp" 786
"../../../Engine/Content/EngineMaterials/M_InvalidLightmapSettings.uasset" 787
"../../../Engine/Content/EngineMaterials/M_InvalidLightmapSettings.uexp" 788
"../../../Engine/Content/EngineMaterials/GizmoMaterial.uasset" 789
"../../../Engine/Content/EngineMaterials/GizmoMaterial.uexp" 790
"../../../Engine/Content/EngineMaterials/BaseFlattenEmissiveMap_VT.uasset" 791
"../../../Engine/Content/EngineMaterials/BaseFlattenEmissiveMap_VT.uexp" 792
"../../../Engine/Content/EngineMaterials/BaseFlattenGrayscaleMap_VT.uasset" 793
"../../../Engine/Content/EngineMaterials/BaseFlattenGrayscaleMap_VT.uexp" 794
"../../../Engine/Content/EngineMaterials/BaseFlattenLinearColor_VT.uasset" 795
"../../../Engine/Content/EngineMaterials/BaseFlattenLinearColor_VT.uexp" 796
"../../../Engine/Content/EngineMaterials/Black_1x1_EXR_Texture_VT.uasset" 797
"../../../Engine/Content/EngineMaterials/Black_1x1_EXR_Texture_VT.uexp" 798
"../../../Engine/Content/EngineMaterials/BaseFlattenDiffuseMap_VT.uasset" 799
"../../../Engine/Content/EngineMaterials/BaseFlattenDiffuseMap_VT.uexp" 800
"../../../Engine/Content/EngineMaterials/BaseFlattenNormalMap_VT.uasset" 801
"../../../Engine/Content/EngineMaterials/BaseFlattenNormalMap_VT.uexp" 802
"../../../Engine/Content/EngineMaterials/FlattenMaterial_WS_Normal_VT.uasset" 803
"../../../Engine/Content/EngineMaterials/FlattenMaterial_WS_Normal_VT.uexp" 804
"../../../Engine/Content/EngineMaterials/FlattenMaterial_VT.uasset" 805
"../../../Engine/Content/EngineMaterials/FlattenMaterial_VT.uexp" 806
"../../../Engine/Content/EngineMaterials/BaseFlattenNormalMap.uasset" 807
"../../../Engine/Content/EngineMaterials/BaseFlattenNormalMap.uexp" 808
"../../../Engine/Content/EngineMaterials/BaseFlattenGrayscaleMap.uasset" 809
"../../../Engine/Content/EngineMaterials/BaseFlattenGrayscaleMap.uexp" 810
"../../../Engine/Content/EngineMaterials/BaseFlattenDiffuseMap.uasset" 811
"../../../Engine/Content/EngineMaterials/BaseFlattenDiffuseMap.uexp" 812
"../../../Engine/Content/Functions/Engine_MaterialFunctions02/PivotPainter2/Black_1x1_EXR_Texture.uasset" 813
"../../../Engine/Content/Functions/Engine_MaterialFunctions02/PivotPainter2/Black_1x1_EXR_Texture.uexp" 814
"../../../Engine/Content/EngineMaterials/BaseFlattenEmissiveMap.uasset" 815
"../../../Engine/Content/EngineMaterials/BaseFlattenEmissiveMap.uexp" 816
"../../../Engine/Content/EngineMaterials/BaseFlattenLinearColor.uasset" 817
"../../../Engine/Content/EngineMaterials/BaseFlattenLinearColor.uexp" 818
"../../../Engine/Content/EngineMaterials/FlattenMaterial.uasset" 819
"../../../Engine/Content/EngineMaterials/FlattenMaterial.uexp" 820
"../../../Engine/Content/EngineMaterials/DefaultWhiteGrid_Low.uasset" 821
"../../../Engine/Content/EngineMaterials/DefaultWhiteGrid_Low.uexp" 822
"../../../Engine/Content/EngineMaterials/EmissiveMeshMaterial.uasset" 823
"../../../Engine/Content/EngineMaterials/EmissiveMeshMaterial.uexp" 824
"../../../Engine/Content/EngineFonts/RobotoDistanceField.uasset" 825
"../../../Engine/Content/EngineFonts/RobotoDistanceField.uexp" 826
"../../../Engine/Content/EngineMaterials/DefaultTextMaterialOpaque.uasset" 827
"../../../Engine/Content/EngineMaterials/DefaultTextMaterialOpaque.uexp" 828
"../../../Engine/Content/EngineMaterials/DefaultDiffuse.ubulk" 829
"../../../Engine/Content/EngineMaterials/DefaultDiffuse.uasset" 830
"../../../Engine/Content/EngineMaterials/DefaultDiffuse.uexp" 831
"../../../Engine/Content/EngineMaterials/DefaultPostProcessMaterial.uasset" 832
"../../../Engine/Content/EngineMaterials/DefaultPostProcessMaterial.uexp" 833
"../../../Engine/Content/EngineMaterials/DefaultLightFunctionMaterial.uasset" 834
"../../../Engine/Content/EngineMaterials/DefaultLightFunctionMaterial.uexp" 835
"../../../Engine/Content/EngineMaterials/DefaultDeferredDecalMaterial.uasset" 836
"../../../Engine/Content/EngineMaterials/DefaultDeferredDecalMaterial.uexp" 837
"../../../Engine/Content/EngineDebugMaterials/VolumeToRender.uasset" 838
"../../../Engine/Content/EngineDebugMaterials/VolumeToRender.uexp" 839
"../../../Engine/Content/EngineDebugMaterials/M_VolumeRenderSphereTracePP.uasset" 840
"../../../Engine/Content/EngineDebugMaterials/M_VolumeRenderSphereTracePP.uexp" 841
"../../../Engine/Content/EngineDebugMaterials/M_SimpleUnlitTranslucent.uasset" 842
"../../../Engine/Content/EngineDebugMaterials/M_SimpleUnlitTranslucent.uexp" 843
"../../../Engine/Content/EngineDebugMaterials/DebugMeshMaterial.uasset" 844
"../../../Engine/Content/EngineDebugMaterials/DebugMeshMaterial.uexp" 845
"../../../Engine/Content/EngineDebugMaterials/DebugEditorMaterial.uasset" 846
"../../../Engine/Content/EngineDebugMaterials/DebugEditorMaterial.uexp" 847
"../../../Engine/Content/EditorMaterials/PreviewShadowIndicator.ubulk" 848
"../../../Engine/Content/EditorMaterials/PreviewShadowIndicator.uasset" 849
"../../../Engine/Content/EditorMaterials/PreviewShadowIndicator.uexp" 850
"../../../Engine/Content/EditorMaterials/PreviewShadowIndicatorMaterial.uasset" 851
"../../../Engine/Content/EditorMaterials/PreviewShadowIndicatorMaterial.uexp" 852
"../../../Engine/Content/EditorMaterials/PhAT_UnselectedMaterial.uasset" 853
"../../../Engine/Content/EditorMaterials/PhAT_UnselectedMaterial.uexp" 854
"../../../Engine/Content/EditorMaterials/PhAT_NoCollisionMaterial.uasset" 855
"../../../Engine/Content/EditorMaterials/PhAT_NoCollisionMaterial.uexp" 856
"../../../Engine/Content/EditorLandscapeResources/SplineEditorMeshMat.uasset" 857
"../../../Engine/Content/EditorLandscapeResources/SplineEditorMeshMat.uexp" 858
"../../../Engine/Content/EditorLandscapeResources/SplineEditorMesh.ubulk" 859
"../../../Engine/Content/EditorLandscapeResources/SplineEditorMesh.uasset" 860
"../../../Engine/Content/EditorLandscapeResources/SplineEditorMesh.uexp" 861
"../../../Engine/Content/BasicShapes/Plane.ubulk" 862
"../../../Engine/Content/BasicShapes/Plane.uasset" 863
"../../../Engine/Content/BasicShapes/Plane.uexp" 864
"../../../Engine/Content/BasicShapes/Cube.ubulk" 865
"../../../Engine/Content/BasicShapes/Cube.uasset" 866
"../../../Engine/Content/BasicShapes/Cube.uexp" 867
"../../../Engine/Content/BasicShapes/Cone.ubulk" 868
"../../../Engine/Content/BasicShapes/Cone.uasset" 869
"../../../Engine/Content/BasicShapes/Cone.uexp" 870
"../../../Engine/Content/EngineResources/Black.uasset" 871
"../../../Engine/Content/EngineResources/Black.uexp" 872
"../../../Engine/Plugins/Runtime/OpenXR/Content/Devices/M_XRController.uasset" 873
"../../../Engine/Plugins/Runtime/OpenXR/Content/Devices/M_XRController.uexp" 874
"../../../Engine/Plugins/Runtime/OpenXR/Content/Devices/OculusGo/BaseTexture.ubulk" 875
"../../../Engine/Plugins/Runtime/OpenXR/Content/Devices/OculusGo/BaseTexture.uasset" 876
"../../../Engine/Plugins/Runtime/OpenXR/Content/Devices/OculusGo/BaseTexture.uexp" 877
"../../../Engine/Plugins/Runtime/OpenXR/Content/Devices/OculusGo/MI_OculusGo.uasset" 878
"../../../Engine/Plugins/Runtime/OpenXR/Content/Devices/OculusGo/MI_OculusGo.uexp" 879
"../../../Engine/Plugins/Runtime/OpenXR/Content/Devices/OculusGo/OculusGoController.ubulk" 880
"../../../Engine/Plugins/Runtime/OpenXR/Content/Devices/OculusGo/OculusGoController.uasset" 881
"../../../Engine/Plugins/Runtime/OpenXR/Content/Devices/OculusGo/OculusGoController.uexp" 882
"../../../Engine/Plugins/Runtime/OpenXR/Content/Devices/HTCVive/BaseTexture.ubulk" 883
"../../../Engine/Plugins/Runtime/OpenXR/Content/Devices/HTCVive/BaseTexture.uasset" 884
"../../../Engine/Plugins/Runtime/OpenXR/Content/Devices/HTCVive/BaseTexture.uexp" 885
"../../../Engine/Plugins/Runtime/OpenXR/Content/Devices/HTCVive/MI_HTCVive.uasset" 886
"../../../Engine/Plugins/Runtime/OpenXR/Content/Devices/HTCVive/MI_HTCVive.uexp" 887
"../../../Engine/Plugins/Runtime/OpenXR/Content/Devices/HTCVive/HTCViveController.ubulk" 888
"../../../Engine/Plugins/Runtime/OpenXR/Content/Devices/HTCVive/HTCViveController.uasset" 889
"../../../Engine/Plugins/Runtime/OpenXR/Content/Devices/HTCVive/HTCViveController.uexp" 890
"../../../Engine/Plugins/Interchange/Assets/Content/gltf/Textures/T_White_srgb.uasset" 891
"../../../Engine/Plugins/Interchange/Assets/Content/gltf/Textures/T_White_srgb.uexp" 892
"../../../Engine/Plugins/Interchange/Assets/Content/gltf/MaterialFunctions/MF_BaseColor.uasset" 893
"../../../Engine/Plugins/Interchange/Assets/Content/gltf/MaterialFunctions/MF_BaseColor.uexp" 894
"../../../Engine/Plugins/Interchange/Assets/Content/gltf/MaterialFunctions/MF_RotateV2.uasset" 895
"../../../Engine/Plugins/Interchange/Assets/Content/gltf/MaterialFunctions/MF_RotateV2.uexp" 896
"../../../Engine/Plugins/Interchange/Assets/Content/gltf/MaterialFunctions/MF_TransformUVs.uasset" 897
"../../../Engine/Plugins/Interchange/Assets/Content/gltf/MaterialFunctions/MF_TransformUVs.uexp" 898
"../../../Engine/Plugins/Interchange/Assets/Content/gltf/MaterialBodies/MF_Unlit_Body.uasset" 899
"../../../Engine/Plugins/Interchange/Assets/Content/gltf/MaterialBodies/MF_Unlit_Body.uexp" 900
"../../../Engine/Plugins/Interchange/Assets/Content/gltf/M_Unlit.uasset" 901
"../../../Engine/Plugins/Interchange/Assets/Content/gltf/M_Unlit.uexp" 902
"../../../Engine/Plugins/Interchange/Assets/Content/gltf/MaterialInstances/MI_Unlit_Opaque_DS.uasset" 903
"../../../Engine/Plugins/Interchange/Assets/Content/gltf/MaterialInstances/MI_Unlit_Opaque_DS.uexp" 904
"../../../Engine/Plugins/Interchange/Assets/Content/gltf/MaterialInstances/MI_Unlit_Opaque.uasset" 905
"../../../Engine/Plugins/Interchange/Assets/Content/gltf/MaterialInstances/MI_Unlit_Opaque.uexp" 906
"../../../Engine/Plugins/Interchange/Assets/Content/gltf/MaterialInstances/MI_Unlit_Mask_DS.uasset" 907
"../../../Engine/Plugins/Interchange/Assets/Content/gltf/MaterialInstances/MI_Unlit_Mask_DS.uexp" 908
"../../../Engine/Plugins/Interchange/Assets/Content/gltf/MaterialInstances/MI_Unlit_Mask.uasset" 909
"../../../Engine/Plugins/Interchange/Assets/Content/gltf/MaterialInstances/MI_Unlit_Mask.uexp" 910
"../../../Engine/Plugins/Interchange/Assets/Content/gltf/MaterialInstances/MI_Unlit_Blend_DS.uasset" 911
"../../../Engine/Plugins/Interchange/Assets/Content/gltf/MaterialInstances/MI_Unlit_Blend_DS.uexp" 912
"../../../Engine/Plugins/Interchange/Assets/Content/gltf/MaterialInstances/MI_Unlit_Blend.uasset" 913
"../../../Engine/Plugins/Interchange/Assets/Content/gltf/MaterialInstances/MI_Unlit_Blend.uexp" 914
"../../../Engine/Content/Functions/Engine_MaterialFunctions02/Math/Transform3x3Matrix.uasset" 915
"../../../Engine/Content/Functions/Engine_MaterialFunctions02/Math/Transform3x3Matrix.uexp" 916
"../../../Engine/Content/Functions/Engine_MaterialFunctions02/Texturing/ScreenAlignedPixelToPixelUVs.uasset" 917
"../../../Engine/Content/Functions/Engine_MaterialFunctions02/Texturing/ScreenAlignedPixelToPixelUVs.uexp" 918
"../../../Engine/Plugins/Interchange/Assets/Content/gltf/MaterialFunctions/MF_Temporal_Blur.uasset" 919
"../../../Engine/Plugins/Interchange/Assets/Content/gltf/MaterialFunctions/MF_Temporal_Blur.uexp" 920
"../../../Engine/Plugins/Interchange/Assets/Content/gltf/MaterialFunctions/MF_Specular.uasset" 921
"../../../Engine/Plugins/Interchange/Assets/Content/gltf/MaterialFunctions/MF_Specular.uexp" 922
"../../../Engine/Plugins/Interchange/Assets/Content/gltf/Textures/T_Anisotropy_Direction_Linear.uasset" 923
"../../../Engine/Plugins/Interchange/Assets/Content/gltf/Textures/T_Anisotropy_Direction_Linear.uexp" 924
"../../../Engine/Plugins/Interchange/Assets/Content/gltf/MaterialFunctions/MF_SpecularAnisotropy.uasset" 925
"../../../Engine/Plugins/Interchange/Assets/Content/gltf/MaterialFunctions/MF_SpecularAnisotropy.uexp" 926
"../../../Engine/Plugins/Interchange/Assets/Content/gltf/Textures/T_White_Linear.uasset" 927
"../../../Engine/Plugins/Interchange/Assets/Content/gltf/Textures/T_White_Linear.uexp" 928
"../../../Engine/Plugins/Interchange/Assets/Content/gltf/MaterialFunctions/MF_MetallicRoughness.uasset" 929
"../../../Engine/Plugins/Interchange/Assets/Content/gltf/MaterialFunctions/MF_MetallicRoughness.uexp" 930
"../../../Engine/Plugins/Interchange/Assets/Content/gltf/Textures/T_Generic_N.uasset" 931
"../../../Engine/Plugins/Interchange/Assets/Content/gltf/Textures/T_Generic_N.uexp" 932
"../../../Engine/Plugins/Interchange/Assets/Content/gltf/MaterialFunctions/MF_ScaleNormal.uasset" 933
"../../../Engine/Plugins/Interchange/Assets/Content/gltf/MaterialFunctions/MF_ScaleNormal.uexp" 934
"../../../Engine/Plugins/Interchange/Assets/Content/gltf/MaterialFunctions/MF_Fresnel_DS.uasset" 935
"../../../Engine/Plugins/Interchange/Assets/Content/gltf/MaterialFunctions/MF_Fresnel_DS.uexp" 936
"../../../Engine/Plugins/Interchange/Assets/Content/gltf/MaterialFunctions/MF_Iridescence.uasset" 937
"../../../Engine/Plugins/Interchange/Assets/Content/gltf/MaterialFunctions/MF_Iridescence.uexp" 938
"../../../Engine/Plugins/Interchange/Assets/Content/gltf/MaterialFunctions/MF_Occlusion.uasset" 939
"../../../Engine/Plugins/Interchange/Assets/Content/gltf/MaterialFunctions/MF_Occlusion.uexp" 940
"../../../Engine/Plugins/Interchange/Assets/Content/gltf/MaterialFunctions/MF_IOR.uasset" 941
"../../../Engine/Plugins/Interchange/Assets/Content/gltf/MaterialFunctions/MF_IOR.uexp" 942
"../../../Engine/Plugins/Interchange/Assets/Content/gltf/MaterialFunctions/MF_Transmission.uasset" 943
"../../../Engine/Plugins/Interchange/Assets/Content/gltf/MaterialFunctions/MF_Transmission.uexp" 944
"../../../Engine/Plugins/Interchange/Assets/Content/gltf/MaterialFunctions/MF_RotateNormals_TS.uasset" 945
"../../../Engine/Plugins/Interchange/Assets/Content/gltf/MaterialFunctions/MF_RotateNormals_TS.uexp" 946
"../../../Engine/Plugins/Interchange/Assets/Content/gltf/MaterialFunctions/MF_Normals.uasset" 947
"../../../Engine/Plugins/Interchange/Assets/Content/gltf/MaterialFunctions/MF_Normals.uexp" 948
"../../../Engine/Plugins/Interchange/Assets/Content/gltf/MaterialBodies/MF_Transmission_Body.uasset" 949
"../../../Engine/Plugins/Interchange/Assets/Content/gltf/MaterialBodies/MF_Transmission_Body.uexp" 950
"../../../Engine/Plugins/Interchange/Assets/Content/gltf/M_Transmission.uasset" 951
"../../../Engine/Plugins/Interchange/Assets/Content/gltf/M_Transmission.uexp" 952
"../../../Engine/Plugins/Interchange/Assets/Content/gltf/MaterialInstances/MI_Transmission_DS.uasset" 953
"../../../Engine/Plugins/Interchange/Assets/Content/gltf/MaterialInstances/MI_Transmission_DS.uexp" 954
"../../../Engine/Plugins/Interchange/Assets/Content/gltf/MaterialInstances/MI_Transmission.uasset" 955
"../../../Engine/Plugins/Interchange/Assets/Content/gltf/MaterialInstances/MI_Transmission.uexp" 956
"../../../Engine/Content/Functions/Engine_MaterialFunctions02/Math/AddComponents.uasset" 957
"../../../Engine/Content/Functions/Engine_MaterialFunctions02/Math/AddComponents.uexp" 958
"../../../Engine/Plugins/Interchange/Assets/Content/gltf/MaterialFunctions/MF_DiffuseSpecGloss.uasset" 959
"../../../Engine/Plugins/Interchange/Assets/Content/gltf/MaterialFunctions/MF_DiffuseSpecGloss.uexp" 960
"../../../Engine/Plugins/Interchange/Assets/Content/gltf/MaterialFunctions/MF_Emissive.uasset" 961
"../../../Engine/Plugins/Interchange/Assets/Content/gltf/MaterialFunctions/MF_Emissive.uexp" 962
"../../../Engine/Plugins/Interchange/Assets/Content/gltf/MaterialFunctions/MF_PerceivedBrightness.uasset" 963
"../../../Engine/Plugins/Interchange/Assets/Content/gltf/MaterialFunctions/MF_PerceivedBrightness.uexp" 964
"../../../Engine/Plugins/Interchange/Assets/Content/gltf/MaterialFunctions/MF_SpecGlossToMetalRoughness.uasset" 965
"../../../Engine/Plugins/Interchange/Assets/Content/gltf/MaterialFunctions/MF_SpecGlossToMetalRoughness.uexp" 966
"../../../Engine/Plugins/Interchange/Assets/Content/gltf/MaterialFunctions/MF_MaxComponentValue.uasset" 967
"../../../Engine/Plugins/Interchange/Assets/Content/gltf/MaterialFunctions/MF_MaxComponentValue.uexp" 968
"../../../Engine/Plugins/Interchange/Assets/Content/gltf/MaterialBodies/MF_SpecularGlossiness_Body.uasset" 969
"../../../Engine/Plugins/Interchange/Assets/Content/gltf/MaterialBodies/MF_SpecularGlossiness_Body.uexp" 970
"../../../Engine/Plugins/Interchange/Assets/Content/gltf/M_SpecularGlossiness.uasset" 971
"../../../Engine/Plugins/Interchange/Assets/Content/gltf/M_SpecularGlossiness.uexp" 972
"../../../Engine/Plugins/Interchange/Assets/Content/gltf/MaterialInstances/MI_SpecularGlossiness_Opaque_DS.uasset" 973
"../../../Engine/Plugins/Interchange/Assets/Content/gltf/MaterialInstances/MI_SpecularGlossiness_Opaque_DS.uexp" 974
"../../../Engine/Plugins/Interchange/Assets/Content/gltf/MaterialInstances/MI_SpecularGlossiness_Opaque.uasset" 975
"../../../Engine/Plugins/Interchange/Assets/Content/gltf/MaterialInstances/MI_SpecularGlossiness_Opaque.uexp" 976
"../../../Engine/Plugins/Interchange/Assets/Content/gltf/MaterialInstances/MI_SpecularGlossiness_Mask_DS.uasset" 977
"../../../Engine/Plugins/Interchange/Assets/Content/gltf/MaterialInstances/MI_SpecularGlossiness_Mask_DS.uexp" 978
"../../../Engine/Plugins/Interchange/Assets/Content/gltf/MaterialInstances/MI_SpecularGlossiness_Mask.uasset" 979
"../../../Engine/Plugins/Interchange/Assets/Content/gltf/MaterialInstances/MI_SpecularGlossiness_Mask.uexp" 980
"../../../Engine/Plugins/Interchange/Assets/Content/gltf/MaterialInstances/MI_SpecularGlossiness_Blend_DS.uasset" 981
"../../../Engine/Plugins/Interchange/Assets/Content/gltf/MaterialInstances/MI_SpecularGlossiness_Blend_DS.uexp" 982
"../../../Engine/Plugins/Interchange/Assets/Content/gltf/MaterialInstances/MI_SpecularGlossiness_Blend.uasset" 983
"../../../Engine/Plugins/Interchange/Assets/Content/gltf/MaterialInstances/MI_SpecularGlossiness_Blend.uexp" 984
"../../../Engine/Plugins/Interchange/Assets/Content/gltf/MaterialFunctions/MF_Sheen.uasset" 985
"../../../Engine/Plugins/Interchange/Assets/Content/gltf/MaterialFunctions/MF_Sheen.uexp" 986
"../../../Engine/Plugins/Interchange/Assets/Content/gltf/MaterialBodies/MF_Sheen_Body.uasset" 987
"../../../Engine/Plugins/Interchange/Assets/Content/gltf/MaterialBodies/MF_Sheen_Body.uexp" 988
"../../../Engine/Plugins/Interchange/Assets/Content/gltf/M_Sheen.uasset" 989
"../../../Engine/Plugins/Interchange/Assets/Content/gltf/M_Sheen.uexp" 990
"../../../Engine/Plugins/Interchange/Assets/Content/gltf/MaterialInstances/MI_Sheen_Opaque_DS.uasset" 991
"../../../Engine/Plugins/Interchange/Assets/Content/gltf/MaterialInstances/MI_Sheen_Opaque_DS.uexp" 992
"../../../Engine/Plugins/Interchange/Assets/Content/gltf/MaterialInstances/MI_Sheen_Opaque.uasset" 993
"../../../Engine/Plugins/Interchange/Assets/Content/gltf/MaterialInstances/MI_Sheen_Opaque.uexp" 994
"../../../Engine/Plugins/Interchange/Assets/Content/gltf/MaterialInstances/MI_Sheen_Mask_DS.uasset" 995
"../../../Engine/Plugins/Interchange/Assets/Content/gltf/MaterialInstances/MI_Sheen_Mask_DS.uexp" 996
"../../../Engine/Plugins/Interchange/Assets/Content/gltf/MaterialInstances/MI_Sheen_Mask.uasset" 997
"../../../Engine/Plugins/Interchange/Assets/Content/gltf/MaterialInstances/MI_Sheen_Mask.uexp" 998
"../../../Engine/Plugins/Interchange/Assets/Content/gltf/MaterialInstances/MI_Sheen_Blend_DS.uasset" 999
"../../../Engine/Plugins/Interchange/Assets/Content/gltf/MaterialInstances/MI_Sheen_Blend_DS.uexp" 1000
"../../../Engine/Plugins/Interchange/Assets/Content/gltf/MaterialInstances/MI_Sheen_Blend.uasset" 1001
"../../../Engine/Plugins/Interchange/Assets/Content/gltf/MaterialInstances/MI_Sheen_Blend.uexp" 1002
"../../../Engine/Plugins/Interchange/Assets/Content/gltf/MaterialBodies/MF_Default_Body.uasset" 1003
"../../../Engine/Plugins/Interchange/Assets/Content/gltf/MaterialBodies/MF_Default_Body.uexp" 1004
"../../../Engine/Plugins/Interchange/Assets/Content/gltf/M_Default.uasset" 1005
"../../../Engine/Plugins/Interchange/Assets/Content/gltf/M_Default.uexp" 1006
"../../../Engine/Plugins/Interchange/Assets/Content/gltf/MaterialInstances/MI_Default_Opaque_DS.uasset" 1007
"../../../Engine/Plugins/Interchange/Assets/Content/gltf/MaterialInstances/MI_Default_Opaque_DS.uexp" 1008
"../../../Engine/Plugins/Interchange/Assets/Content/gltf/MaterialInstances/MI_Default_Opaque.uasset" 1009
"../../../Engine/Plugins/Interchange/Assets/Content/gltf/MaterialInstances/MI_Default_Opaque.uexp" 1010
"../../../Engine/Plugins/Interchange/Assets/Content/gltf/MaterialInstances/MI_Default_Mask_DS.uasset" 1011
"../../../Engine/Plugins/Interchange/Assets/Content/gltf/MaterialInstances/MI_Default_Mask_DS.uexp" 1012
"../../../Engine/Plugins/Interchange/Assets/Content/gltf/MaterialInstances/MI_Default_Mask.uasset" 1013
"../../../Engine/Plugins/Interchange/Assets/Content/gltf/MaterialInstances/MI_Default_Mask.uexp" 1014
"../../../Engine/Plugins/Interchange/Assets/Content/gltf/MaterialInstances/MI_Default_Blend_DS.uasset" 1015
"../../../Engine/Plugins/Interchange/Assets/Content/gltf/MaterialInstances/MI_Default_Blend_DS.uexp" 1016
"../../../Engine/Plugins/Interchange/Assets/Content/gltf/MaterialInstances/MI_Default_Blend.uasset" 1017
"../../../Engine/Plugins/Interchange/Assets/Content/gltf/MaterialInstances/MI_Default_Blend.uexp" 1018
"../../../Engine/Content/Functions/Engine_MaterialFunctions01/Texturing/FlattenNormal.uasset" 1019
"../../../Engine/Content/Functions/Engine_MaterialFunctions01/Texturing/FlattenNormal.uexp" 1020
"../../../Engine/Plugins/Interchange/Assets/Content/gltf/MaterialFunctions/MF_Clearcoat.uasset" 1021
"../../../Engine/Plugins/Interchange/Assets/Content/gltf/MaterialFunctions/MF_Clearcoat.uexp" 1022
"../../../Engine/Plugins/Interchange/Assets/Content/gltf/MaterialBodies/MF_ClearCoat_Body.uasset" 1023
"../../../Engine/Plugins/Interchange/Assets/Content/gltf/MaterialBodies/MF_ClearCoat_Body.uexp" 1024
"../../../Engine/Plugins/Interchange/Assets/Content/gltf/M_ClearCoat.uasset" 1025
"../../../Engine/Plugins/Interchange/Assets/Content/gltf/M_ClearCoat.uexp" 1026
"../../../Engine/Plugins/Interchange/Assets/Content/gltf/MaterialInstances/MI_ClearCoat_Opaque_DS.uasset" 1027
"../../../Engine/Plugins/Interchange/Assets/Content/gltf/MaterialInstances/MI_ClearCoat_Opaque_DS.uexp" 1028
"../../../Engine/Plugins/Interchange/Assets/Content/gltf/MaterialInstances/MI_ClearCoat_Opaque.uasset" 1029
"../../../Engine/Plugins/Interchange/Assets/Content/gltf/MaterialInstances/MI_ClearCoat_Opaque.uexp" 1030
"../../../Engine/Plugins/Interchange/Assets/Content/gltf/MaterialInstances/MI_ClearCoat_Mask_DS.uasset" 1031
"../../../Engine/Plugins/Interchange/Assets/Content/gltf/MaterialInstances/MI_ClearCoat_Mask_DS.uexp" 1032
"../../../Engine/Plugins/Interchange/Assets/Content/gltf/MaterialInstances/MI_ClearCoat_Mask.uasset" 1033
"../../../Engine/Plugins/Interchange/Assets/Content/gltf/MaterialInstances/MI_ClearCoat_Mask.uexp" 1034
"../../../Engine/Plugins/Interchange/Assets/Content/gltf/MaterialInstances/MI_ClearCoat_Blend_DS.uasset" 1035
"../../../Engine/Plugins/Interchange/Assets/Content/gltf/MaterialInstances/MI_ClearCoat_Blend_DS.uexp" 1036
"../../../Engine/Plugins/Interchange/Assets/Content/gltf/MaterialInstances/MI_ClearCoat_Blend.uasset" 1037
"../../../Engine/Plugins/Interchange/Assets/Content/gltf/MaterialInstances/MI_ClearCoat_Blend.uexp" 1038
"../../../Engine/Content/VREditor/LaserPointer/VR_LaserPower_01.ubulk" 1039
"../../../Engine/Content/VREditor/LaserPointer/VR_LaserPower_01.uasset" 1040
"../../../Engine/Content/VREditor/LaserPointer/VR_LaserPower_01.uexp" 1041
"../../../Engine/Content/VREditor/TransformGizmo/TransformGizmoMaterial.uasset" 1042
"../../../Engine/Content/VREditor/TransformGizmo/TransformGizmoMaterial.uexp" 1043
"../../../Engine/Content/VREditor/TransformGizmo/TranslucentTransformGizmoMaterial.uasset" 1044
"../../../Engine/Content/VREditor/TransformGizmo/TranslucentTransformGizmoMaterial.uexp" 1045
"../../../Engine/Content/VREditor/TransformGizmo/BoundingBoxEdge.ubulk" 1046
"../../../Engine/Content/VREditor/TransformGizmo/BoundingBoxEdge.uasset" 1047
"../../../Engine/Content/VREditor/TransformGizmo/BoundingBoxEdge.uexp" 1048
"../../../Engine/Content/VREditor/TransformGizmo/BoundingBoxCorner.ubulk" 1049
"../../../Engine/Content/VREditor/TransformGizmo/BoundingBoxCorner.uasset" 1050
"../../../Engine/Content/VREditor/TransformGizmo/BoundingBoxCorner.uexp" 1051
"../../../Engine/Content/EngineSky/VolumetricClouds/T_CloudMask.ubulk" 1052
"../../../Engine/Content/EngineSky/VolumetricClouds/T_CloudMask.uasset" 1053
"../../../Engine/Content/EngineSky/VolumetricClouds/T_CloudMask.uexp" 1054
"../../../Engine/Content/EngineSky/VolumetricClouds/VT_Lightning.uasset" 1055
"../../../Engine/Content/EngineSky/VolumetricClouds/VT_Lightning.uexp" 1056
"../../../Engine/Content/EngineSky/VolumetricClouds/T_Profile_08.ubulk" 1057
"../../../Engine/Content/EngineSky/VolumetricClouds/T_Profile_08.uasset" 1058
"../../../Engine/Content/EngineSky/VolumetricClouds/T_Profile_08.uexp" 1059
"../../../Engine/Content/Functions/Engine_MaterialFunctions02/Utility/MakeFloat4.uasset" 1060
"../../../Engine/Content/Functions/Engine_MaterialFunctions02/Utility/MakeFloat4.uexp" 1061
"../../../Engine/Content/Functions/Engine_MaterialFunctions01/Units/Km-to-Cm.uasset" 1062
"../../../Engine/Content/Functions/Engine_MaterialFunctions01/Units/Km-to-Cm.uexp" 1063
"../../../Engine/Content/Functions/Engine_MaterialFunctions02/Utility/BreakOutFloat4Components.uasset" 1064
"../../../Engine/Content/Functions/Engine_MaterialFunctions02/Utility/BreakOutFloat4Components.uexp" 1065
"../../../Engine/Content/EngineSky/VolumetricClouds/T_CloudPattern.ubulk" 1066
"../../../Engine/Content/EngineSky/VolumetricClouds/T_CloudPattern.uasset" 1067
"../../../Engine/Content/EngineSky/VolumetricClouds/T_CloudPattern.uexp" 1068
"../../../Engine/Content/EngineSky/VolumetricClouds/VT_PerlinWorley_Balanced.uasset" 1069
"../../../Engine/Content/EngineSky/VolumetricClouds/VT_PerlinWorley_Balanced.uexp" 1070
"../../../Engine/Content/EngineSky/VolumetricClouds/m_SimpleVolumetricCloud.uasset" 1071
"../../../Engine/Content/EngineSky/VolumetricClouds/m_SimpleVolumetricCloud.uexp" 1072
"../../../Engine/Content/EngineSky/VolumetricClouds/m_SimpleVolumetricCloud_Inst.uasset" 1073
"../../../Engine/Content/EngineSky/VolumetricClouds/m_SimpleVolumetricCloud_Inst.uexp" 1074
"../../../Engine/Content/EditorMaterials/Camera/CineMat.uasset" 1075
"../../../Engine/Content/EditorMaterials/Camera/CineMat.uexp" 1076
"../../../Engine/Content/EditorMaterials/Camera/MI_CineMat_Rig.uasset" 1077
"../../../Engine/Content/EditorMaterials/Camera/MI_CineMat_Rig.uexp" 1078
"../../../Engine/Content/EditorMeshes/Camera/SM_RailRig_Track.ubulk" 1079
"../../../Engine/Content/EditorMeshes/Camera/SM_RailRig_Track.uasset" 1080
"../../../Engine/Content/EditorMeshes/Camera/SM_RailRig_Track.uexp" 1081
"../../../Engine/Content/EditorMeshes/Camera/SM_RailRig_Mount.ubulk" 1082
"../../../Engine/Content/EditorMeshes/Camera/SM_RailRig_Mount.uasset" 1083
"../../../Engine/Content/EditorMeshes/Camera/SM_RailRig_Mount.uexp" 1084
"../../../Engine/Content/EditorMeshes/Camera/SM_CraneRig_Mount.ubulk" 1085
"../../../Engine/Content/EditorMeshes/Camera/SM_CraneRig_Mount.uasset" 1086
"../../../Engine/Content/EditorMeshes/Camera/SM_CraneRig_Mount.uexp" 1087
"../../../Engine/Content/EditorMeshes/Camera/SM_CraneRig_Body.ubulk" 1088
"../../../Engine/Content/EditorMeshes/Camera/SM_CraneRig_Body.uasset" 1089
"../../../Engine/Content/EditorMeshes/Camera/SM_CraneRig_Body.uexp" 1090
"../../../Engine/Content/EditorMeshes/Camera/SM_CraneRig_Base.ubulk" 1091
"../../../Engine/Content/EditorMeshes/Camera/SM_CraneRig_Base.uasset" 1092
"../../../Engine/Content/EditorMeshes/Camera/SM_CraneRig_Base.uexp" 1093
"../../../Engine/Content/EditorMeshes/Camera/SM_CraneRig_Arm.ubulk" 1094
"../../../Engine/Content/EditorMeshes/Camera/SM_CraneRig_Arm.uasset" 1095
"../../../Engine/Content/EditorMeshes/Camera/SM_CraneRig_Arm.uexp" 1096
"../../../Engine/Content/EditorMaterials/Dataflow/DataflowVertexMaterial.uasset" 1097
"../../../Engine/Content/EditorMaterials/Dataflow/DataflowVertexMaterial.uexp" 1098
"../../../Engine/Content/EditorMaterials/Dataflow/DataflowTwoSidedVertexMaterial.uasset" 1099
"../../../Engine/Content/EditorMaterials/Dataflow/DataflowTwoSidedVertexMaterial.uexp" 1100
"../../../Engine/Plugins/Runtime/OpenXR/Content/Devices/ValveIndex/MRTexture.ubulk" 1101
"../../../Engine/Plugins/Runtime/OpenXR/Content/Devices/ValveIndex/MRTexture.uasset" 1102
"../../../Engine/Plugins/Runtime/OpenXR/Content/Devices/ValveIndex/MRTexture.uexp" 1103
"../../../Engine/Plugins/Runtime/OpenXR/Content/Devices/ValveIndex/BaseTexture.ubulk" 1104
"../../../Engine/Plugins/Runtime/OpenXR/Content/Devices/ValveIndex/BaseTexture.uasset" 1105
"../../../Engine/Plugins/Runtime/OpenXR/Content/Devices/ValveIndex/BaseTexture.uexp" 1106
"../../../Engine/Plugins/Runtime/OpenXR/Content/Devices/ValveIndex/Right/MI_right_ValveIndex.uasset" 1107
"../../../Engine/Plugins/Runtime/OpenXR/Content/Devices/ValveIndex/Right/MI_right_ValveIndex.uexp" 1108
"../../../Engine/Plugins/Runtime/OpenXR/Content/Devices/ValveIndex/Right/right_ValveIndexController.ubulk" 1109
"../../../Engine/Plugins/Runtime/OpenXR/Content/Devices/ValveIndex/Right/right_ValveIndexController.uasset" 1110
"../../../Engine/Plugins/Runtime/OpenXR/Content/Devices/ValveIndex/Right/right_ValveIndexController.uexp" 1111
"../../../Engine/Plugins/Runtime/OpenXR/Content/Devices/ValveIndex/Left/MI_left_ValveIndex.uasset" 1112
"../../../Engine/Plugins/Runtime/OpenXR/Content/Devices/ValveIndex/Left/MI_left_ValveIndex.uexp" 1113
"../../../Engine/Plugins/Runtime/OpenXR/Content/Devices/ValveIndex/Left/left_ValveIndexController.ubulk" 1114
"../../../Engine/Plugins/Runtime/OpenXR/Content/Devices/ValveIndex/Left/left_ValveIndexController.uasset" 1115
"../../../Engine/Plugins/Runtime/OpenXR/Content/Devices/ValveIndex/Left/left_ValveIndexController.uexp" 1116
"../../../Engine/Plugins/Runtime/OpenXR/Content/Devices/OculusTouch_v3/MRTexture.ubulk" 1117
"../../../Engine/Plugins/Runtime/OpenXR/Content/Devices/OculusTouch_v3/MRTexture.uasset" 1118
"../../../Engine/Plugins/Runtime/OpenXR/Content/Devices/OculusTouch_v3/MRTexture.uexp" 1119
"../../../Engine/Plugins/Runtime/OpenXR/Content/Devices/OculusTouch_v3/BaseTexture.ubulk" 1120
"../../../Engine/Plugins/Runtime/OpenXR/Content/Devices/OculusTouch_v3/BaseTexture.uasset" 1121
"../../../Engine/Plugins/Runtime/OpenXR/Content/Devices/OculusTouch_v3/BaseTexture.uexp" 1122
"../../../Engine/Plugins/Runtime/OpenXR/Content/Devices/OculusTouch_v3/MI_OculusTouch_v3.uasset" 1123
"../../../Engine/Plugins/Runtime/OpenXR/Content/Devices/OculusTouch_v3/MI_OculusTouch_v3.uexp" 1124
"../../../Engine/Plugins/Runtime/OpenXR/Content/Devices/OculusTouch_v3/Right/right_OculusTouch_v3Controller.ubulk" 1125
"../../../Engine/Plugins/Runtime/OpenXR/Content/Devices/OculusTouch_v3/Right/right_OculusTouch_v3Controller.uasset" 1126
"../../../Engine/Plugins/Runtime/OpenXR/Content/Devices/OculusTouch_v3/Right/right_OculusTouch_v3Controller.uexp" 1127
"../../../Engine/Plugins/Runtime/OpenXR/Content/Devices/OculusTouch_v3/Left/left_OculusTouch_v3Controller.ubulk" 1128
"../../../Engine/Plugins/Runtime/OpenXR/Content/Devices/OculusTouch_v3/Left/left_OculusTouch_v3Controller.uasset" 1129
"../../../Engine/Plugins/Runtime/OpenXR/Content/Devices/OculusTouch_v3/Left/left_OculusTouch_v3Controller.uexp" 1130
"../../../Engine/Plugins/Runtime/OpenXR/Content/Devices/OculusTouch_v2/BaseTexture.ubulk" 1131
"../../../Engine/Plugins/Runtime/OpenXR/Content/Devices/OculusTouch_v2/BaseTexture.uasset" 1132
"../../../Engine/Plugins/Runtime/OpenXR/Content/Devices/OculusTouch_v2/BaseTexture.uexp" 1133
"../../../Engine/Plugins/Runtime/OpenXR/Content/Devices/OculusTouch_v2/MRTexture.ubulk" 1134
"../../../Engine/Plugins/Runtime/OpenXR/Content/Devices/OculusTouch_v2/MRTexture.uasset" 1135
"../../../Engine/Plugins/Runtime/OpenXR/Content/Devices/OculusTouch_v2/MRTexture.uexp" 1136
"../../../Engine/Plugins/Runtime/OpenXR/Content/Devices/OculusTouch_v2/MI_OculusTouch_v2.uasset" 1137
"../../../Engine/Plugins/Runtime/OpenXR/Content/Devices/OculusTouch_v2/MI_OculusTouch_v2.uexp" 1138
"../../../Engine/Plugins/Runtime/OpenXR/Content/Devices/OculusTouch_v2/Right/right_OculusTouch_v2Controller.ubulk" 1139
"../../../Engine/Plugins/Runtime/OpenXR/Content/Devices/OculusTouch_v2/Right/right_OculusTouch_v2Controller.uasset" 1140
"../../../Engine/Plugins/Runtime/OpenXR/Content/Devices/OculusTouch_v2/Right/right_OculusTouch_v2Controller.uexp" 1141
"../../../Engine/Plugins/Runtime/OpenXR/Content/Devices/OculusTouch_v2/Left/left_OculusTouch_v2Controller.ubulk" 1142
"../../../Engine/Plugins/Runtime/OpenXR/Content/Devices/OculusTouch_v2/Left/left_OculusTouch_v2Controller.uasset" 1143
"../../../Engine/Plugins/Runtime/OpenXR/Content/Devices/OculusTouch_v2/Left/left_OculusTouch_v2Controller.uexp" 1144
"../../../Engine/Plugins/Runtime/OpenXR/Content/Devices/OculusTouch/BaseTexture.ubulk" 1145
"../../../Engine/Plugins/Runtime/OpenXR/Content/Devices/OculusTouch/BaseTexture.uasset" 1146
"../../../Engine/Plugins/Runtime/OpenXR/Content/Devices/OculusTouch/BaseTexture.uexp" 1147
"../../../Engine/Plugins/Runtime/OpenXR/Content/Devices/OculusTouch/MRTexture.ubulk" 1148
"../../../Engine/Plugins/Runtime/OpenXR/Content/Devices/OculusTouch/MRTexture.uasset" 1149
"../../../Engine/Plugins/Runtime/OpenXR/Content/Devices/OculusTouch/MRTexture.uexp" 1150
"../../../Engine/Plugins/Runtime/OpenXR/Content/Devices/OculusTouch/MI_OculusTouch.uasset" 1151
"../../../Engine/Plugins/Runtime/OpenXR/Content/Devices/OculusTouch/MI_OculusTouch.uexp" 1152
"../../../Engine/Plugins/Runtime/OpenXR/Content/Devices/OculusTouch/Right/right_OculusTouchController.ubulk" 1153
"../../../Engine/Plugins/Runtime/OpenXR/Content/Devices/OculusTouch/Right/right_OculusTouchController.uasset" 1154
"../../../Engine/Plugins/Runtime/OpenXR/Content/Devices/OculusTouch/Right/right_OculusTouchController.uexp" 1155
"../../../Engine/Plugins/Runtime/OpenXR/Content/Devices/OculusTouch/Left/left_OculusTouchController.ubulk" 1156
"../../../Engine/Plugins/Runtime/OpenXR/Content/Devices/OculusTouch/Left/left_OculusTouchController.uasset" 1157
"../../../Engine/Plugins/Runtime/OpenXR/Content/Devices/OculusTouch/Left/left_OculusTouchController.uexp" 1158
"../../../Engine/Plugins/Runtime/OpenXR/Content/Devices/MicrosoftMixedReality/NormalTexture.ubulk" 1159
"../../../Engine/Plugins/Runtime/OpenXR/Content/Devices/MicrosoftMixedReality/NormalTexture.uasset" 1160
"../../../Engine/Plugins/Runtime/OpenXR/Content/Devices/MicrosoftMixedReality/NormalTexture.uexp" 1161
"../../../Engine/Plugins/Runtime/OpenXR/Content/Devices/MicrosoftMixedReality/EmissiveTexture.ubulk" 1162
"../../../Engine/Plugins/Runtime/OpenXR/Content/Devices/MicrosoftMixedReality/EmissiveTexture.uasset" 1163
"../../../Engine/Plugins/Runtime/OpenXR/Content/Devices/MicrosoftMixedReality/EmissiveTexture.uexp" 1164
"../../../Engine/Plugins/Runtime/OpenXR/Content/Devices/MicrosoftMixedReality/BaseTexture.ubulk" 1165
"../../../Engine/Plugins/Runtime/OpenXR/Content/Devices/MicrosoftMixedReality/BaseTexture.uasset" 1166
"../../../Engine/Plugins/Runtime/OpenXR/Content/Devices/MicrosoftMixedReality/BaseTexture.uexp" 1167
"../../../Engine/Plugins/Runtime/OpenXR/Content/Devices/MicrosoftMixedReality/MRTexture.ubulk" 1168
"../../../Engine/Plugins/Runtime/OpenXR/Content/Devices/MicrosoftMixedReality/MRTexture.uasset" 1169
"../../../Engine/Plugins/Runtime/OpenXR/Content/Devices/MicrosoftMixedReality/MRTexture.uexp" 1170
"../../../Engine/Plugins/Runtime/OpenXR/Content/Devices/MicrosoftMixedReality/MI_MicrosoftMixedReality.uasset" 1171
"../../../Engine/Plugins/Runtime/OpenXR/Content/Devices/MicrosoftMixedReality/MI_MicrosoftMixedReality.uexp" 1172
"../../../Engine/Plugins/Runtime/OpenXR/Content/Devices/MicrosoftMixedReality/Right/right_MicrosoftMixedRealityController.ubulk" 1173
"../../../Engine/Plugins/Runtime/OpenXR/Content/Devices/MicrosoftMixedReality/Right/right_MicrosoftMixedRealityController.uasset" 1174
"../../../Engine/Plugins/Runtime/OpenXR/Content/Devices/MicrosoftMixedReality/Right/right_MicrosoftMixedRealityController.uexp" 1175
"../../../Engine/Plugins/Runtime/OpenXR/Content/Devices/MicrosoftMixedReality/Left/left_MicrosoftMixedRealityController.ubulk" 1176
"../../../Engine/Plugins/Runtime/OpenXR/Content/Devices/MicrosoftMixedReality/Left/left_MicrosoftMixedRealityController.uasset" 1177
"../../../Engine/Plugins/Runtime/OpenXR/Content/Devices/MicrosoftMixedReality/Left/left_MicrosoftMixedRealityController.uexp" 1178
"../../../Engine/Content/Functions/Engine_MaterialFunctions01/Shading/PowerToRoughness.uasset" 1179
"../../../Engine/Content/Functions/Engine_MaterialFunctions01/Shading/PowerToRoughness.uexp" 1180
"../../../Engine/Content/Functions/Engine_MaterialFunctions01/Shading/ConvertFromDiffSpec.uasset" 1181
"../../../Engine/Content/Functions/Engine_MaterialFunctions01/Shading/ConvertFromDiffSpec.uexp" 1182
"../../../Engine/Content/EngineMaterials/Substrate/Volume/SubstrateSimpleVolumeLUT3D.uasset" 1183
"../../../Engine/Content/EngineMaterials/Substrate/Volume/SubstrateSimpleVolumeLUT3D.uexp" 1184
"../../../Engine/Content/EngineMaterials/Substrate/Volume/SubstrateSimpleVolumeEnvLUT3D.uasset" 1185
"../../../Engine/Content/EngineMaterials/Substrate/Volume/SubstrateSimpleVolumeEnvLUT3D.uexp" 1186
"../../../Engine/Content/EngineMaterials/Substrate/GLints2/AGlintTex2dArray2.uasset" 1187
"../../../Engine/Content/EngineMaterials/Substrate/GLints2/AGlintTex2dArray2.uexp" 1188
"../../../Engine/Content/EngineMaterials/Substrate/GLints/AGlintTex2dArray.uasset" 1189
"../../../Engine/Content/EngineMaterials/Substrate/GLints/AGlintTex2dArray.uexp" 1190
"../../../Engine/Content/ArtTools/RenderToTexture/Meshes/S_1_Unit_Plane.ubulk" 1191
"../../../Engine/Content/ArtTools/RenderToTexture/Meshes/S_1_Unit_Plane.uasset" 1192
"../../../Engine/Content/ArtTools/RenderToTexture/Meshes/S_1_Unit_Plane.uexp" 1193
"../../../Engine/Content/VREditor/TransformGizmo/StartRotationHandleIndicator.ubulk" 1194
"../../../Engine/Content/VREditor/TransformGizmo/StartRotationHandleIndicator.uasset" 1195
"../../../Engine/Content/VREditor/TransformGizmo/StartRotationHandleIndicator.uexp" 1196
"../../../Engine/Content/VREditor/Sounds/UI/Drop_Item_From_ContentBrowser.ubulk" 1197
"../../../Engine/Content/VREditor/Sounds/UI/Drop_Item_From_ContentBrowser.uasset" 1198
"../../../Engine/Content/VREditor/Sounds/UI/Drop_Item_From_ContentBrowser.uexp" 1199
"../../../Engine/Content/VREditor/TransformGizmo/PlaneTranslationHandle.ubulk" 1200
"../../../Engine/Content/VREditor/TransformGizmo/PlaneTranslationHandle.uasset" 1201
"../../../Engine/Content/VREditor/TransformGizmo/PlaneTranslationHandle.uexp" 1202
"../../../Engine/Content/VREditor/Sounds/UI/Object_Snaps_To_Grid.ubulk" 1203
"../../../Engine/Content/VREditor/Sounds/UI/Object_Snaps_To_Grid.uasset" 1204
"../../../Engine/Content/VREditor/Sounds/UI/Object_Snaps_To_Grid.uexp" 1205
"../../../Engine/Content/VREditor/Sounds/UI/Selection_Changes.ubulk" 1206
"../../../Engine/Content/VREditor/Sounds/UI/Selection_Changes.uasset" 1207
"../../../Engine/Content/VREditor/Sounds/UI/Selection_Changes.uexp" 1208
"../../../Engine/Content/VREditor/Sounds/UI/Object_Snaps_To_Another_Actor.ubulk" 1209
"../../../Engine/Content/VREditor/Sounds/UI/Object_Snaps_To_Another_Actor.uasset" 1210
"../../../Engine/Content/VREditor/Sounds/UI/Object_Snaps_To_Another_Actor.uexp" 1211
"../../../Engine/Content/VREditor/TransformGizmo/TranslucentTransformGizmoMaterial_Inst.uasset" 1212
"../../../Engine/Content/VREditor/TransformGizmo/TranslucentTransformGizmoMaterial_Inst.uexp" 1213
"../../../Engine/Content/VREditor/TransformGizmo/TransformGizmoFreeRotation.ubulk" 1214
"../../../Engine/Content/VREditor/TransformGizmo/TransformGizmoFreeRotation.uasset" 1215
"../../../Engine/Content/VREditor/TransformGizmo/TransformGizmoFreeRotation.uexp" 1216
"../../../Engine/Content/VREditor/Sounds/UI/Scaling_Down.ubulk" 1217
"../../../Engine/Content/VREditor/Sounds/UI/Scaling_Down.uasset" 1218
"../../../Engine/Content/VREditor/Sounds/UI/Scaling_Down.uexp" 1219
"../../../Engine/Content/Functions/Engine_MaterialFunctions02/SplitComponents.uasset" 1220
"../../../Engine/Content/Functions/Engine_MaterialFunctions02/SplitComponents.uexp" 1221
"../../../Engine/Content/VREditor/SnapGrid/SnapGridMaterial.uasset" 1222
"../../../Engine/Content/VREditor/SnapGrid/SnapGridMaterial.uexp" 1223
"../../../Engine/Content/VREditor/SnapGrid/SnapGridPlaneMesh.ubulk" 1224
"../../../Engine/Content/VREditor/SnapGrid/SnapGridPlaneMesh.uasset" 1225
"../../../Engine/Content/VREditor/SnapGrid/SnapGridPlaneMesh.uexp" 1226
"../../../Engine/Content/VREditor/Sounds/UI/Scaling_Up.ubulk" 1227
"../../../Engine/Content/VREditor/Sounds/UI/Scaling_Up.uasset" 1228
"../../../Engine/Content/VREditor/Sounds/UI/Scaling_Up.uexp" 1229
"../../../Engine/Content/VREditor/TransformGizmo/TransformGizmoMaterial_Inst.uasset" 1230
"../../../Engine/Content/VREditor/TransformGizmo/TransformGizmoMaterial_Inst.uexp" 1231
"../../../Engine/Content/VREditor/Sounds/UI/Gizmo_Handle_Clicked.ubulk" 1232
"../../../Engine/Content/VREditor/Sounds/UI/Gizmo_Handle_Clicked.uasset" 1233
"../../../Engine/Content/VREditor/Sounds/UI/Gizmo_Handle_Clicked.uexp" 1234
"../../../Engine/Content/VREditor/TransformGizmo/RotationHandleQuarter.ubulk" 1235
"../../../Engine/Content/VREditor/TransformGizmo/RotationHandleQuarter.uasset" 1236
"../../../Engine/Content/VREditor/TransformGizmo/RotationHandleQuarter.uexp" 1237
"../../../Engine/Content/VREditor/TransformGizmo/TranslateArrowHandle.ubulk" 1238
"../../../Engine/Content/VREditor/TransformGizmo/TranslateArrowHandle.uasset" 1239
"../../../Engine/Content/VREditor/TransformGizmo/TranslateArrowHandle.uexp" 1240
"../../../Engine/Content/VREditor/TransformGizmo/RotationHandleIndicator.ubulk" 1241
"../../../Engine/Content/VREditor/TransformGizmo/RotationHandleIndicator.uasset" 1242
"../../../Engine/Content/VREditor/TransformGizmo/RotationHandleIndicator.uexp" 1243
"../../../Engine/Content/VREditor/TransformGizmo/UniformScaleHandle.ubulk" 1244
"../../../Engine/Content/VREditor/TransformGizmo/UniformScaleHandle.uasset" 1245
"../../../Engine/Content/VREditor/TransformGizmo/UniformScaleHandle.uexp" 1246
"../../../Engine/Content/VREditor/TransformGizmo/RotationHandleFull.ubulk" 1247
"../../../Engine/Content/VREditor/TransformGizmo/RotationHandleFull.uasset" 1248
"../../../Engine/Content/VREditor/TransformGizmo/RotationHandleFull.uexp" 1249
"../../../Engine/Content/VREditor/Sounds/UI/Object_PickUp.ubulk" 1250
"../../../Engine/Content/VREditor/Sounds/UI/Object_PickUp.uasset" 1251
"../../../Engine/Content/VREditor/Sounds/UI/Object_PickUp.uexp" 1252
"../../../Engine/Content/EngineResources/LandscapeVisibilityLayerInfo.uasset" 1253
"../../../Engine/Content/EngineResources/LandscapeVisibilityLayerInfo.uexp" 1254
"../../../Engine/Plugins/Animation/DeformerGraph/Content/DeformerFunctions/DG_Function_ComputeNormalsTangents.uasset" 1255
"../../../Engine/Plugins/Animation/DeformerGraph/Content/DeformerFunctions/DG_Function_ComputeNormalsTangents.uexp" 1256
"../../../Engine/Plugins/Animation/DeformerGraph/Content/DeformerFunctions/DG_Function_LinearBlendSkin_Morph_Cloth.uasset" 1257
"../../../Engine/Plugins/Animation/DeformerGraph/Content/DeformerFunctions/DG_Function_LinearBlendSkin_Morph_Cloth.uexp" 1258
"../../../Engine/Plugins/Animation/DeformerGraph/Content/DeformerFunctions/DG_Function_LinearBlendSkin_Morph_Cloth_PositionOnly.uasset" 1259
"../../../Engine/Plugins/Animation/DeformerGraph/Content/DeformerFunctions/DG_Function_LinearBlendSkin_Morph_Cloth_PositionOnly.uexp" 1260
"../../../Engine/Plugins/Animation/DeformerGraph/Content/Deformers/DG_LinearBlendSkin_Morph_Cloth.uasset" 1261
"../../../Engine/Plugins/Animation/DeformerGraph/Content/Deformers/DG_LinearBlendSkin_Morph_Cloth.uexp" 1262
"../../../Engine/Plugins/Animation/DeformerGraph/Content/Deformers/DG_LinearBlendSkin_Morph_Cloth_RecomputeNormals.uasset" 1263
"../../../Engine/Plugins/Animation/DeformerGraph/Content/Deformers/DG_LinearBlendSkin_Morph_Cloth_RecomputeNormals.uexp" 1264
"../../../Engine/Plugins/NNE/NNEDenoiser/Content/NNE_oidn2-3-0_rt_hdr_alb_nrm_small__dyn__fp16_opset11_DenoiseAlpha.uasset" 1265
"../../../Engine/Plugins/NNE/NNEDenoiser/Content/NNE_oidn2-3-0_rt_hdr_alb_nrm_small__dyn__fp16_opset11_DenoiseAlpha.uexp" 1266
"../../../Engine/Plugins/NNE/NNEDenoiser/Content/NNE_oidn2-3-0_rt_hdr_alb_nrm_small__dyn__fp16_opset11_ForwardAlpha.uasset" 1267
"../../../Engine/Plugins/NNE/NNEDenoiser/Content/NNE_oidn2-3-0_rt_hdr_alb_nrm_small__dyn__fp16_opset11_ForwardAlpha.uexp" 1268
"../../../Engine/Plugins/NNE/NNEDenoiser/Content/NNE_oidn2-3-0_rt_hdr_alb_nrm__dyn__fp16_opset11_DenoiseAlpha.uasset" 1269
"../../../Engine/Plugins/NNE/NNEDenoiser/Content/NNE_oidn2-3-0_rt_hdr_alb_nrm__dyn__fp16_opset11_DenoiseAlpha.uexp" 1270
"../../../Engine/Plugins/NNE/NNEDenoiser/Content/NNE_oidn2-3-0_rt_hdr_alb_nrm__dyn__fp16_opset11_ForwardAlpha.uasset" 1271
"../../../Engine/Plugins/NNE/NNEDenoiser/Content/NNE_oidn2-3-0_rt_hdr_alb_nrm__dyn__fp16_opset11_ForwardAlpha.uexp" 1272
"../../../Engine/Plugins/NNE/NNEDenoiser/Content/NNE_oidn2-3-0_rt_hdr_calb_cnrm_large__dyn__fp16_opset11_DenoiseAlpha.uasset" 1273
"../../../Engine/Plugins/NNE/NNEDenoiser/Content/NNE_oidn2-3-0_rt_hdr_calb_cnrm_large__dyn__fp16_opset11_DenoiseAlpha.uexp" 1274
"../../../Engine/Plugins/NNE/NNEDenoiser/Content/NNE_oidn2-3-0_rt_hdr_calb_cnrm_large__dyn__fp16_opset11_ForwardAlpha.uasset" 1275
"../../../Engine/Plugins/NNE/NNEDenoiser/Content/NNE_oidn2-3-0_rt_hdr_calb_cnrm_large__dyn__fp16_opset11_ForwardAlpha.uexp" 1276
"../../../Engine/Plugins/NNE/NNEDenoiser/Content/NNEDT_Oidn2-3_Balanced.uasset" 1277
"../../../Engine/Plugins/NNE/NNEDenoiser/Content/NNEDT_Oidn2-3_Balanced.uexp" 1278
"../../../Engine/Plugins/NNE/NNEDenoiser/Content/NNEDT_Oidn2-3_Balanced_Alpha.uasset" 1279
"../../../Engine/Plugins/NNE/NNEDenoiser/Content/NNEDT_Oidn2-3_Balanced_Alpha.uexp" 1280
"../../../Engine/Plugins/NNE/NNEDenoiser/Content/NNED_Oidn2-3_Balanced.uasset" 1281
"../../../Engine/Plugins/NNE/NNEDenoiser/Content/NNED_Oidn2-3_Balanced.uexp" 1282
"../../../Engine/Plugins/NNE/NNEDenoiser/Content/NNED_Oidn2-3_Balanced_Alpha.uasset" 1283
"../../../Engine/Plugins/NNE/NNEDenoiser/Content/NNED_Oidn2-3_Balanced_Alpha.uexp" 1284
"../../../Engine/Plugins/NNE/NNEDenoiser/Content/NNED_Oidn2-3_Fast.uasset" 1285
"../../../Engine/Plugins/NNE/NNEDenoiser/Content/NNED_Oidn2-3_Fast.uexp" 1286
"../../../Engine/Plugins/NNE/NNEDenoiser/Content/NNED_Oidn2-3_Fast_Alpha.uasset" 1287
"../../../Engine/Plugins/NNE/NNEDenoiser/Content/NNED_Oidn2-3_Fast_Alpha.uexp" 1288
"../../../Engine/Plugins/NNE/NNEDenoiser/Content/NNED_Oidn2-3_HighQuality.uasset" 1289
"../../../Engine/Plugins/NNE/NNEDenoiser/Content/NNED_Oidn2-3_HighQuality.uexp" 1290
"../../../Engine/Plugins/NNE/NNEDenoiser/Content/NNED_Oidn2-3_HighQuality_Alpha.uasset" 1291
"../../../Engine/Plugins/NNE/NNEDenoiser/Content/NNED_Oidn2-3_HighQuality_Alpha.uexp" 1292
"../../../Engine/Content/Maps/Entry_BuiltData.uasset" 1293
"../../../Engine/Content/Maps/Entry_BuiltData.uexp" 1294
"../../../Engine/Content/Maps/Entry.uexp" 1295
"../../../Engine/Content/Maps/Entry.umap" 1296
"C:/Users/Julian/Documents/Unreal Projects/MechatronicsVR/Content/StarterContent/Materials/M_Glass.uasset" 1297
"C:/Users/Julian/Documents/Unreal Projects/MechatronicsVR/Content/StarterContent/Materials/M_Glass.uexp" 1298
"C:/Users/Julian/Documents/Unreal Projects/MechatronicsVR/Content/FBX/StaticMesh/Bottom_Shell.ubulk" 1299
"C:/Users/Julian/Documents/Unreal Projects/MechatronicsVR/Content/FBX/StaticMesh/Bottom_Shell.uasset" 1300
"C:/Users/Julian/Documents/Unreal Projects/MechatronicsVR/Content/FBX/StaticMesh/Bottom_Shell.uexp" 1301
"C:/Users/Julian/Documents/Unreal Projects/MechatronicsVR/Content/VRTemplate/Textures/T_Grid.ubulk" 1302
"C:/Users/Julian/Documents/Unreal Projects/MechatronicsVR/Content/VRTemplate/Textures/T_Grid.uasset" 1303
"C:/Users/Julian/Documents/Unreal Projects/MechatronicsVR/Content/VRTemplate/Textures/T_Grid.uexp" 1304
"../../../Engine/Content/Functions/Engine_MaterialFunctions02/Utility/AppendMany.uasset" 1305
"../../../Engine/Content/Functions/Engine_MaterialFunctions02/Utility/AppendMany.uexp" 1306
"../../../Engine/Content/Functions/Engine_MaterialFunctions01/Gradient/LinearGradient.uasset" 1307
"../../../Engine/Content/Functions/Engine_MaterialFunctions01/Gradient/LinearGradient.uexp" 1308
"../../../Engine/Content/Functions/Engine_MaterialFunctions01/ImageAdjustment/CheapContrast.uasset" 1309
"../../../Engine/Content/Functions/Engine_MaterialFunctions01/ImageAdjustment/CheapContrast.uexp" 1310
"../../../Engine/Content/Functions/Engine_MaterialFunctions01/Texturing/WorldAlignedTexture.uasset" 1311
"../../../Engine/Content/Functions/Engine_MaterialFunctions01/Texturing/WorldAlignedTexture.uexp" 1312
"C:/Users/Julian/Documents/Unreal Projects/MechatronicsVR/Content/VRTemplate/Materials/M_GridRotation.uasset" 1313
"C:/Users/Julian/Documents/Unreal Projects/MechatronicsVR/Content/VRTemplate/Materials/M_GridRotation.uexp" 1314
"C:/Users/Julian/Documents/Unreal Projects/MechatronicsVR/Content/VRTemplate/Materials/MI_Grid_Accent.uasset" 1315
"C:/Users/Julian/Documents/Unreal Projects/MechatronicsVR/Content/VRTemplate/Materials/MI_Grid_Accent.uexp" 1316
"C:/Users/Julian/Documents/Unreal Projects/MechatronicsVR/Content/FBX/StaticMesh/Top_Shell.ubulk" 1317
"C:/Users/Julian/Documents/Unreal Projects/MechatronicsVR/Content/FBX/StaticMesh/Top_Shell.uasset" 1318
"C:/Users/Julian/Documents/Unreal Projects/MechatronicsVR/Content/FBX/StaticMesh/Top_Shell.uexp" 1319
"../../../Engine/Plugins/Interchange/Assets/Content/Functions/MF_PhongToMetalRoughness.uasset" 1320
"../../../Engine/Plugins/Interchange/Assets/Content/Functions/MF_PhongToMetalRoughness.uexp" 1321
"C:/Users/Julian/Documents/Unreal Projects/MechatronicsVR/Content/FBX/Materials/satin_finish_titanium.uasset" 1322
"C:/Users/Julian/Documents/Unreal Projects/MechatronicsVR/Content/FBX/Materials/satin_finish_titanium.uexp" 1323
"C:/Users/Julian/Documents/Unreal Projects/MechatronicsVR/Content/FBX/StaticMesh/Spacer.ubulk" 1324
"C:/Users/Julian/Documents/Unreal Projects/MechatronicsVR/Content/FBX/StaticMesh/Spacer.uasset" 1325
"C:/Users/Julian/Documents/Unreal Projects/MechatronicsVR/Content/FBX/StaticMesh/Spacer.uexp" 1326
"C:/Users/Julian/Documents/Unreal Projects/MechatronicsVR/Content/Blueprint/BP_DCAssembly.uasset" 1327
"C:/Users/Julian/Documents/Unreal Projects/MechatronicsVR/Content/Blueprint/BP_DCAssembly.uexp" 1328
"C:/Users/Julian/Documents/Unreal Projects/MechatronicsVR/Content/Blueprint/PartActors/BP_Spacer.uasset" 1329
"C:/Users/Julian/Documents/Unreal Projects/MechatronicsVR/Content/Blueprint/PartActors/BP_Spacer.uexp" 1330
"C:/Users/Julian/Documents/Unreal Projects/MechatronicsVR/Content/VRTemplate/Haptics/GrabHapticEffect.uasset" 1331
"C:/Users/Julian/Documents/Unreal Projects/MechatronicsVR/Content/VRTemplate/Haptics/GrabHapticEffect.uexp" 1332
"C:/Users/Julian/Documents/Unreal Projects/MechatronicsVR/Content/FBX/Materials/polished_copper.uasset" 1333
"C:/Users/Julian/Documents/Unreal Projects/MechatronicsVR/Content/FBX/Materials/polished_copper.uexp" 1334
"C:/Users/Julian/Documents/Unreal Projects/MechatronicsVR/Content/FBX/StaticMesh/Bottom_Spacer.ubulk" 1335
"C:/Users/Julian/Documents/Unreal Projects/MechatronicsVR/Content/FBX/StaticMesh/Bottom_Spacer.uasset" 1336
"C:/Users/Julian/Documents/Unreal Projects/MechatronicsVR/Content/FBX/StaticMesh/Bottom_Spacer.uexp" 1337
"C:/Users/Julian/Documents/Unreal Projects/MechatronicsVR/Content/Blueprint/PartActors/BP_BottomSpacer.uasset" 1338
"C:/Users/Julian/Documents/Unreal Projects/MechatronicsVR/Content/Blueprint/PartActors/BP_BottomSpacer.uexp" 1339
"C:/Users/Julian/Documents/Unreal Projects/MechatronicsVR/Content/FBX/StaticMesh/End_Contact_1.ubulk" 1340
"C:/Users/Julian/Documents/Unreal Projects/MechatronicsVR/Content/FBX/StaticMesh/End_Contact_1.uasset" 1341
"C:/Users/Julian/Documents/Unreal Projects/MechatronicsVR/Content/FBX/StaticMesh/End_Contact_1.uexp" 1342
"C:/Users/Julian/Documents/Unreal Projects/MechatronicsVR/Content/Blueprint/PartActors/BP_EndContact.uasset" 1343
"C:/Users/Julian/Documents/Unreal Projects/MechatronicsVR/Content/Blueprint/PartActors/BP_EndContact.uexp" 1344
"C:/Users/Julian/Documents/Unreal Projects/MechatronicsVR/Content/FBX/Materials/polished_gold.uasset" 1345
"C:/Users/Julian/Documents/Unreal Projects/MechatronicsVR/Content/FBX/Materials/polished_gold.uexp" 1346
"C:/Users/Julian/Documents/Unreal Projects/MechatronicsVR/Content/FBX/Materials/white_medium_gloss_plastic_ncl_1.uasset" 1347
"C:/Users/Julian/Documents/Unreal Projects/MechatronicsVR/Content/FBX/Materials/white_medium_gloss_plastic_ncl_1.uexp" 1348
"C:/Users/Julian/Documents/Unreal Projects/MechatronicsVR/Content/FBX/StaticMesh/Spacer1.ubulk" 1349
"C:/Users/Julian/Documents/Unreal Projects/MechatronicsVR/Content/FBX/StaticMesh/Spacer1.uasset" 1350
"C:/Users/Julian/Documents/Unreal Projects/MechatronicsVR/Content/FBX/StaticMesh/Spacer1.uexp" 1351
"C:/Users/Julian/Documents/Unreal Projects/MechatronicsVR/Content/FBX/Materials/polished_brass.uasset" 1352
"C:/Users/Julian/Documents/Unreal Projects/MechatronicsVR/Content/FBX/Materials/polished_brass.uexp" 1353
"C:/Users/Julian/Documents/Unreal Projects/MechatronicsVR/Content/FBX/StaticMesh/Brushing__Spacer.ubulk" 1354
"C:/Users/Julian/Documents/Unreal Projects/MechatronicsVR/Content/FBX/StaticMesh/Brushing__Spacer.uasset" 1355
"C:/Users/Julian/Documents/Unreal Projects/MechatronicsVR/Content/FBX/StaticMesh/Brushing__Spacer.uexp" 1356
"C:/Users/Julian/Documents/Unreal Projects/MechatronicsVR/Content/Blueprint/PartActors/BP_DCBrushingSpacer.uasset" 1357
"C:/Users/Julian/Documents/Unreal Projects/MechatronicsVR/Content/Blueprint/PartActors/BP_DCBrushingSpacer.uexp" 1358
"C:/Users/Julian/Documents/Unreal Projects/MechatronicsVR/Content/Blueprint/PartActors/BP_Core.uasset" 1359
"C:/Users/Julian/Documents/Unreal Projects/MechatronicsVR/Content/Blueprint/PartActors/BP_Core.uexp" 1360
"C:/Users/Julian/Documents/Unreal Projects/MechatronicsVR/Content/Blueprint/PartActors/BP_DCTopShell.uasset" 1361
"C:/Users/Julian/Documents/Unreal Projects/MechatronicsVR/Content/Blueprint/PartActors/BP_DCTopShell.uexp" 1362
"C:/Users/Julian/Documents/Unreal Projects/MechatronicsVR/Content/FBX/Materials/cast_iron.uasset" 1363
"C:/Users/Julian/Documents/Unreal Projects/MechatronicsVR/Content/FBX/Materials/cast_iron.uexp" 1364
"C:/Users/Julian/Documents/Unreal Projects/MechatronicsVR/Content/FBX/StaticMesh/Magnets.ubulk" 1365
"C:/Users/Julian/Documents/Unreal Projects/MechatronicsVR/Content/FBX/StaticMesh/Magnets.uasset" 1366
"C:/Users/Julian/Documents/Unreal Projects/MechatronicsVR/Content/FBX/StaticMesh/Magnets.uexp" 1367
"C:/Users/Julian/Documents/Unreal Projects/MechatronicsVR/Content/Blueprint/PartActors/BP_Magnets.uasset" 1368
"C:/Users/Julian/Documents/Unreal Projects/MechatronicsVR/Content/Blueprint/PartActors/BP_Magnets.uexp" 1369
"C:/Users/Julian/Documents/Unreal Projects/MechatronicsVR/Content/Blueprint/PartActors/BP_DCBottomShell.uasset" 1370
"C:/Users/Julian/Documents/Unreal Projects/MechatronicsVR/Content/Blueprint/PartActors/BP_DCBottomShell.uexp" 1371
"../../../Engine/Content/EngineSky/C_Sky_Horizon_Color.uasset" 1372
"../../../Engine/Content/EngineSky/C_Sky_Horizon_Color.uexp" 1373
"../../../Engine/Content/EngineSky/T_Sky_Stars.ubulk" 1374
"../../../Engine/Content/EngineSky/T_Sky_Stars.uasset" 1375
"../../../Engine/Content/EngineSky/T_Sky_Stars.uexp" 1376
"../../../Engine/Content/EngineSky/T_Sky_Clouds_M.ubulk" 1377
"../../../Engine/Content/EngineSky/T_Sky_Clouds_M.uasset" 1378
"../../../Engine/Content/EngineSky/T_Sky_Clouds_M.uexp" 1379
"../../../Engine/Content/EngineSky/T_Sky_Blue.ubulk" 1380
"../../../Engine/Content/EngineSky/T_Sky_Blue.uasset" 1381
"../../../Engine/Content/EngineSky/T_Sky_Blue.uexp" 1382
"../../../Engine/Content/EngineSky/M_Sky_Panning_Clouds2.uasset" 1383
"../../../Engine/Content/EngineSky/M_Sky_Panning_Clouds2.uexp" 1384
"../../../Engine/Content/EngineSky/SM_SkySphere.ubulk" 1385
"../../../Engine/Content/EngineSky/SM_SkySphere.uasset" 1386
"../../../Engine/Content/EngineSky/SM_SkySphere.uexp" 1387
"../../../Engine/Content/EngineSky/C_Sky_Cloud_Color.uasset" 1388
"../../../Engine/Content/EngineSky/C_Sky_Cloud_Color.uexp" 1389
"../../../Engine/Content/EngineSky/C_Sky_Zenith_Color.uasset" 1390
"../../../Engine/Content/EngineSky/C_Sky_Zenith_Color.uexp" 1391
"../../../Engine/Content/EngineSky/BP_Sky_Sphere.uasset" 1392
"../../../Engine/Content/EngineSky/BP_Sky_Sphere.uexp" 1393
"C:/Users/Julian/Documents/Unreal Projects/MechatronicsVR/Content/VRTemplate/Materials/MI_Grid_Default.uasset" 1394
"C:/Users/Julian/Documents/Unreal Projects/MechatronicsVR/Content/VRTemplate/Materials/MI_Grid_Default.uexp" 1395
"C:/Users/Julian/Documents/Unreal Projects/MechatronicsVR/Content/LevelPrototyping/Textures/T_GridChecker_A.ubulk" 1396
"C:/Users/Julian/Documents/Unreal Projects/MechatronicsVR/Content/LevelPrototyping/Textures/T_GridChecker_A.uasset" 1397
"C:/Users/Julian/Documents/Unreal Projects/MechatronicsVR/Content/LevelPrototyping/Textures/T_GridChecker_A.uexp" 1398
"C:/Users/Julian/Documents/Unreal Projects/MechatronicsVR/Content/LevelPrototyping/Materials/MF_ProcGrid.uasset" 1399
"C:/Users/Julian/Documents/Unreal Projects/MechatronicsVR/Content/LevelPrototyping/Materials/MF_ProcGrid.uexp" 1400
"C:/Users/Julian/Documents/Unreal Projects/MechatronicsVR/Content/LevelPrototyping/Materials/M_PrototypeGrid.uasset" 1401
"C:/Users/Julian/Documents/Unreal Projects/MechatronicsVR/Content/LevelPrototyping/Materials/M_PrototypeGrid.uexp" 1402
"C:/Users/Julian/Documents/Unreal Projects/MechatronicsVR/Content/LevelPrototyping/Materials/MI_PrototypeGrid_Gray.uasset" 1403
"C:/Users/Julian/Documents/Unreal Projects/MechatronicsVR/Content/LevelPrototyping/Materials/MI_PrototypeGrid_Gray.uexp" 1404
"C:/Users/Julian/Documents/Unreal Projects/MechatronicsVR/Content/LevelPrototyping/Meshes/SM_Cube.ubulk" 1405
"C:/Users/Julian/Documents/Unreal Projects/MechatronicsVR/Content/LevelPrototyping/Meshes/SM_Cube.uasset" 1406
"C:/Users/Julian/Documents/Unreal Projects/MechatronicsVR/Content/LevelPrototyping/Meshes/SM_Cube.uexp" 1407
"C:/Users/Julian/Documents/Unreal Projects/MechatronicsVR/Content/LevelPrototyping/Materials/M_Solid.uasset" 1408
"C:/Users/Julian/Documents/Unreal Projects/MechatronicsVR/Content/LevelPrototyping/Materials/M_Solid.uexp" 1409
"C:/Users/Julian/Documents/Unreal Projects/MechatronicsVR/Content/LevelPrototyping/Materials/MI_Solid_Blue.uasset" 1410
"C:/Users/Julian/Documents/Unreal Projects/MechatronicsVR/Content/LevelPrototyping/Materials/MI_Solid_Blue.uexp" 1411
"C:/Users/Julian/Documents/Unreal Projects/MechatronicsVR/Content/LevelPrototyping/Meshes/SM_ChamferCube.ubulk" 1412
"C:/Users/Julian/Documents/Unreal Projects/MechatronicsVR/Content/LevelPrototyping/Meshes/SM_ChamferCube.uasset" 1413
"C:/Users/Julian/Documents/Unreal Projects/MechatronicsVR/Content/LevelPrototyping/Meshes/SM_ChamferCube.uexp" 1414
"../../../Engine/Content/BasicShapes/BasicShapeMaterial.uasset" 1415
"../../../Engine/Content/BasicShapes/BasicShapeMaterial.uexp" 1416
"../../../Engine/Content/VREditor/BasicMeshes/T_CleanFloorGrunge_01_D.ubulk" 1417
"../../../Engine/Content/VREditor/BasicMeshes/T_CleanFloorGrunge_01_D.uasset" 1418
"../../../Engine/Content/VREditor/BasicMeshes/T_CleanFloorGrunge_01_D.uexp" 1419
"../../../Engine/Content/VREditor/BasicMeshes/M_Floor_01.uasset" 1420
"../../../Engine/Content/VREditor/BasicMeshes/M_Floor_01.uexp" 1421
"../../../Engine/Content/VREditor/BasicMeshes/MI_Ball_01.uasset" 1422
"../../../Engine/Content/VREditor/BasicMeshes/MI_Ball_01.uexp" 1423
"../../../Engine/Content/VREditor/BasicMeshes/SM_Ball_01.ubulk" 1424
"../../../Engine/Content/VREditor/BasicMeshes/SM_Ball_01.uasset" 1425
"../../../Engine/Content/VREditor/BasicMeshes/SM_Ball_01.uexp" 1426
"C:/Users/Julian/Documents/Unreal Projects/MechatronicsVR/Content/VRTemplate/Audio/Fire01.ubulk" 1427
"C:/Users/Julian/Documents/Unreal Projects/MechatronicsVR/Content/VRTemplate/Audio/Fire01.uasset" 1428
"C:/Users/Julian/Documents/Unreal Projects/MechatronicsVR/Content/VRTemplate/Audio/Fire01.uexp" 1429
"C:/Users/Julian/Documents/Unreal Projects/MechatronicsVR/Content/VRTemplate/Audio/Fire_Cue.uasset" 1430
"C:/Users/Julian/Documents/Unreal Projects/MechatronicsVR/Content/VRTemplate/Audio/Fire_Cue.uexp" 1431
"C:/Users/Julian/Documents/Unreal Projects/MechatronicsVR/Content/VRSpectator/Input/Actions/IA_VRSpectator_ResetRotation.uasset" 1432
"C:/Users/Julian/Documents/Unreal Projects/MechatronicsVR/Content/VRSpectator/Input/Actions/IA_VRSpectator_ResetRotation.uexp" 1433
"C:/Users/Julian/Documents/Unreal Projects/MechatronicsVR/Content/VRSpectator/Input/Actions/IA_VRSpectator_FOV_Reset.uasset" 1434
"C:/Users/Julian/Documents/Unreal Projects/MechatronicsVR/Content/VRSpectator/Input/Actions/IA_VRSpectator_FOV_Reset.uexp" 1435
"C:/Users/Julian/Documents/Unreal Projects/MechatronicsVR/Content/VRSpectator/Input/Actions/IA_VRSpectator_FOV.uasset" 1436
"C:/Users/Julian/Documents/Unreal Projects/MechatronicsVR/Content/VRSpectator/Input/Actions/IA_VRSpectator_FOV.uexp" 1437
"C:/Users/Julian/Documents/Unreal Projects/MechatronicsVR/Content/VRSpectator/Input/Actions/IA_VRSpectator_Toggle.uasset" 1438
"C:/Users/Julian/Documents/Unreal Projects/MechatronicsVR/Content/VRSpectator/Input/Actions/IA_VRSpectator_Toggle.uexp" 1439
"C:/Users/Julian/Documents/Unreal Projects/MechatronicsVR/Content/VRSpectator/Input/Actions/IA_VRSpectator_Move.uasset" 1440
"C:/Users/Julian/Documents/Unreal Projects/MechatronicsVR/Content/VRSpectator/Input/Actions/IA_VRSpectator_Move.uexp" 1441
"C:/Users/Julian/Documents/Unreal Projects/MechatronicsVR/Content/VRSpectator/Input/Actions/IA_VRSpectator_Look.uasset" 1442
"C:/Users/Julian/Documents/Unreal Projects/MechatronicsVR/Content/VRSpectator/Input/Actions/IA_VRSpectator_Look.uexp" 1443
"C:/Users/Julian/Documents/Unreal Projects/MechatronicsVR/Content/VRSpectator/Input/Actions/IA_VRSpectator_FadeInOut.uasset" 1444
"C:/Users/Julian/Documents/Unreal Projects/MechatronicsVR/Content/VRSpectator/Input/Actions/IA_VRSpectator_FadeInOut.uexp" 1445
"C:/Users/Julian/Documents/Unreal Projects/MechatronicsVR/Content/VRSpectator/Input/IMC_VRSpectator.uasset" 1446
"C:/Users/Julian/Documents/Unreal Projects/MechatronicsVR/Content/VRSpectator/Input/IMC_VRSpectator.uexp" 1447
"C:/Users/Julian/Documents/Unreal Projects/MechatronicsVR/Content/VRSpectator/RT_VRSpectator.uasset" 1448
"C:/Users/Julian/Documents/Unreal Projects/MechatronicsVR/Content/VRSpectator/RT_VRSpectator.uexp" 1449
"../../../Engine/Content/EditorResources/MatineeCam_D.uasset" 1450
"../../../Engine/Content/EditorResources/MatineeCam_D.uexp" 1451
"../../../Engine/Content/EditorMaterials/MatineeCam_mat.uasset" 1452
"../../../Engine/Content/EditorMaterials/MatineeCam_mat.uexp" 1453
"../../../Engine/Content/EditorMeshes/MatineeCam_SM.ubulk" 1454
"../../../Engine/Content/EditorMeshes/MatineeCam_SM.uasset" 1455
"../../../Engine/Content/EditorMeshes/MatineeCam_SM.uexp" 1456
"C:/Users/Julian/Documents/Unreal Projects/MechatronicsVR/Content/VRSpectator/EVRSpectatorMode.uasset" 1457
"C:/Users/Julian/Documents/Unreal Projects/MechatronicsVR/Content/VRSpectator/EVRSpectatorMode.uexp" 1458
"C:/Users/Julian/Documents/Unreal Projects/MechatronicsVR/Content/VRSpectator/VRSpectator.uasset" 1459
"C:/Users/Julian/Documents/Unreal Projects/MechatronicsVR/Content/VRSpectator/VRSpectator.uexp" 1460
"C:/Users/Julian/Documents/Unreal Projects/MechatronicsVR/Content/VRTemplate/Maps/VRTemplateMap_BuiltData.ubulk" 1461
"C:/Users/Julian/Documents/Unreal Projects/MechatronicsVR/Content/VRTemplate/Maps/VRTemplateMap_BuiltData.uasset" 1462
"C:/Users/Julian/Documents/Unreal Projects/MechatronicsVR/Content/VRTemplate/Maps/VRTemplateMap_BuiltData.uexp" 1463
"C:/Users/Julian/Documents/Unreal Projects/MechatronicsVR/Content/VRTemplate/Maps/VRTemplateMap.uexp" 1464
"C:/Users/Julian/Documents/Unreal Projects/MechatronicsVR/Content/VRTemplate/Maps/VRTemplateMap.umap" 1465
