"C:/Users/Anthony/Documents/GitHub/mechatronics-vr/MechatronicsVR.uproject" 1
"../../../../../../Users/Anthony/Documents/GitHub/mechatronics-vr/Binaries/Win64/UnrealEditor.modules" 2
"../../../Engine/Plugins/AudioGameplayVolume/AudioGameplayVolume.uplugin" 3
"../../../Engine/Plugins/BaseMaterial/BaseMaterial.uplugin" 4
"../../../Engine/Plugins/AudioInsights/AudioInsights.uplugin" 5
"../../../Engine/Plugins/BlueprintFileUtils/BlueprintFileUtils.uplugin" 6
"../../../Engine/Plugins/ChaosVD/ChaosVD.uplugin" 7
"../../../Engine/Plugins/AudioGameplay/AudioGameplay.uplugin" 8
"../../../Engine/Plugins/ChaosCloth/ChaosCloth.uplugin" 9
"../../../Engine/Plugins/Bridge/Bridge.uplugin" 10
"../../../Engine/Plugins/ChaosClothAssetEditor/ChaosClothAssetEditor.uplugin" 11
"../../../Engine/Plugins/ChaosClothAsset/ChaosClothAsset.uplugin" 12
"../../../Engine/Plugins/CmdLinkServer/CmdLinkServer.uplugin" 13
"../../../Engine/Plugins/EnhancedInput/EnhancedInput.uplugin" 14
"../../../Engine/Plugins/Chooser/Chooser.uplugin" 15
"../../../Engine/Plugins/FastBuildController/FastBuildController.uplugin" 16
"../../../Engine/Plugins/DiscoveryBeaconReceiver/DiscoveryBeaconReceiver.uplugin" 17
"../../../Engine/Plugins/Fab/Fab.uplugin" 18
"../../../Engine/Plugins/IoStoreInsights/IoStoreInsights.uplugin" 19
"../../../Engine/Plugins/JsonBlueprintUtilities/JsonBlueprintUtilities.uplugin" 20
"../../../Engine/Plugins/ChaosInsights/ChaosInsights.uplugin" 21
"../../../Engine/Plugins/MemoryUsageQueries/MemoryUsageQueries.uplugin" 22
"../../../Engine/Plugins/LightWeightInstancesEditor/LightWeightInstancesEditor.uplugin" 23
"../../../Engine/Plugins/MassInsights/MassInsights.uplugin" 24
"../../../Engine/Plugins/MeshPainting/MeshPainting.uplugin" 25
"../../../Engine/Plugins/Mutable/Mutable.uplugin" 26
"../../../Engine/Plugins/RenderGraphInsights/RenderGraphInsights.uplugin" 27
"../../../Engine/Plugins/PCG/PCG.uplugin" 28
"../../../Engine/Plugins/ScriptPlugin/ScriptPlugin.uplugin" 29
"../../../Engine/Plugins/TraceUtilities/TraceUtilities.uplugin" 30
"../../../Engine/Plugins/UbaController/UbaController.uplugin" 31
"../../../Engine/Plugins/WorldMetrics/WorldMetrics.uplugin" 32
"../../../Engine/Plugins/AI/AISupport/AISupport.uplugin" 33
"../../../Engine/Plugins/TextureGraph/TextureGraph.uplugin" 34
"../../../Engine/Plugins/AI/EnvironmentQueryEditor/EnvironmentQueryEditor.uplugin" 35
"../../../Engine/Plugins/AI/MassCrowd/MassCrowd.uplugin" 36
"../../../Engine/Plugins/AI/MLAdapter/MLAdapter.uplugin" 37
"../../../Engine/Plugins/AI/HTNPlanner/HTNPlanner.uplugin" 38
"../../../Engine/Plugins/Compositing/CompositeCore/CompositeCore.uplugin" 39
"../../../Engine/Plugins/Compositing/HoldoutComposite/HoldoutComposite.uplugin" 40
"../../../Engine/Plugins/Compositing/LensDistortion/LensDistortion.uplugin" 41
"../../../Engine/Plugins/Compositing/Composure/Composure.uplugin" 42
"../../../Engine/Plugins/Compositing/Composite/Composite.uplugin" 43
"../../../Engine/Plugins/Compositing/OpenColorIO/OpenColorIO.uplugin" 44
"../../../Engine/Plugins/AI/MassAI/MassAI.uplugin" 45
"../../../Engine/Plugins/Compositing/OpenCVLensDistortion/OpenCVLensDistortion.uplugin" 46
"../../../Engine/Plugins/Experimental/AbilitySystemGameFeatureActions/AbilitySystemGameFeatureActions.uplugin" 47
"../../../Engine/Plugins/Experimental/ActorPalette/ActorPalette.uplugin" 48
"../../../Engine/Plugins/Experimental/AdvancedRenamer/AdvancedRenamer.uplugin" 49
"../../../Engine/Plugins/Experimental/AIAssistant/AIAssistant.uplugin" 50
"../../../Engine/Plugins/Experimental/AsyncMessageSystemTests/AsyncMessageSystemTests.uplugin" 51
"../../../Engine/Plugins/Experimental/AnimToTexture/AnimToTexture.uplugin" 52
"../../../Engine/Plugins/Experimental/AutomationUtils/AutomationUtils.uplugin" 53
"../../../Engine/Plugins/Experimental/AvalancheSequenceNavigator/AvalancheSequenceNavigator.uplugin" 54
"../../../Engine/Plugins/Experimental/AsyncMessageSystem/AsyncMessageSystem.uplugin" 55
"../../../Engine/Plugins/Experimental/AvalancheDisplayCluster/AvalancheDisplayCluster.uplugin" 56
"../../../Engine/Plugins/Experimental/BackChannel/BackChannel.uplugin" 57
"../../../Engine/Plugins/Experimental/ChaosCaching/ChaosCaching.uplugin" 58
"../../../Engine/Plugins/Experimental/CelestialVault/CelestialVault.uplugin" 59
"../../../Engine/Plugins/Experimental/Buoyancy/Buoyancy.uplugin" 60
"../../../Engine/Plugins/Experimental/ChaosFlesh/ChaosFlesh.uplugin" 61
"../../../Engine/Plugins/Experimental/BlueprintSnapNodes/BlueprintSnapNodes.uplugin" 62
"../../../Engine/Plugins/Experimental/ChaosCachingUSD/ChaosCachingUSD.uplugin" 63
"../../../Engine/Plugins/XGEController/XGEController.uplugin" 64
"../../../Engine/Plugins/Experimental/BlueprintStats/BlueprintStats.uplugin" 65
"../../../Engine/Plugins/Experimental/ChaosEditor/ChaosEditor.uplugin" 66
"../../../Engine/Plugins/Experimental/ChaosClothEditor/ChaosClothEditor.uplugin" 67
"../../../Engine/Plugins/Experimental/ChaosModularVehicleExamples/ChaosModularVehicleExamples.uplugin" 68
"../../../Engine/Plugins/Experimental/ChaosMover/ChaosMover.uplugin" 69
"../../../Engine/Plugins/Experimental/ChaosRigidAsset/ChaosRigidAsset.uplugin" 70
"../../../Engine/Plugins/Experimental/ChaosOutfitAsset/ChaosOutfitAsset.uplugin" 71
"../../../Engine/Plugins/Experimental/ChaosNiagara/ChaosNiagara.uplugin" 72
"../../../Engine/Plugins/Experimental/CineCameraSceneCapture/CineCameraSceneCapture.uplugin" 73
"../../../Engine/Plugins/Experimental/CharacterAI/CharacterAI.uplugin" 74
"../../../Engine/Plugins/Experimental/ChaosUserDataPT/ChaosUserDataPT.uplugin" 75
"../../../Engine/Plugins/Experimental/CinematicPrestreaming/CinematicPrestreaming.uplugin" 76
"../../../Engine/Plugins/Experimental/ChaosVehiclesPlugin/ChaosVehiclesPlugin.uplugin" 77
"../../../Engine/Plugins/Experimental/CodeView/CodeView.uplugin" 78
"../../../Engine/Plugins/Experimental/CineCameraRigs/CineCameraRigs.uplugin" 79
"../../../Engine/Plugins/Experimental/ColorCorrectRegions/ColorCorrectRegions.uplugin" 80
"../../../Engine/Plugins/Experimental/ControlFlows/ControlFlows.uplugin" 81
"../../../Engine/Plugins/Experimental/CommonConversation/CommonConversation.uplugin" 82
"../../../Engine/Plugins/Experimental/ControlRigPhysics/ControlRigPhysics.uplugin" 83
"../../../Engine/Plugins/Experimental/Dataflow/Dataflow.uplugin" 84
"../../../Engine/Plugins/Experimental/DaySequence/DaySequence.uplugin" 85
"../../../Engine/Plugins/Experimental/ChaosSolverPlugin/ChaosSolverPlugin.uplugin" 86
"../../../Engine/Plugins/Experimental/CinematicSequenceNavigator/CinematicSequenceNavigator.uplugin" 87
"../../../Engine/Plugins/Experimental/CodeEditor/CodeEditor.uplugin" 88
"../../../Engine/Plugins/Experimental/DefaultInstallBundleManager/DefaultInstallBundleManager.uplugin" 89
"../../../Engine/Plugins/Experimental/DynamicMaterialMediaStreamBridge/DynamicMaterialMediaStreamBridge.uplugin" 90
"../../../Engine/Plugins/Experimental/EditorDataStorage/EditorDataStorage.uplugin" 91
"../../../Engine/Plugins/Experimental/DrawDebugLibrary/DrawDebugLibrary.uplugin" 92
"../../../Engine/Plugins/Experimental/DynamicWind/DynamicWind.uplugin" 93
"../../../Engine/Plugins/Experimental/EditorPerformance/EditorPerformance.uplugin" 94
"../../../Engine/Plugins/Experimental/EditorTelemetry/EditorTelemetry.uplugin" 95
"../../../Engine/Plugins/Experimental/EditorDataStorageFeatures/EditorDataStorageFeatures.uplugin" 96
"../../../Engine/Plugins/Experimental/FastGeoStreaming/FastGeoStreaming.uplugin" 97
"../../../Engine/Plugins/Experimental/EvaluationNotifies/EvaluationNotifies.uplugin" 98
"../../../Engine/Plugins/Experimental/FieldSystemPlugin/FieldSystemPlugin.uplugin" 99
"../../../Engine/Plugins/Experimental/FloatingProperties/FloatingProperties.uplugin" 100
"../../../Engine/Plugins/Experimental/Fracture/Fracture.uplugin" 101
"../../../Engine/Plugins/Experimental/FullBodyIK/FullBodyIK.uplugin" 102
"../../../Engine/Plugins/Experimental/GameInputWindows/GameInputWindows.uplugin" 103
"../../../Engine/Plugins/Experimental/GameplayBehaviors/GameplayBehaviors.uplugin" 104
"../../../Engine/Plugins/Experimental/GameplayGraph/GameplayGraph.uplugin" 105
"../../../Engine/Plugins/Experimental/Gauntlet/Gauntlet.uplugin" 106
"../../../Engine/Plugins/Experimental/GameplayTargetingSystem/TargetingSystem.uplugin" 107
"../../../Engine/Plugins/Experimental/GeometryCacheAbcFile/GeometryCacheAbcFile.uplugin" 108
"../../../Engine/Plugins/Experimental/GeometryCacheLevelSequenceBaker/GeometryCacheLevelSequenceBaker.uplugin" 109
"../../../Engine/Plugins/Experimental/GeometryDataflow/GeometryDataflow.uplugin" 110
"../../../Engine/Plugins/Experimental/GeometryCollectionPlugin/GeometryCollectionPlugin.uplugin" 111
"../../../Engine/Plugins/Experimental/GizmoEdMode/GizmoEdMode.uplugin" 112
"../../../Engine/Plugins/Experimental/GeometryFlow/GeometryFlow.uplugin" 113
"../../../Engine/Plugins/Experimental/GlobalConfigurationData/GlobalConfigurationData.uplugin" 114
"../../../Engine/Plugins/Experimental/ImagePlate/ImagePlate.uplugin" 115
"../../../Engine/Plugins/Experimental/ImageWidgets/ImageWidgets.uplugin" 116
"../../../Engine/Plugins/Experimental/GizmoFramework/GizmoFramework.uplugin" 117
"../../../Engine/Plugins/Experimental/InEditorDocumentation/InEditorDocumentation.uplugin" 118
"../../../Engine/Plugins/Experimental/HairCardGenerator/HairCardGenerator.uplugin" 119
"../../../Engine/Plugins/Experimental/HairStrandsMutable/HairStrandsMutable.uplugin" 120
"../../../Engine/Plugins/Experimental/HairModelingToolset/HairModelingToolset.uplugin" 121
"../../../Engine/Plugins/Experimental/InstanceDataObjectFixupTool/InstanceDataObjectFixupTool.uplugin" 122
"../../../Engine/Plugins/Experimental/InlineMaterialInstance/InlineMaterialInstance.uplugin" 123
"../../../Engine/Plugins/Experimental/GPULightmass/GPULightmass.uplugin" 124
"../../../Engine/Plugins/Experimental/InteractionInterface/InteractionInterface.uplugin" 125
"../../../Engine/Plugins/Experimental/ImpostorBaker/ImpostorBaker.uplugin" 126
"../../../Engine/Plugins/Experimental/ChaosModularVehicle/ChaosModularVehicle.uplugin" 127
"../../../Engine/Plugins/Experimental/Iris/Iris.uplugin" 128
"../../../Engine/Plugins/Experimental/JWT/JWT.uplugin" 129
"../../../Engine/Plugins/Experimental/LiveLinkControlRig/LiveLinkControlRig.uplugin" 130
"../../../Engine/Plugins/Experimental/Landmass/Landmass.uplugin" 131
"../../../Engine/Plugins/Experimental/LevelSequenceNavigatorBridge/LevelSequenceNavigatorBridge.uplugin" 132
"../../../Engine/Plugins/Experimental/LearningAgents/LearningAgents.uplugin" 133
"../../../Engine/Plugins/Experimental/LiveLinkFaceImporter/LiveLinkFaceImporter.uplugin" 134
"../../../Engine/Plugins/Experimental/LiveLinkOpenVR/LiveLinkOpenVR.uplugin" 135
"../../../Engine/Plugins/Experimental/LocalizableMessage/LocalizableMessage.uplugin" 136
"../../../Engine/Plugins/Experimental/MediaStream/MediaStream.uplugin" 137
"../../../Engine/Plugins/Experimental/LowLevelNetTrace/LowLevelNetTrace.uplugin" 138
"../../../Engine/Plugins/Experimental/MeshModelingToolsetExp/MeshModelingToolsetExp.uplugin" 139
"../../../Engine/Plugins/Experimental/MeshResizing/MeshResizing.uplugin" 140
"../../../Engine/Plugins/Experimental/MotorSimOutputMotoSynth/MotorSimOutputMotoSynth.uplugin" 141
"../../../Engine/Plugins/Experimental/MetasoundExperimental/MetasoundExperimental.uplugin" 142
"../../../Engine/Plugins/Experimental/MLflow/MLflow.uplugin" 143
"../../../Engine/Plugins/Experimental/MotoSynth/MotoSynth.uplugin" 144
"../../../Engine/Plugins/Experimental/Mover/Mover.uplugin" 145
"../../../Engine/Plugins/Experimental/MoverAnimNext/MoverAnimNext.uplugin" 146
"../../../Engine/Plugins/Experimental/MoverExamples/MoverExamples.uplugin" 147
"../../../Engine/Plugins/Experimental/MoverIntegrations/MoverIntegrations.uplugin" 148
"../../../Engine/Plugins/Experimental/MovieSceneAnimMixer/MovieSceneAnimMixer.uplugin" 149
"../../../Engine/Plugins/Experimental/MoverTests/MoverTests.uplugin" 150
"../../../Engine/Plugins/Experimental/MovieScenePoseSearchTracks/MovieScenePoseSearchTracks.uplugin" 151
"../../../Engine/Plugins/Experimental/NaniteAssemblyEditorUtils/NaniteAssemblyEditorUtils.uplugin" 152
"../../../Engine/Plugins/Experimental/MutablePopulation/MutablePopulation.uplugin" 153
"../../../Engine/Plugins/Experimental/MutableDataflow/MutableDataflow.uplugin" 154
"../../../Engine/Plugins/Experimental/NaniteDisplacedMesh/NaniteDisplacedMesh.uplugin" 155
"../../../Engine/Plugins/Experimental/MutableClothing/MutableClothing.uplugin" 156
"../../../Engine/Plugins/Experimental/NNERuntimeCoreML/NNERuntimeCoreML.uplugin" 157
"../../../Engine/Plugins/Experimental/NFORDenoise/NFORDenoise.uplugin" 158
"../../../Engine/Plugins/Experimental/NNERuntimeBasicCpu/NNERuntimeBasicCpu.uplugin" 159
"../../../Engine/Plugins/Experimental/NeuralRendering/NeuralRendering.uplugin" 160
"../../../Engine/Plugins/Experimental/PanoramicCapture/PanoramicCapture.uplugin" 161
"../../../Engine/Plugins/Experimental/NNERuntimeIREE/NNERuntimeIREE.uplugin" 162
"../../../Engine/Plugins/Experimental/OpenImageDenoise/OpenImageDenoise.uplugin" 163
"../../../Engine/Plugins/Experimental/PhysicsControl/PhysicsControl.uplugin" 164
"../../../Engine/Plugins/Experimental/PCGBiomeCore/PCGBiomeCore.uplugin" 165
"../../../Engine/Plugins/Experimental/NNERuntimeRDG/NNERuntimeRDG.uplugin" 166
"../../../Engine/Plugins/Experimental/PCGBiomeSample/PCGBiomeSample.uplugin" 167
"../../../Engine/Plugins/Experimental/PlanarCutPlugin/PlanarCut.uplugin" 168
"../../../Engine/Plugins/Experimental/PlainProps/PlainProps.uplugin" 169
"../../../Engine/Plugins/Experimental/PlainPropsUObject/PlainPropsUObject.uplugin" 170
"../../../Engine/Plugins/Experimental/PluginAudit/PluginAudit.uplugin" 171
"../../../Engine/Plugins/Experimental/PlatformCrypto/PlatformCrypto.uplugin" 172
"../../../Engine/Plugins/Experimental/PostProcessMaterialChainGraph/PostProcessMaterialChainGraph.uplugin" 173
"../../../Engine/Plugins/Experimental/OptiXDenoise/OptiXDenoise.uplugin" 174
"../../../Engine/Plugins/Experimental/PluginReferenceViewer/PluginReferenceViewer.uplugin" 175
"../../../Engine/Plugins/Experimental/PluginTemplateTool/PluginTemplateTool.uplugin" 176
"../../../Engine/Plugins/Experimental/ProceduralVegetationEditor/ProceduralVegetationEditor.uplugin" 177
"../../../Engine/Plugins/Experimental/PlainPropsEngine/PlainPropsEngine.uplugin" 178
"../../../Engine/Plugins/Experimental/QuicMessaging/QuicMessaging.uplugin" 179
"../../../Engine/Plugins/Experimental/PSDImporter/PSDImporter.uplugin" 180
"../../../Engine/Plugins/Experimental/PythonFoundationPackages/PythonFoundationPackages.uplugin" 181
"../../../Engine/Plugins/Experimental/PythonScriptPlugin/PythonScriptPlugin.uplugin" 182
"../../../Engine/Plugins/Experimental/RemoteControlActorModifierBridge/RemoteControlActorModifierBridge.uplugin" 183
"../../../Engine/Plugins/Experimental/PythonMLPackages/PythonMLPackages.uplugin" 184
"../../../Engine/Plugins/Experimental/RazerChromaDevices/RazerChromaDevices.uplugin" 185
"../../../Engine/Plugins/Experimental/RemoteControlComponents/RemoteControlComponents.uplugin" 186
"../../../Engine/Plugins/Experimental/RawInput/RawInput.uplugin" 187
"../../../Engine/Plugins/Experimental/PSDImporterMaterialDesignerBridge/PSDImporterMaterialDesignerBridge.uplugin" 188
"../../../Engine/Plugins/Experimental/RenderGrid/RenderGrid.uplugin" 189
"../../../Engine/Plugins/Experimental/PixelStreamingPlayer/PixelStreamingPlayer.uplugin" 190
"../../../Engine/Plugins/Experimental/RigLogicMutable/RigLogicMutable.uplugin" 191
"../../../Engine/Plugins/Experimental/RuntimeTelemetry/RuntimeTelemetry.uplugin" 192
"../../../Engine/Plugins/Experimental/SerializationUtils/SerializationUtils.uplugin" 193
"../../../Engine/Plugins/Experimental/Shotgrid/Shotgrid.uplugin" 194
"../../../Engine/Plugins/Experimental/ScreenReader/ScreenReader.uplugin" 195
"../../../Engine/Plugins/Experimental/SlateModelViewViewModel/SlateModelViewViewModel.uplugin" 196
"../../../Engine/Plugins/Experimental/SlateScreenReader/SlateScreenReader.uplugin" 197
"../../../Engine/Plugins/Experimental/SpatialReadiness/SpatialReadiness.uplugin" 198
"../../../Engine/Plugins/Experimental/SkeletalReduction/SkeletalReduction.uplugin" 199
"../../../Engine/Plugins/Experimental/SlateIM/SlateIM.uplugin" 200
"../../../Engine/Plugins/Experimental/SimpleHMD/SimpleHMD.uplugin" 201
"../../../Engine/Plugins/Experimental/RigLogicUAF/RigLogicUAF.uplugin" 202
"../../../Engine/Plugins/Experimental/StateGraph/StateGraph.uplugin" 203
"../../../Engine/Plugins/Experimental/SubmitToolEditor/SubmitToolEditor.uplugin" 204
"../../../Engine/Plugins/Experimental/StructUtils/StructUtils.uplugin" 205
"../../../Engine/Plugins/Experimental/TechAudioTools/TechAudioTools.uplugin" 206
"../../../Engine/Plugins/Experimental/SecuritySandbox/SecuritySandbox.uplugin" 207
"../../../Engine/Plugins/Experimental/SurfaceEffects/SurfaceEffects.uplugin" 208
"../../../Engine/Plugins/Experimental/TargetDeviceServicesScripting/TargetDeviceServicesScripting.uplugin" 209
"../../../Engine/Plugins/Experimental/TextToSpeech/TextToSpeech.uplugin" 210
"../../../Engine/Plugins/Experimental/UIFramework/UIFramework.uplugin" 211
"../../../Engine/Plugins/Experimental/UserToolBoxBasicCommand/UserToolBoxBasicCommand.uplugin" 212
"../../../Engine/Plugins/Experimental/SequenceNavigator/SequenceNavigator.uplugin" 213
"../../../Engine/Plugins/Experimental/ToolPresets/ToolPresets.uplugin" 214
"../../../Engine/Plugins/Experimental/VirtualProductionUtilities/VirtualProductionUtilities.uplugin" 215
"../../../Engine/Plugins/Experimental/Water/Water.uplugin" 216
"../../../Engine/Plugins/Experimental/VirtualHeightfieldMesh/VirtualHeightfieldMesh.uplugin" 217
"../../../Engine/Plugins/Experimental/Volumetrics/Volumetrics.uplugin" 218
"../../../Engine/Plugins/Experimental/TetMeshing/TetMeshing.uplugin" 219
"../../../Engine/Plugins/Experimental/WaterAdvanced/WaterAdvanced.uplugin" 220
"../../../Engine/Plugins/Experimental/WidgetEditorToolPalette/WidgetEditorToolPalette.uplugin" 221
"../../../Engine/Plugins/Experimental/WaveFunctionCollapse/WaveFunctionCollapse.uplugin" 222
"../../../Engine/Plugins/Experimental/Workspace/Workspace.uplugin" 223
"../../../Engine/Plugins/Experimental/XRCreativeFramework/XRCreativeFramework.uplugin" 224
"../../../Engine/Plugins/Experimental/WebSocketMessaging/WebSocketMessaging.uplugin" 225
"../../../Engine/Plugins/MetaHuman/MetaHumanCalibrationProcessing/MetaHumanCalibrationProcessing.uplugin" 226
"../../../Engine/Plugins/Experimental/WaterExtras/WaterExtras.uplugin" 227
"../../../Engine/Plugins/MetaHuman/MetaHumanCharacter/MetaHumanCharacter.uplugin" 228
"../../../Engine/Plugins/Performance/PerformanceMonitor/PerformanceMonitor.uplugin" 229
"../../../Engine/Plugins/MetaHuman/MetaHumanLiveLink/MetaHumanLiveLink.uplugin" 230
"../../../Engine/Plugins/MetaHuman/MetaHumanAnimator/MetaHuman.uplugin" 231
"../../../Engine/Plugins/Experimental/WebSocketNetworking/WebSocketNetworking.uplugin" 232
"../../../Engine/Plugins/MetaHuman/MetaHumanSDK/MetaHumanSDK.uplugin" 233
"../../../Engine/Plugins/Cameras/EngineCameras/EngineCameras.uplugin" 234
"../../../Engine/Plugins/Cameras/CameraShakePreviewer/CameraShakePreviewer.uplugin" 235
"../../../Engine/Plugins/Developer/AnimationSharing/AnimationSharing.uplugin" 236
"../../../Engine/Plugins/Cameras/GameplayCameras/GameplayCameras.uplugin" 237
"../../../Engine/Plugins/MetaHuman/MetaHumanCoreTechLib/MetaHumanCoreTech.uplugin" 238
"../../../Engine/Plugins/Developer/BlankPlugin/BlankPlugin.uplugin" 239
"../../../Engine/Plugins/Developer/DirectoryPlaceholder/DirectoryPlaceholder.uplugin" 240
"../../../Engine/Plugins/Performance/AutomatedPerfTesting/AutomatedPerfTesting.uplugin" 241
"../../../Engine/Plugins/Developer/FieldNotificationTrace/FieldNotificationTrace.uplugin" 242
"../../../Engine/Plugins/Experimental/UserToolBoxCore/UserToolBoxCore.uplugin" 243
"../../../Engine/Plugins/Experimental/SubtitlesAndClosedCaptions/SubtitlesAndClosedCaptions.uplugin" 244
"../../../Engine/Plugins/Developer/NullSourceCodeAccess/NullSourceCodeAccess.uplugin" 245
"../../../Engine/Plugins/Developer/NamingTokens/NamingTokens.uplugin" 246
"../../../Engine/Plugins/Developer/GitSourceControl/GitSourceControl.uplugin" 247
"../../../Engine/Plugins/Experimental/Tensorboard/Tensorboard.uplugin" 248
"../../../Engine/Plugins/Developer/KDevelopSourceCodeAccess/KDevelopSourceCodeAccess.uplugin" 249
"../../../Engine/Plugins/Developer/N10XSourceCodeAccess/N10XSourceCodeAccess.uplugin" 250
"../../../Engine/Plugins/Developer/PlasticSourceControl/PlasticSourceControl.uplugin" 251
"../../../Engine/Plugins/Developer/GPUReshape/GPUReshape.uplugin" 252
"../../../Engine/Plugins/Developer/PixWinPlugin/PixWinPlugin.uplugin" 253
"../../../Engine/Plugins/Developer/ProjectLauncher/ProjectLauncher.uplugin" 254
"../../../Engine/Plugins/Developer/DumpGPUServices/DumpGPUServices.uplugin" 255
"../../../Engine/Plugins/Developer/SubversionSourceControl/SubversionSourceControl.uplugin" 256
"../../../Engine/Plugins/Developer/PluginUtils/PluginUtils.uplugin" 257
"../../../Engine/Plugins/Developer/CLionSourceCodeAccess/CLionSourceCodeAccess.uplugin" 258
"../../../Engine/Plugins/Developer/PropertyAccessNode/PropertyAccessNode.uplugin" 259
"../../../Engine/Plugins/Developer/TextureFormatOodle/TextureFormatOodle.uplugin" 260
"../../../Engine/Plugins/Developer/PerforceSourceControl/PerforceSourceControl.uplugin" 261
"../../../Engine/Plugins/Developer/RenderDocPlugin/RenderDocPlugin.uplugin" 262
"../../../Engine/Plugins/Developer/UObjectPlugin/UObjectPlugin.uplugin" 263
"../../../Engine/Plugins/Developer/OneSkyLocalizationService/OneSkyLocalizationService.uplugin" 264
"../../../Engine/Plugins/Developer/RiderSourceCodeAccess/RiderSourceCodeAccess.uplugin" 265
"../../../Engine/Plugins/Developer/XcodeGPUDebuggerPlugin/XcodeGPUDebuggerPlugin.uplugin" 266
"../../../Engine/Plugins/Developer/VisualStudioSourceCodeAccess/VisualStudioSourceCodeAccess.uplugin" 267
"../../../Engine/Plugins/Developer/TraceSourceFiltering/TraceSourceFilters.uplugin" 268
"../../../Engine/Plugins/Interchange/Editor/InterchangeEditor.uplugin" 269
"../../../Engine/Plugins/Developer/VisualStudioCodeSourceCodeAccess/VisualStudioCodeSourceCodeAccess.uplugin" 270
"../../../Engine/Plugins/Media/AppleProResDecoderElectra/AppleProResDecoderElectra.uplugin" 271
"../../../Engine/Plugins/Media/AppleProResMedia/AppleProResMedia.uplugin" 272
"../../../Engine/Plugins/Developer/CodeLiteSourceCodeAccess/CodeLiteSourceCodeAccess.uplugin" 273
"../../../Engine/Plugins/Media/AudioCaptureTimecodeProvider/AudioCaptureTimecodeProvider.uplugin" 274
"../../../Engine/Plugins/Media/AndroidCamera/AndroidCamera.uplugin" 275
"../../../Engine/Plugins/Media/AjaMedia/AjaMedia.uplugin" 276
"../../../Engine/Plugins/Interchange/Assets/InterchangeAssets.uplugin" 277
"../../../Engine/Plugins/Interchange/Runtime/Interchange.uplugin" 278
"../../../Engine/Plugins/Media/AvidDNxHDDecoderElectra/AvidDNxHDDecoderElectra.uplugin" 279
"../../../Engine/Plugins/Media/AndroidMedia/AndroidMedia.uplugin" 280
"../../../Engine/Plugins/Media/BlackmagicMedia/BlackmagicMedia.uplugin" 281
"../../../Engine/Plugins/Media/BinkMedia/BinkMedia.uplugin" 282
"../../../Engine/Plugins/Media/D3D12VideoDecodersElectra/D3D12VideoDecodersElectra.uplugin" 283
"../../../Engine/Plugins/Media/ElectraCDM/ElectraCDM.uplugin" 284
"../../../Engine/Plugins/Media/ElectraCodecs/ElectraCodecs.uplugin" 285
"../../../Engine/Plugins/Media/ElectraPlayer/ElectraPlayer.uplugin" 286
"../../../Engine/Plugins/Media/ElectraUtil/ElectraUtil.uplugin" 287
"../../../Engine/Plugins/Media/ElectraSubtitles/ElectraSubtitles.uplugin" 288
"../../../Engine/Plugins/Media/HAPMedia/HAPMedia.uplugin" 289
"../../../Engine/Plugins/Media/HAPDecoderElectra/HAPDecoderElectra.uplugin" 290
"../../../Engine/Plugins/Media/FlacDecoderElectra/FlacDecoderElectra.uplugin" 291
"../../../Engine/Plugins/Media/HardwareEncoders/HardwareEncoders.uplugin" 292
"../../../Engine/Plugins/Media/AvidDNxMedia/AvidDNxMedia.uplugin" 293
"../../../Engine/Plugins/Media/LinearTimecode/LinearTimecode.uplugin" 294
"../../../Engine/Plugins/Media/MediaCompositing/MediaCompositing.uplugin" 295
"../../../Engine/Plugins/Media/MJPEGDecoderElectra/MJPEGDecoderElectra.uplugin" 296
"../../../Engine/Plugins/Media/MediaFrameworkUtilities/MediaFrameworkUtilities.uplugin" 297
"../../../Engine/Plugins/Media/MediaPlate/MediaPlate.uplugin" 298
"../../../Engine/Plugins/Media/AvfMedia/AvfMedia.uplugin" 299
"../../../Engine/Plugins/Media/MediaMovieStreamer/MediaMovieStreamer.uplugin" 300
"../../../Engine/Plugins/Media/NDIMedia/NDIMedia.uplugin" 301
"../../../Engine/Plugins/Media/PixelStreaming/PixelStreaming.uplugin" 302
"../../../Engine/Plugins/Media/WebMMedia/WebMMedia.uplugin" 303
"../../../Engine/Plugins/Media/OpusDecoderElectra/OpusDecoderElectra.uplugin" 304
"../../../Engine/Plugins/Media/TimecodeSynchronizer/TimecodeSynchronizer.uplugin" 305
"../../../Engine/Plugins/MovieScene/ActorSequence/ActorSequence.uplugin" 306
"../../../Engine/Plugins/Media/WmfMedia/WmfMedia.uplugin" 307
"../../../Engine/Plugins/Media/PixelStreaming2/PixelStreaming2.uplugin" 308
"../../../Engine/Plugins/Media/ImgMedia/ImgMedia.uplugin" 309
"../../../Engine/Plugins/MovieScene/LevelSequenceEditor/LevelSequenceEditor.uplugin" 310
"../../../Engine/Plugins/Media/MfMedia/MfMedia.uplugin" 311
"../../../Engine/Plugins/Media/MediaViewer/MediaViewer.uplugin" 312
"../../../Engine/Plugins/MovieScene/CustomizableSequencerTracks/CustomizableSequencerTracks.uplugin" 313
"../../../Engine/Plugins/MovieScene/MovieSceneTextTrack/MovieSceneTextTrack.uplugin" 314
"../../../Engine/Plugins/Developer/XCodeSourceCodeAccess/XCodeSourceCodeAccess.uplugin" 315
"../../../Engine/Plugins/Media/MediaIOFramework/MediaIOFramework.uplugin" 316
"../../../Engine/Plugins/MovieScene/TemplateSequence/TemplateSequence.uplugin" 317
"../../../Engine/Plugins/MovieScene/ReplayTracks/ReplayTracks.uplugin" 318
"../../../Engine/Plugins/Media/VPxDecoderElectra/VPxDecoderElectra.uplugin" 319
"../../../Engine/Plugins/MovieScene/SequenceValidator/SequenceValidator.uplugin" 320
"../../../Engine/Plugins/MovieScene/SequencerScripting/SequencerScripting.uplugin" 321
"../../../Engine/Plugins/Media/MediaPlayerEditor/MediaPlayerEditor.uplugin" 322
"../../../Engine/Plugins/Online/EOSShared/EOSShared.uplugin" 323
"../../../Engine/Plugins/Online/EOSOverlayInputProvider/EOSOverlayInputProvider.uplugin" 324
"../../../Engine/Plugins/Online/OnlineFramework/OnlineFramework.uplugin" 325
"../../../Engine/Plugins/Online/OnlineFrameworkCommon/OnlineFrameworkCommon.uplugin" 326
"../../../Engine/Plugins/MovieScene/MovieRenderPipeline/MovieRenderPipeline.uplugin" 327
"../../../Engine/Plugins/Online/OnlineServicesEOS/OnlineServicesEOS.uplugin" 328
"../../../Engine/Plugins/Media/PixelCapture/PixelCapture.uplugin" 329
"../../../Engine/Plugins/Online/OnlineSubsystemAmazon/OnlineSubsystemAmazon.uplugin" 330
"../../../Engine/Plugins/Online/OnlineServicesOSSAdapter/OnlineServicesOSSAdapter.uplugin" 331
"../../../Engine/Plugins/MovieScene/MoviePipelineMaskRenderPass/MoviePipelineMaskRenderPass.uplugin" 332
"../../../Engine/Plugins/Online/OnlineSubsystemFacebook/OnlineSubsystemFacebook.uplugin" 333
"../../../Engine/Plugins/Online/OnlineSubsystemEOS/OnlineSubsystemEOS.uplugin" 334
"../../../Engine/Plugins/Online/OnlineSubsystemGoogle/OnlineSubsystemGoogle.uplugin" 335
"../../../Engine/Plugins/Online/OnlineSubsystemNull/OnlineSubsystemNull.uplugin" 336
"../../../Engine/Plugins/Online/OnlineSubsystemSteam/OnlineSubsystemSteam.uplugin" 337
"../../../Engine/Plugins/Online/OnlineSubsystem/OnlineSubsystem.uplugin" 338
"../../../Engine/Plugins/Online/OnlineSubsystemTencent/OnlineSubsystemTencent.uplugin" 339
"../../../Engine/Plugins/Online/OnlineSubsystemUtils/OnlineSubsystemUtils.uplugin" 340
"../../../Engine/Plugins/Online/SocketSubsystemSteamIP/SocketSubsystemSteamIP.uplugin" 341
"../../../Engine/Plugins/Tests/AutomationDriverTests/AutomationDriverTests.uplugin" 342
"../../../Engine/Plugins/Online/SocketSubsystemEOS/SocketSubsystemEOS.uplugin" 343
"../../../Engine/Plugins/Tests/CQTest/CQTest.uplugin" 344
"../../../Engine/Plugins/Online/WebAuth/WebAuth.uplugin" 345
"../../../Engine/Plugins/Tests/CQTestExperimental/CQTestExperimental.uplugin" 346
"../../../Engine/Plugins/Online/OnlineServicesEOSGS/OnlineServicesEOSGS.uplugin" 347
"../../../Engine/Plugins/Tests/CQTestEnhancedInput/CQTestEnhancedInput.uplugin" 348
"../../../Engine/Plugins/Tests/InterchangeTests/InterchangeTests.uplugin" 349
"../../../Engine/Plugins/Tests/FunctionalTestingEditor/FunctionalTestingEditor.uplugin" 350
"../../../Engine/Plugins/Tests/EditorTests/EditorTests.uplugin" 351
"../../../Engine/Plugins/Tests/PythonAutomationTest/PythonAutomationTest.uplugin" 352
"../../../Engine/Plugins/Online/OnlineBase/OnlineBase.uplugin" 353
"../../../Engine/Plugins/Experimental/RemoteSession/RemoteSession.uplugin" 354
"../../../Engine/Plugins/Tests/AudioCQTests/AudioCQTests.uplugin" 355
"../../../Engine/Plugins/Online/OnlineServices/OnlineServices.uplugin" 356
"../../../Engine/Plugins/Tests/RuntimeTests/RuntimeTests.uplugin" 357
"../../../Engine/Plugins/Tests/TestSamples/TestSamples.uplugin" 358
"../../../Engine/Plugins/Tests/FbxAutomationTestBuilder/FbxAutomationTestBuilder.uplugin" 359
"../../../Engine/Plugins/Tests/TestFramework/TestFramework.uplugin" 360
"../../../Engine/Plugins/Online/OnlineServicesEpicCommon/OnlineServicesEpicCommon.uplugin" 361
"../../../Engine/Plugins/Online/OnlineServicesNull/OnlineServicesNull.uplugin" 362
"../../../Engine/Plugins/Editor/AssetReferenceRestrictions/AssetReferenceRestrictions.uplugin" 363
"../../../Engine/Plugins/Editor/AssetManagerEditor/AssetManagerEditor.uplugin" 364
"../../../Engine/Plugins/Editor/ChangelistReview/ChangelistReview.uplugin" 365
"../../../Engine/Plugins/Tests/WidgetAutomationTests/WidgetAutomationTests.uplugin" 366
"../../../Engine/Plugins/Editor/AssetRegistryExport/AssetRegistryExport.uplugin" 367
"../../../Engine/Plugins/Editor/AssetSearch/AssetSearch.uplugin" 368
"../../../Engine/Plugins/Tests/RHITests/RHITests.uplugin" 369
"../../../Engine/Plugins/Editor/BlueprintHeaderView/BlueprintHeaderView.uplugin" 370
"../../../Engine/Plugins/Editor/ConsoleVariablesEditor/ConsoleVariables.uplugin" 371
"../../../Engine/Plugins/Editor/BlueprintMaterialTextureNodes/BlueprintMaterialTextureNodes.uplugin" 372
"../../../Engine/Plugins/Editor/CurveEditorTools/CurveEditorTools.uplugin" 373
"../../../Engine/Plugins/Editor/DataValidation/DataValidation.uplugin" 374
"../../../Engine/Plugins/Editor/DisplayClusterLaunch/DisplayClusterLaunch.uplugin" 375
"../../../Engine/Plugins/Editor/CryptoKeys/CryptoKeys.uplugin" 376
"../../../Engine/Plugins/Editor/EditorDebugTools/EditorDebugTools.uplugin" 377
"../../../Engine/Plugins/Editor/EditorScriptingUtilities/EditorScriptingUtilities.uplugin" 378
"../../../Engine/Plugins/Editor/EngineAssetDefinitions/EngineAssetDefinitions.uplugin" 379
"../../../Engine/Plugins/Editor/ColorGrading/ColorGrading.uplugin" 380
"../../../Engine/Plugins/Editor/GameplayTagsEditor/GameplayTagsEditor.uplugin" 381
"../../../Engine/Plugins/Editor/LandscapePatch/LandscapePatch.uplugin" 382
"../../../Engine/Plugins/Editor/GuidedTutorials/GuidedTutorials.uplugin" 383
"../../../Engine/Plugins/Editor/LiveUpdateForSlate/LiveUpdateForSlate.uplugin" 384
"../../../Engine/Plugins/Editor/EditorSysConfigAssistant/EditorSysConfigAssistant.uplugin" 385
"../../../Engine/Plugins/Editor/FacialAnimation/FacialAnimation.uplugin" 386
"../../../Engine/Plugins/Editor/MacGraphicsSwitching/MacGraphicsSwitching.uplugin" 387
"../../../Engine/Plugins/Editor/MaterialAnalyzer/MaterialAnalyzer.uplugin" 388
"../../../Engine/Plugins/Editor/MobileLauncherProfileWizard/MobileLauncherProfileWizard.uplugin" 389
"../../../Engine/Plugins/Editor/GeometryMode/GeometryMode.uplugin" 390
"../../../Engine/Plugins/Compression/OodleNetwork/OodleNetwork.uplugin" 391
"../../../Engine/Plugins/Editor/ProxyLODPlugin/ProxyLODPlugin.uplugin" 392
"../../../Engine/Plugins/Editor/ModelingToolsEditorMode/ModelingToolsEditorMode.uplugin" 393
"../../../Engine/Plugins/Editor/MakeCookedEditorAsDLC/MakeCookedEditorAsDLC.uplugin" 394
"../../../Engine/Plugins/Online/OnlineSubsystemApple/OnlineSubsystemApple.uplugin" 395
"../../../Engine/Plugins/Editor/ScriptableToolsEditorMode/ScriptableToolsEditorMode.uplugin" 396
"../../../Engine/Plugins/Editor/SequencerAnimTools/SequencerAnimTools.uplugin" 397
"../../../Engine/Plugins/Editor/SampleToolsEditorMode/SampleToolsEditorMode.uplugin" 398
"../../../Engine/Plugins/Editor/ModelViewViewModelPreview/ModelViewViewModelPreview.uplugin" 399
"../../../Engine/Plugins/Editor/StylusInput/StylusInput.uplugin" 400
"../../../Engine/Plugins/Editor/UMGWidgetPreview/UMGWidgetPreview.uplugin" 401
"../../../Engine/Plugins/Editor/MeshLODToolset/MeshLODToolset.uplugin" 402
"../../../Engine/Plugins/Editor/WaveformEditor/WaveformEditor.uplugin" 403
"../../../Engine/Plugins/Editor/StaticMeshEditorModeling/StaticMeshEditorModeling.uplugin" 404
"../../../Engine/Plugins/Messaging/UdpMessaging/UdpMessaging.uplugin" 405
"../../../Engine/Plugins/Editor/WorldPartitionHLODUtilities/WorldPartitionHLODUtilities.uplugin" 406
"../../../Engine/Plugins/Messaging/TcpMessaging/TcpMessaging.uplugin" 407
"../../../Engine/Plugins/Editor/UVEditor/UVEditor.uplugin" 408
"../../../Engine/Plugins/Messaging/MessagingDebugger/MessagingDebugger.uplugin" 409
"../../../Engine/Plugins/Editor/SpeedTreeImporter/SpeedTreeImporter.uplugin" 410
"../../../Engine/Plugins/NetcodeUnitTest/NetcodeUnitTest/NetcodeUnitTest.uplugin" 411
"../../../Engine/Plugins/NetcodeUnitTest/NUTUnrealEngine/NUTUnrealEngine.uplugin" 412
"../../../Engine/Plugins/Portal/LauncherChunkInstaller/LauncherChunkInstaller.uplugin" 413
"../../../Engine/Plugins/PCGInterops/PCGGeometryScriptInterop/PCGGeometryScriptInterop.uplugin" 414
"../../../Engine/Plugins/PCGInterops/PCGExternalDataInterop/PCGExternalDataInterop.uplugin" 415
"../../../Engine/Plugins/VirtualProduction/ActorModifier/ActorModifier.uplugin" 416
"../../../Engine/Plugins/VirtualProduction/ActorModifierCore/ActorModifierCore.uplugin" 417
"../../../Engine/Plugins/VirtualProduction/CameraCalibration/CameraCalibration.uplugin" 418
"../../../Engine/Plugins/VirtualProduction/AvalancheSceneState/AvalancheSceneState.uplugin" 419
"../../../Engine/Plugins/PCGInterops/PCGPythonInterop/PCGPythonInterop.uplugin" 420
"../../../Engine/Plugins/VirtualProduction/AvalancheDataLink/AvalancheDataLink.uplugin" 421
"../../../Engine/Plugins/VirtualProduction/CaptureData/CaptureData.uplugin" 422
"../../../Engine/Plugins/VirtualProduction/CameraCalibrationML/CameraCalibrationML.uplugin" 423
"../../../Engine/Plugins/VirtualProduction/CinematicAssemblyTools/CinematicAssemblyTools.uplugin" 424
"../../../Engine/Plugins/VirtualProduction/ClonerEffector/ClonerEffector.uplugin" 425
"../../../Engine/Plugins/VirtualProduction/Avalanche/Avalanche.uplugin" 426
"../../../Engine/Plugins/VirtualProduction/CompositePlane/CompositePlane.uplugin" 427
"../../../Engine/Plugins/VirtualProduction/DataCharts/DataCharts.uplugin" 428
"../../../Engine/Plugins/VirtualProduction/DataLinkOAuth/DataLinkOAuth.uplugin" 429
"../../../Engine/Plugins/VirtualProduction/DynamicMaterial/DynamicMaterial.uplugin" 430
"../../../Engine/Plugins/VirtualProduction/GeometryMask/GeometryMask.uplugin" 431
"../../../Engine/Plugins/VirtualProduction/EpicStageApp/EpicStageApp.uplugin" 432
"../../../Engine/Plugins/VirtualProduction/CustomDetailsView/CustomDetailsView.uplugin" 433
"../../../Engine/Plugins/VirtualProduction/ICVFXTesting/ICVFXTesting.uplugin" 434
"../../../Engine/Plugins/VirtualProduction/DataLink/DataLink.uplugin" 435
"../../../Engine/Plugins/VirtualProduction/LensComponent/LensComponent.uplugin" 436
"../../../Engine/Plugins/VirtualProduction/ICVFX/ICVFX.uplugin" 437
"../../../Engine/Plugins/VirtualProduction/LiveLinkFreeD/LiveLinkFreeD.uplugin" 438
"../../../Engine/Plugins/VirtualProduction/LevelSnapshots/LevelSnapshots.uplugin" 439
"../../../Engine/Plugins/VirtualProduction/LiveLinkCamera/LiveLinkCamera.uplugin" 440
"../../../Engine/Plugins/VirtualProduction/LiveLinkInputDevice/LiveLinkInputDevice.uplugin" 441
"../../../Engine/Plugins/VirtualProduction/LiveLinkLens/LiveLinkLens.uplugin" 442
"../../../Engine/Plugins/VirtualProduction/LiveLinkOpenTrackIO/LiveLinkOpenTrackIO.uplugin" 443
"../../../Engine/Plugins/VirtualProduction/LiveLinkVRPN/LiveLinkVRPN.uplugin" 444
"../../../Engine/Plugins/VirtualProduction/MultiUserTakes/MultiUserTakes.uplugin" 445
"../../../Engine/Plugins/VirtualProduction/LiveLinkXR/LiveLinkXR.uplugin" 446
"../../../Engine/Plugins/VirtualProduction/PerformanceCaptureWorkflow/PerformanceCaptureWorkflow.uplugin" 447
"../../../Engine/Plugins/VirtualProduction/CameraCalibrationCore/CameraCalibrationCore.uplugin" 448
"../../../Engine/Plugins/VirtualProduction/LiveLinkMasterLockit/LiveLinkMasterLockit.uplugin" 449
"../../../Engine/Plugins/VirtualProduction/OperatorStack/OperatorStack.uplugin" 450
"../../../Engine/Plugins/VirtualProduction/PropertyAnimatorCore/PropertyAnimatorCore.uplugin" 451
"../../../Engine/Plugins/VirtualProduction/LiveLinkPrestonMDR/LiveLinkPrestonMDR.uplugin" 452
"../../../Engine/Plugins/VirtualProduction/RemoteControlProtocolOSC/RemoteControlProtocolOSC.uplugin" 453
"../../../Engine/Plugins/VirtualProduction/RemoteControlInterception/RemoteControlInterception.uplugin" 454
"../../../Engine/Plugins/VirtualProduction/RemoteControl/RemoteControl.uplugin" 455
"../../../Engine/Plugins/VirtualProduction/RemoteControlProtocolDMX/RemoteControlProtocolDMX.uplugin" 456
"../../../Engine/Plugins/VirtualProduction/RemoteControlProtocolMIDI/RemoteControlProtocolMIDI.uplugin" 457
"../../../Engine/Plugins/VirtualProduction/RemoteControlWebInterface/RemoteControlWebInterface.uplugin" 458
"../../../Engine/Plugins/VirtualProduction/SceneState/SceneState.uplugin" 459
"../../../Engine/Plugins/VirtualProduction/SceneStateDataLink/SceneStateDataLink.uplugin" 460
"../../../Engine/Plugins/VirtualProduction/StormSync/StormSync.uplugin" 461
"../../../Engine/Plugins/VirtualProduction/Takes/Takes.uplugin" 462
"../../../Engine/Plugins/VirtualProduction/SequencerPlaylists/SequencerPlaylists.uplugin" 463
"../../../Engine/Plugins/VirtualProduction/StormSyncAvalancheBridge/StormSyncAvalancheBridge.uplugin" 464
"../../../Engine/Plugins/Slate/SlateInsights/SlateInsights.uplugin" 465
"../../../Engine/Plugins/VirtualProduction/StageMonitoring/StageMonitoring.uplugin" 466
"../../../Engine/Plugins/VirtualProduction/VirtualScouting/VirtualScouting.uplugin" 467
"../../../Engine/Plugins/VirtualProduction/PropertyAnimator/PropertyAnimator.uplugin" 468
"../../../Engine/Plugins/Slate/SlateScripting/SlateScripting.uplugin" 469
"../../../Engine/Plugins/VirtualProduction/Text3D/Text3D.uplugin" 470
"../../../Engine/Plugins/Animation/AnimationLocomotionLibrary/AnimationLocomotionLibrary.uplugin" 471
"../../../Engine/Plugins/Animation/AnimationWarping/AnimationWarping.uplugin" 472
"../../../Engine/Plugins/VirtualProduction/VirtualCamera/VirtualCamera.uplugin" 473
"../../../Engine/Plugins/Animation/AnimationData/AnimationData.uplugin" 474
"../../../Engine/Plugins/2D/Paper2D/Paper2D.uplugin" 475
"../../../Engine/Plugins/Animation/AnimatorKit/AnimatorKit.uplugin" 476
"../../../Engine/Plugins/Animation/AnimationModifierLibrary/AnimationModifierLibrary.uplugin" 477
"../../../Engine/Plugins/VirtualProduction/VirtualCameraCore/VirtualCameraCore.uplugin" 478
"../../../Engine/Plugins/Animation/BlendSpaceMotionAnalysis/BlendSpaceMotionAnalysis.uplugin" 479
"../../../Engine/Plugins/Animation/BlendStack/BlendStack.uplugin" 480
"../../../Engine/Plugins/VirtualProduction/SVGImporter/SVGImporter.uplugin" 481
"../../../Engine/Plugins/Animation/ControlRig/ControlRig.uplugin" 482
"../../../Engine/Plugins/Animation/DNACalib/DNACalib.uplugin" 483
"../../../Engine/Plugins/Animation/ControlRigModules/ControlRigModules.uplugin" 484
"../../../Engine/Plugins/VirtualProduction/Switchboard/Switchboard.uplugin" 485
"../../../Engine/Plugins/Animation/EaseCurveTool/EaseCurveTool.uplugin" 486
"../../../Engine/Plugins/VirtualProduction/TextureShare/TextureShare.uplugin" 487
"../../../Engine/Plugins/Animation/GameplayInsights/GameplayInsights.uplugin" 488
"../../../Engine/Plugins/Animation/GeneSplicer/GeneSplicer.uplugin" 489
"../../../Engine/Plugins/Animation/IKRig/IKRig.uplugin" 490
"../../../Engine/Plugins/Animation/LiveLinkCurveDebugUI/LiveLinkCurveDebugUI.uplugin" 491
"../../../Engine/Plugins/Animation/LiveLink/LiveLink.uplugin" 492
"../../../Engine/Plugins/Animation/DeformerGraph/DeformerGraph.uplugin" 493
"../../../Engine/Plugins/Animation/LiveLinkDevice/LiveLinkDevice.uplugin" 494
"../../../Engine/Plugins/Animation/LiveLinkExampleDevice/LiveLinkExampleDevice.uplugin" 495
"../../../Engine/Plugins/Animation/MotionWarping/MotionWarping.uplugin" 496
"../../../Engine/Plugins/Animation/PerformanceCaptureCore/PerformanceCaptureCore.uplugin" 497
"../../../Engine/Plugins/Animation/LiveLinkHub/LiveLinkHub.uplugin" 498
"../../../Engine/Plugins/Animation/LiveLinkUnrealDevice/LiveLinkUnrealDevice.uplugin" 499
"../../../Engine/Plugins/Animation/RigLogic/RigLogic.uplugin" 500
"../../../Engine/Plugins/Animation/PoseSearch/PoseSearch.uplugin" 501
"../../../Engine/Plugins/Animation/SkeletalMeshModelingTools/SkeletalMeshModelingTools.uplugin" 502
"../../../Engine/Plugins/Editor/PluginBrowser/PluginBrowser.uplugin" 503
"../../../Engine/Plugins/Enterprise/AxFImporter/AxFImporter.uplugin" 504
"../../../Engine/Plugins/Enterprise/DatasmithFBXImporter/DatasmithFBXImporter.uplugin" 505
"../../../Engine/Plugins/Enterprise/DatasmithContent/DatasmithContent.uplugin" 506
"../../../Engine/Plugins/Animation/TweeningUtils/TweeningUtils.uplugin" 507
"../../../Engine/Plugins/Enterprise/DataprepEditor/DataprepEditor.uplugin" 508
"../../../Engine/Plugins/Enterprise/DatasmithImporter/DatasmithImporter.uplugin" 509
"../../../Engine/Plugins/Enterprise/LidarPointCloud/LidarPointCloud.uplugin" 510
"../../../Engine/Plugins/Enterprise/VariantManager/VariantManager.uplugin" 511
"../../../Engine/Plugins/Enterprise/DatasmithC4DImporter/DatasmithC4DImporter.uplugin" 512
"../../../Engine/Plugins/Enterprise/DatasmithCADImporter/DatasmithCADImporter.uplugin" 513
"../../../Engine/Plugins/FX/Cascade/Cascade.uplugin" 514
"../../../Engine/Plugins/Enterprise/MDLImporter/MDLImporter.uplugin" 515
"../../../Engine/Plugins/Animation/ACLPlugin/ACLPlugin.uplugin" 516
"../../../Engine/Plugins/FX/ExampleCustomDataInterface/ExampleCustomDataInterface.uplugin" 517
"../../../Engine/Plugins/FX/CascadeToNiagaraConverter/CascadeToNiagaraConverter.uplugin" 518
"../../../Engine/Plugins/Enterprise/VariantManagerContent/VariantManagerContent.uplugin" 519
"../../../Engine/Plugins/FX/Niagara/Niagara.uplugin" 520
"../../../Engine/Plugins/FX/NiagaraFluids/NiagaraFluids.uplugin" 521
"../../../Engine/Plugins/FX/NiagaraNanite/NiagaraNanite.uplugin" 522
"../../../Engine/Plugins/FX/NiagaraSimCaching/NiagaraSimCaching.uplugin" 523
"../../../Engine/Plugins/Importers/AlembicHairImporter/AlembicHairImporter.uplugin" 524
"../../../Engine/Plugins/FX/NiagaraPreviewContent/NiagaraPreviewContent.uplugin" 525
"../../../Engine/Plugins/Importers/AlembicImporter/AlembicImporter.uplugin" 526
"../../../Engine/Plugins/Importers/USDImporterMDL/USDImporterMDL.uplugin" 527
"../../../Engine/Plugins/NNE/NNEDenoiser/NNEDenoiser.uplugin" 528
"../../../Engine/Plugins/FX/NiagaraMRQ/NiagaraMRQ.uplugin" 529
"../../../Engine/Plugins/NNE/NNERuntimeORT/NNERuntimeORT.uplugin" 530
"../../../Engine/Plugins/Importers/USDMultiUser/USDMultiUser.uplugin" 531
"../../../Engine/Plugins/Importers/USDImporter/USDImporter.uplugin" 532
"../../../Engine/Plugins/Protocols/MQTT/MQTT.uplugin" 533
"../../../Engine/Plugins/Runtime/ActorLayerUtilities/ActorLayerUtilities.uplugin" 534
"../../../Engine/Plugins/Runtime/ADM/ADM.uplugin" 535
"../../../Engine/Plugins/Runtime/AndroidBackgroundService/AndroidBackgroundService.uplugin" 536
"../../../Engine/Plugins/Runtime/AndroidFileServer/AndroidFileServer.uplugin" 537
"../../../Engine/Plugins/Runtime/AndroidMoviePlayer/AndroidMoviePlayer.uplugin" 538
"../../../Engine/Plugins/Runtime/AndroidDeviceProfileSelector/AndroidDeviceProfileSelector.uplugin" 539
"../../../Engine/Plugins/Runtime/AndroidPermission/AndroidPermission.uplugin" 540
"../../../Engine/Plugins/Runtime/AnimationBudgetAllocator/AnimationBudgetAllocator.uplugin" 541
"../../../Engine/Plugins/Runtime/AppleImageUtils/AppleImageUtils.uplugin" 542
"../../../Engine/Plugins/Runtime/ApexDestruction/ApexDestruction.uplugin" 543
"../../../Engine/Plugins/Runtime/AppleMoviePlayer/AppleMoviePlayer.uplugin" 544
"../../../Engine/Plugins/Runtime/AudioModulation/AudioModulation.uplugin" 545
"../../../Engine/Plugins/Runtime/AudioCapture/AudioCapture.uplugin" 546
"../../../Engine/Plugins/Runtime/AssetTags/AssetTags.uplugin" 547
"../../../Engine/Plugins/Runtime/ArchVisCharacter/ArchVisCharacter.uplugin" 548
"../../../Engine/Plugins/Runtime/AudioSynesthesia/AudioSynesthesia.uplugin" 549
"../../../Engine/Plugins/Runtime/AudioWidgets/AudioWidgets.uplugin" 550
"../../../Engine/Plugins/Runtime/CableComponent/CableComponent.uplugin" 551
"../../../Engine/Plugins/Runtime/ChunkDownloader/ChunkDownloader.uplugin" 552
"../../../Engine/Plugins/Runtime/CommonUI/CommonUI.uplugin" 553
"../../../Engine/Plugins/Runtime/CustomMeshComponent/CustomMeshComponent.uplugin" 554
"../../../Engine/Plugins/Runtime/AudioMotorSim/AudioMotorSim.uplugin" 555
"../../../Engine/Plugins/Runtime/DataRegistry/DataRegistry.uplugin" 556
"../../../Engine/Plugins/Runtime/ExampleDeviceProfileSelector/ExampleDeviceProfileSelector.uplugin" 557
"../../../Engine/Plugins/Runtime/GameFeatures/GameFeatures.uplugin" 558
"../../../Engine/Plugins/Runtime/GameplayAbilities/GameplayAbilities.uplugin" 559
"../../../Engine/Plugins/Runtime/GameplayInteractions/GameplayInteractions.uplugin" 560
"../../../Engine/Plugins/Runtime/GameplayBehaviorSmartObjects/GameplayBehaviorSmartObjects.uplugin" 561
"../../../Engine/Plugins/Runtime/Firebase/Firebase.uplugin" 562
"../../../Engine/Plugins/Runtime/ExternalGPUStatistics/ExternalGPUStatistics.uplugin" 563
"../../../Engine/Plugins/Runtime/GameplayStateTree/GameplayStateTree.uplugin" 564
"../../../Engine/Plugins/Runtime/GameInput/GameInput.uplugin" 565
"../../../Engine/Plugins/Runtime/GeometryProcessing/GeometryProcessing.uplugin" 566
"../../../Engine/Plugins/Runtime/GeoReferencing/GeoReferencing.uplugin" 567
"../../../Engine/Plugins/Runtime/GoogleCloudMessaging/GoogleCloudMessaging.uplugin" 568
"../../../Engine/Plugins/Runtime/GeometryCache/GeometryCache.uplugin" 569
"../../../Engine/Plugins/Runtime/GeometryScripting/GeometryScripting.uplugin" 570
"../../../Engine/Plugins/Runtime/HPMotionController/HPMotionController.uplugin" 571
"../../../Engine/Plugins/Runtime/HDRIBackdrop/HDRIBackdrop.uplugin" 572
"../../../Engine/Plugins/Runtime/GooglePAD/GooglePAD.uplugin" 573
"../../../Engine/Plugins/Runtime/HTTPChunkInstaller/HTTPChunkInstaller.uplugin" 574
"../../../Engine/Plugins/Runtime/Harmonix/Harmonix.uplugin" 575
"../../../Engine/Plugins/Runtime/InputDebugging/InputDebugging.uplugin" 576
"../../../Engine/Plugins/Runtime/IOSDeviceProfileSelector/IOSDeviceProfileSelector.uplugin" 577
"../../../Engine/Plugins/Runtime/InstancedActors/InstancedActors.uplugin" 578
"../../../Engine/Plugins/Runtime/LevelStreamingPersistence/LevelStreamingPersistence.uplugin" 579
"../../../Engine/Plugins/Runtime/MassEntity/MassEntity.uplugin" 580
"../../../Engine/Plugins/Runtime/LiveLinkOvernDisplay/LiveLinkOverNDisplay.uplugin" 581
"../../../Engine/Plugins/Runtime/LocationServicesAndroidImpl/LocationServicesAndroidImpl.uplugin" 582
"../../../Engine/Plugins/Runtime/MassGameplay/MassGameplay.uplugin" 583
"../../../Engine/Plugins/Runtime/LocationServicesIOSImpl/LocationServicesIOSImpl.uplugin" 584
"../../../Engine/Plugins/Runtime/LocationServicesBPLibrary/LocationServicesBPLibrary.uplugin" 585
"../../../Engine/Plugins/Runtime/IOSReplayKit/IOSReplayKit.uplugin" 586
"../../../Engine/Plugins/Runtime/LinuxDeviceProfileSelector/LinuxDeviceProfileSelector.uplugin" 587
"../../../Engine/Plugins/Runtime/HairStrands/HairStrands.uplugin" 588
"../../../Engine/Plugins/Animation/ControlRigSpline/ControlRigSpline.uplugin" 589
"../../../Engine/Plugins/Runtime/MeshModelingToolset/MeshModelingToolset.uplugin" 590
"../../../Engine/Plugins/Runtime/MicrosoftSpatialAudio/MicroSoftSpatialSound.uplugin" 591
"../../../Engine/Plugins/Runtime/MobilePatchingUtils/MobilePatchingUtils.uplugin" 592
"../../../Engine/Plugins/Runtime/ModularGameplay/ModularGameplay.uplugin" 593
"../../../Engine/Plugins/Enterprise/GLTFExporter/GLTFExporter.uplugin" 594
"../../../Engine/Plugins/Runtime/ModelViewViewModel/ModelViewViewModel.uplugin" 595
"../../../Engine/Plugins/Runtime/Metasound/Metasound.uplugin" 596
"../../../Engine/Plugins/Runtime/NavCorridor/NavCorridor.uplugin" 597
"../../../Engine/Plugins/Runtime/MusicEnvironment/MusicEnvironment.uplugin" 598
"../../../Engine/Plugins/Runtime/nDisplay/nDisplay.uplugin" 599
"../../../Engine/Plugins/Runtime/MultiServerReplication/MultiServerReplication.uplugin" 600
"../../../Engine/Plugins/Runtime/ComputeFramework/ComputeFramework.uplugin" 601
"../../../Engine/Plugins/Runtime/NetworkPrediction/NetworkPrediction.uplugin" 602
"../../../Engine/Plugins/Runtime/MIDIDevice/MIDIDevice.uplugin" 603
"../../../Engine/Plugins/Runtime/NetworkPredictionInsights/NetworkPredictionInsights.uplugin" 604
"../../../Engine/Plugins/Runtime/OpenCV/OpenCV.uplugin" 605
"../../../Engine/Plugins/Runtime/nDisplayModularFeatures/nDisplayModularFeatures.uplugin" 606
"../../../Engine/Plugins/Runtime/NetworkPredictionExtras/NetworkPredictionExtras.uplugin" 607
"../../../Engine/Plugins/Runtime/OpenXR/OpenXR.uplugin" 608
"../../../Engine/Plugins/Runtime/OpenXRHandTracking/OpenXRHandTracking.uplugin" 609
"../../../Engine/Plugins/Runtime/OpenXRMsftHandInteraction/OpenXRMsftHandInteraction.uplugin" 610
"../../../Engine/Plugins/Runtime/OptionalMobileFeaturesBPLibrary/OptionalMobileFeaturesBPLibrary.uplugin" 611
"../../../Engine/Plugins/Runtime/MsQuic/MsQuic.uplugin" 612
"../../../Engine/Plugins/Runtime/PropertyAccess/PropertyAccessEditor.uplugin" 613
"../../../Engine/Plugins/Runtime/OpenXREyeTracker/OpenXREyeTracker.uplugin" 614
"../../../Engine/Plugins/Runtime/OpenXRViveTracker/OpenXRViveTracker.uplugin" 615
"../../../Engine/Plugins/Runtime/ProceduralMeshComponent/ProceduralMeshComponent.uplugin" 616
"../../../Engine/Plugins/Runtime/RenderTrace/RenderTrace.uplugin" 617
"../../../Engine/Plugins/Runtime/ReplicationGraph/ReplicationGraph.uplugin" 618
"../../../Engine/Plugins/Runtime/ResonanceAudio/ResonanceAudio.uplugin" 619
"../../../Engine/Plugins/Runtime/RigVM/RigVM.uplugin" 620
"../../../Engine/Plugins/Runtime/PropertyBindingUtils/PropertyBindingUtils.uplugin" 621
"../../../Engine/Plugins/Runtime/ReplicationSystemTestPlugin/ReplicationSystemTestPlugin.uplugin" 622
"../../../Engine/Plugins/Runtime/OSC/OSC.uplugin" 623
"../../../Engine/Plugins/Runtime/SoundFields/SoundFields.uplugin" 624
"../../../Engine/Plugins/Runtime/SmartObjects/SmartObjects.uplugin" 625
"../../../Engine/Plugins/Runtime/SkeletalMerging/SkeletalMerging.uplugin" 626
"../../../Engine/Plugins/Runtime/SoundCueTemplates/SoundCueTemplates.uplugin" 627
"../../../Engine/Plugins/Runtime/MixedRealityCaptureFramework/MixedRealityCaptureFramework.uplugin" 628
"../../../Engine/Plugins/Runtime/SunPosition/SunPosition.uplugin" 629
"../../../Engine/Plugins/Runtime/SoundMod/SoundMod.uplugin" 630
"../../../Engine/Plugins/Runtime/StateTree/StateTree.uplugin" 631
"../../../Engine/Plugins/Runtime/USDCore/USDCore.uplugin" 632
"../../../Engine/Plugins/Runtime/Soundscape/Soundscape.uplugin" 633
"../../../Engine/Plugins/Runtime/WarpUtils/WarpUtils.uplugin" 634
"../../../Engine/Plugins/Runtime/Synthesis/Synthesis.uplugin" 635
"../../../Engine/Plugins/Runtime/SoundUtilities/SoundUtilities.uplugin" 636
"../../../Engine/Plugins/Runtime/PreLoadScreenMoviePlayer/PreLoadScreenMoviePlayer.uplugin" 637
"../../../Engine/Plugins/Runtime/WebBrowserNativeProxy/WebBrowserNativeProxy.uplugin" 638
"../../../Engine/Plugins/Runtime/WebBrowserWidget/WebBrowserWidget.uplugin" 639
"../../../Engine/Plugins/Runtime/WindowsDeviceProfileSelector/WindowsDeviceProfileSelector.uplugin" 640
"../../../Engine/Plugins/Runtime/ZoneGraph/ZoneGraph.uplugin" 641
"../../../Engine/Plugins/Runtime/SignificanceManager/SignificanceManager.uplugin" 642
"../../../Engine/Plugins/Runtime/WindowsMoviePlayer/WindowsMoviePlayer.uplugin" 643
"../../../Engine/Plugins/Runtime/WaveTable/WaveTable.uplugin" 644
"../../../Engine/Plugins/Runtime/ScriptableToolsFramework/ScriptableToolsFramework.uplugin" 645
"../../../Engine/Plugins/Web/HttpBlueprint/HttpBlueprint.uplugin" 646
"../../../Engine/Plugins/Runtime/Spatialization/Spatialization.uplugin" 647
"../../../Engine/Plugins/Runtime/WorldConditions/WorldConditions.uplugin" 648
"../../../Engine/Plugins/Runtime/ZoneGraphAnnotations/ZoneGraphAnnotations.uplugin" 649
"../../../Engine/Plugins/VirtualProduction/TimedDataMonitor/TimedDataMonitor.uplugin" 650
"../../../Engine/Plugins/Runtime/WebMMoviePlayer/WebMMoviePlayer.uplugin" 651
"../../../Engine/Plugins/Experimental/Animation/HierarchyTableAnimation/HierarchyTableAnimation.uplugin" 652
"../../../Engine/Plugins/Experimental/Animation/CurveExpression/CurveExpression.uplugin" 653
"../../../Engine/Plugins/Experimental/Animation/ContextualAnimation/ContextualAnimation.uplugin" 654
"../../../Engine/Plugins/Experimental/Animation/MotionTrajectory/MotionTrajectory.uplugin" 655
"../../../Engine/Plugins/Experimental/Animation/Optimus/Optimus.uplugin" 656
"../../../Engine/Plugins/Experimental/Animation/HierarchyTable/HierarchyTable.uplugin" 657
"../../../Engine/Plugins/Experimental/Animation/Locomotor/Locomotor.uplugin" 658
"../../../Engine/Plugins/Experimental/Animation/PackedAttributes/PackedAttributes.uplugin" 659
"../../../Engine/Plugins/Experimental/Animation/RigMapper/RigMapper.uplugin" 660
"../../../Engine/Plugins/Experimental/MetaHuman/MetaHumanCharacterUAF/MetaHumanCharacterUAF.uplugin" 661
"../../../Engine/Plugins/Experimental/Animation/TrajectoryTools/TrajectoryTools.uplugin" 662
"../../../Engine/Plugins/Experimental/Animation/RelativeIKOp/RelativeIKOp.uplugin" 663
"../../../Engine/Plugins/Experimental/Animation/RigMapperOp/RigMapperOp.uplugin" 664
"../../../Engine/Plugins/Runtime/XRBase/XRBase.uplugin" 665
"../../../Engine/Plugins/Experimental/UAF/UAFAnimGraph/UAFAnimGraph.uplugin" 666
"../../../Engine/Plugins/Experimental/MetaHuman/MetaHumanCalibrationDiagnostics/MetaHumanCalibrationDiagnostics.uplugin" 667
"../../../Engine/Plugins/Experimental/UAF/UAFChooser/UAFChooser.uplugin" 668
"../../../Engine/Plugins/Experimental/Animation/SkeletalMeshMorphTargetEditingTools/SkeletalMeshMorphTargetEditingTools.uplugin" 669
"../../../Engine/Plugins/Experimental/UAF/UAFTests/UAFTests.uplugin" 670
"../../../Engine/Plugins/Experimental/UAF/UAFControlRig/UAFControlRig.uplugin" 671
"../../../Engine/Plugins/Experimental/MetaHuman/MetaHumanRuntime/MetaHumanRuntime.uplugin" 672
"../../../Engine/Plugins/Experimental/UAF/UAFPoseSearch/UAFPoseSearch.uplugin" 673
"../../../Engine/Plugins/Experimental/UAF/UAFWarping/UAFWarping.uplugin" 674
"../../../Engine/Plugins/Editor/ContentBrowser/ContentBrowserAliasDataSource/ContentBrowserAliasDataSource.uplugin" 675
"../../../Engine/Plugins/Experimental/UAF/UAFStateTree/UAFStateTree.uplugin" 676
"../../../Engine/Plugins/Experimental/UAF/UAFMirroring/UAFMirroring.uplugin" 677
"../../../Engine/Plugins/Editor/ContentBrowser/ContentBrowserClassDataSource/ContentBrowserClassDataSource.uplugin" 678
"../../../Engine/Plugins/Experimental/AVCodecs/AVCodecsCore/AVCodecsCore.uplugin" 679
"../../../Engine/Plugins/Experimental/AVCodecs/NVCodecs/NVCodecs.uplugin" 680
"../../../Engine/Plugins/Experimental/AVCodecs/VTCodecs/VTCodecs.uplugin" 681
"../../../Engine/Plugins/Editor/ContentBrowser/ContentBrowserFileDataSource/ContentBrowserFileDataSource.uplugin" 682
"../../../Engine/Plugins/Experimental/AVCodecs/AMFCodecs/AMFCodecs.uplugin" 683
"../../../Engine/Plugins/Experimental/AVCodecs/WMFCodecs/WMFCodecs.uplugin" 684
"../../../Engine/Plugins/Experimental/VirtualProduction/LedWallCalibration/LedWallCalibration.uplugin" 685
"../../../Engine/Plugins/Editor/ContentBrowser/ContentBrowserAssetDataSource/ContentBrowserAssetDataSource.uplugin" 686
"../../../Engine/Plugins/Experimental/VirtualProduction/VPRoles/VPRoles.uplugin" 687
"../../../Engine/Plugins/Experimental/VirtualProduction/VPSettings/VPSettings.uplugin" 688
"../../../Engine/Plugins/Online/VoiceChat/EOSVoiceChat/EOSVoiceChat.uplugin" 689
"../../../Engine/Plugins/Experimental/UAF/UAF/UAF.uplugin" 690
"../../../Engine/Plugins/Online/IOS/OnlineSubsystemIOS/OnlineSubsystemIOS.uplugin" 691
"../../../Engine/Plugins/Experimental/CharacterFXEditor/BaseCharacterFXEditor/BaseCharacterFXEditor.uplugin" 692
"../../../Engine/Plugins/Experimental/CharacterFXEditor/ExampleCharacterFXEditor/ExampleCharacterFXEditor.uplugin" 693
"../../../Engine/Plugins/Experimental/Enterprise/DatasmithInterchange/DatasmithInterchange.uplugin" 694
"../../../Engine/Plugins/Online/VoiceChat/VoiceChat/VoiceChat.uplugin" 695
"../../../Engine/Plugins/Experimental/Enterprise/DatasmithRuntime/DatasmithRuntime.uplugin" 696
"../../../Engine/Plugins/Experimental/PCGInterops/PCGInstancedActorsInterop/PCGInstancedActorsInterop.uplugin" 697
"../../../Engine/Plugins/Experimental/AVCodecs/LibVpxCodecs/LibVpxCodecs.uplugin" 698
"../../../Engine/Plugins/Runtime/Nvidia/Reflex/Reflex.uplugin" 699
"../../../Engine/Plugins/Experimental/PCGInterops/PCGFastGeoInterop/PCGFastGeoInterop.uplugin" 700
"../../../Engine/Plugins/Experimental/Web/WebAPI/WebAPI.uplugin" 701
"../../../Engine/Plugins/VirtualProduction/DMX/DatasmithMVR/DatasmithMVR.uplugin" 702
"../../../Engine/Plugins/Experimental/PCGInterops/PCGWaterInterop/PCGWaterInterop.uplugin" 703
"../../../Engine/Plugins/Experimental/Enterprise/DataprepGeometryOperations/DataprepGeometryOperations.uplugin" 704
"../../../Engine/Plugins/VirtualProduction/DMX/DMXGDTF/DMXGDTF.uplugin" 705
"../../../Engine/Plugins/VirtualProduction/DMX/DMXDisplayCluster/DMXDisplayCluster.uplugin" 706
"../../../Engine/Plugins/VirtualProduction/DMX/DMXFixtures/DMXFixtures.uplugin" 707
"../../../Engine/Plugins/Experimental/PCGInterops/PCGNaniteAssembliesInterop/PCGNaniteAssembliesInterop.uplugin" 708
"../../../Engine/Plugins/VirtualProduction/DMX/DMXModularFeatures/DMXModularFeatures.uplugin" 709
"../../../Engine/Plugins/Experimental/PCGInterops/PCGNiagaraInterop/PCGNiagaraInterop.uplugin" 710
"../../../Engine/Plugins/Runtime/Database/DatabaseSupport/DatabaseSupport.uplugin" 711
"../../../Engine/Plugins/Runtime/Database/SQLiteSupport/SQLiteSupport.uplugin" 712
"../../../Engine/Plugins/Runtime/Database/SQLiteCore/SQLiteCore.uplugin" 713
"../../../Engine/Plugins/VirtualProduction/DMX/DMXControlConsole/DMXControlConsole.uplugin" 714
"../../../Engine/Plugins/Runtime/Database/ADOSupport/ADOSupport.uplugin" 715
"../../../Engine/Plugins/VirtualProduction/DMX/DMXEngine/DMXEngine.uplugin" 716
"../../../Engine/Plugins/Runtime/Database/RemoteDatabaseSupport/RemoteDatabaseSupport.uplugin" 717
"../../../Engine/Plugins/VirtualProduction/DMX/DMXProtocol/DMXProtocol.uplugin" 718
"../../../Engine/Plugins/VirtualProduction/Rivermax/RivermaxSync/RivermaxSync.uplugin" 719
"../../../Engine/Plugins/VirtualProduction/Rivermax/RivermaxMedia/RivermaxMedia.uplugin" 720
"../../../Engine/Plugins/Editor/Localization/PortableObjectFileDataSource/PortableObjectFileDataSource.uplugin" 721
"../../../Engine/Plugins/VirtualProduction/DMX/DMXPixelMapping/DMXPixelMapping.uplugin" 722
"../../../Engine/Plugins/Editor/ObjectMixer/LightMixer/LightMixer.uplugin" 723
"../../../Engine/Plugins/VirtualProduction/Rivermax/RivermaxCore/RivermaxCore.uplugin" 724
"../../../Engine/Plugins/Editor/ObjectMixer/ObjectMixer/ObjectMixer.uplugin" 725
"../../../Engine/Plugins/Runtime/Advertising/IOSTapJoy/IOSTapJoy.uplugin" 726
"../../../Engine/Plugins/Runtime/Analytics/Adjust/Adjust.uplugin" 727
"../../../Engine/Plugins/Runtime/Analytics/FileLogging/FileLogging.uplugin" 728
"../../../Engine/Plugins/Runtime/AR/ARUtilities/ARUtilities.uplugin" 729
"../../../Engine/Plugins/Runtime/Analytics/AnalyticsBlueprintLibrary/AnalyticsBlueprintLibrary.uplugin" 730
"../../../Engine/Plugins/Runtime/Steam/SteamController/SteamController.uplugin" 731
"../../../Engine/Plugins/Runtime/Analytics/AnalyticsMulticast/AnalyticsMulticast.uplugin" 732
"../../../Engine/Plugins/Runtime/Steam/SteamAudio/SteamAudio.uplugin" 733
"../../../Engine/Plugins/Runtime/Steam/SteamSockets/SteamSockets.uplugin" 734
"../../../Engine/Plugins/Runtime/Steam/SteamShared/SteamShared.uplugin" 735
"../../../Engine/Plugins/Runtime/Nvidia/GeForceNOWWrapper/GeForceNOWWrapper.uplugin" 736
"../../../Engine/Plugins/VirtualProduction/CaptureManager/CaptureManagerApp/CaptureManagerApp.uplugin" 737
"../../../Engine/Plugins/VirtualProduction/CaptureManager/CaptureManagerDevices/CaptureManagerDevices.uplugin" 738
"../../../Engine/Plugins/VirtualProduction/CaptureManager/CaptureManagerCore/CaptureManagerCore.uplugin" 739
"../../../Engine/Plugins/Online/Android/AndroidFetchBackgroundDownload/AndroidFetchBackgroundDownload.uplugin" 740
"../../../Engine/Plugins/Runtime/PacketHandlers/AESGCMHandlerComponent/AESGCMHandlerComponent.uplugin" 741
"../../../Engine/Plugins/Runtime/PacketHandlers/DTLSHandlerComponent/DTLSHandlerComponent.uplugin" 742
"../../../Engine/Plugins/Runtime/PacketHandlers/AESHandlerComponent/AESHandlerComponent.uplugin" 743
"../../../Engine/Plugins/Online/Android/OnlineSubsystemGooglePlay/OnlineSubsystemGooglePlay.uplugin" 744
"../../../Engine/Plugins/Interchange/Extensions/OpenUSD/InterchangeOpenUSD.uplugin" 745
"../../../Engine/Plugins/Runtime/Windows/WinDualShock/WinDualShock.uplugin" 746
"../../../Engine/Plugins/Runtime/Windows/XInputDevice/XInputDevice.uplugin" 747
"../../../Engine/Plugins/Runtime/Windows/WinVirtualKeyboard/WinVirtualKeyboard.uplugin" 748
"../../../Engine/Plugins/VirtualProduction/CaptureManager/CaptureManagerEditor/CaptureManagerEditor.uplugin" 749
"../../../Engine/Plugins/Interchange/Extensions/OpenVDB/InterchangeOpenVDB.uplugin" 750
"../../../Engine/Plugins/Runtime/MeshReconstruction/DummyMeshReconstructor/DummyMeshReconstructor.uplugin" 751
"../../../Engine/Plugins/Marketplace/Developer/RiderLink/RiderLink.uplugin" 752
"../../../Engine/Plugins/Animation/MLDeformer/ChaosClothGenerator/ChaosClothGenerator.uplugin" 753
"../../../Engine/Plugins/Developer/Concert/ConcertMain/ConcertMain.uplugin" 754
"../../../Engine/Plugins/Animation/MLDeformer/NearestNeighborModel/NearestNeighborModel.uplugin" 755
"../../../Engine/Plugins/Animation/MLDeformer/MLDeformerFramework/MLDeformerFramework.uplugin" 756
"../../../Engine/Plugins/Animation/MLDeformer/NeuralMorphModel/NeuralMorphModel.uplugin" 757
"../../../Engine/Plugins/Animation/MLDeformer/VertexDeltaModel/VertexDeltaModel.uplugin" 758
"../../../Engine/Plugins/Runtime/XR/XRScribe/XRScribe.uplugin" 759
"../../../Engine/Plugins/Animation/MLDeformer/ChaosFleshGenerator/ChaosFleshGenerator.uplugin" 760
"../../../Engine/Plugins/Developer/Concert/ConcertInsights/ConcertInsightsServer/ConcertInsightsServer.uplugin" 761
"../../../Engine/Plugins/Developer/Concert/ConcertInsights/ConcertInsightsCore/ConcertInsightsCore.uplugin" 762
"../../../Engine/Plugins/Developer/Concert/ConcertInsights/ConcertInsightsClient/ConcertInsightsClient.uplugin" 763
"../../../Engine/Plugins/Developer/Concert/ConcertSync/ConcertSyncClient/ConcertSyncClient.uplugin" 764
"../../../Engine/Plugins/Developer/Concert/ConcertInsights/ConcertInsightsVisualizer/ConcertInsightsVisualizer.uplugin" 765
"../../../Engine/Plugins/Developer/Concert/ConcertSync/ConcertSyncServer/ConcertSyncServer.uplugin" 766
"../../../Engine/Plugins/Developer/Concert/ConcertSync/ConcertSyncCore/ConcertSyncCore.uplugin" 767
"../../../Engine/Plugins/Runtime/XR/XRVisualization/XRVisualization.uplugin" 768
"../../../Engine/Plugins/Developer/Concert/ConcertSync/ConcertSyncTest/ConcertSyncTest.uplugin" 769
"../../../Engine/Plugins/Experimental/Animation/MLDeformer/DetailPoseModel/DetailPoseModel.uplugin" 770
"../../../Engine/Plugins/Runtime/AR/AppleAR/AppleARKit/AppleARKit.uplugin" 771
"../../../Engine/Plugins/Runtime/AR/AppleAR/AppleARKitFaceSupport/AppleARKitFaceSupport.uplugin" 772
"../../../Engine/Plugins/Developer/Concert/ConcertUI/ConcertClientSharedSlate/ConcertClientSharedSlate.uplugin" 773
"../../../Engine/Plugins/Developer/Concert/ConcertUI/ConcertSharedSlate/ConcertSharedSlate.uplugin" 774
"../../../Engine/Plugins/Developer/Concert/ConcertApp/DisasterRecoveryClient/DisasterRecoveryClient.uplugin" 775
"../../../Engine/Plugins/Developer/Concert/ConcertScripting/ConcertReplicationScripting/ConcertReplicationScripting.uplugin" 776
"../../../Engine/Plugins/Developer/Concert/ConcertApp/MultiUserServer/MultiUserServer.uplugin" 777
"../../../Engine/Plugins/Runtime/AR/Google/GoogleARCoreServices/GoogleARCoreServices.uplugin" 778
"../../../Engine/Plugins/Developer/Concert/ConcertApp/MultiUserClient/MultiUserClient.uplugin" 779
"../../../Engine/Plugins/Runtime/AR/Google/GoogleARCore/GoogleARCore.uplugin" 780
"../../../Engine/Platforms/Android/Plugins/Animation/RigLogic/RigLogic_Android.uplugin" 781
"../../../Engine/Platforms/Android/Plugins/Animation/ACLPlugin/ACLPlugin_Android.uplugin" 782
"../../../Engine/Platforms/IOS/Plugins/Animation/RigLogic/RigLogic_IOS.uplugin" 783
"C:/Users/Anthony/Documents/GitHub/mechatronics-vr/Plugins/MetaXR/OculusXR.uplugin" 784
"../../../Engine/Content/Internationalization/icudt64l/cnvalias.icu" 785
"../../../Engine/Content/Internationalization/icudt64l/res_index.res" 786
"../../../Engine/Content/Internationalization/icudt64l/plurals.res" 787
"../../../Engine/Content/Internationalization/icudt64l/lang/en.res" 788
"../../../Engine/Content/Internationalization/icudt64l/lang/pool.res" 789
"../../../Engine/Content/Internationalization/icudt64l/lang/root.res" 790
"../../../Engine/Content/Internationalization/icudt64l/region/en.res" 791
"../../../Engine/Content/Internationalization/icudt64l/region/pool.res" 792
"../../../Engine/Content/Internationalization/icudt64l/region/root.res" 793
"../../../Engine/Content/Internationalization/icudt64l/windowsZones.res" 794
"../../../Engine/Content/Internationalization/icudt64l/zoneinfo64.res" 795
"../../../Engine/Content/Internationalization/icudt64l/keyTypeData.res" 796
"../../../Engine/Content/Internationalization/icudt64l/timezoneTypes.res" 797
"../../../Engine/Content/Internationalization/icudt64l/likelySubtags.res" 798
"../../../Engine/Content/Internationalization/icudt64l/en_US.res" 799
"../../../Engine/Content/Internationalization/icudt64l/pool.res" 800
"../../../Engine/Content/Internationalization/icudt64l/en.res" 801
"../../../Engine/Content/Internationalization/icudt64l/root.res" 802
"../../../Engine/Content/Internationalization/icudt64l/supplementalData.res" 803
"../../../Engine/Config/ConfigRedirects.ini" 804
"C:/Users/Anthony/AppData/Local/UnrealEngine/5.7/Saved/Config/WindowsEditor/Manifest.ini" 805
"../../../Engine/Config/BaseEngine.ini" 806
"../../../Engine/Config/Windows/BaseWindowsEngine.ini" 807
"../../../../../../Users/Anthony/Documents/GitHub/mechatronics-vr/Config/DefaultEngine.ini" 808
"../../../Engine/Config/BaseGame.ini" 809
"../../../../../../Users/Anthony/Documents/GitHub/mechatronics-vr/Config/DefaultGame.ini" 810
"../../../Engine/Config/Windows/WindowsGame.ini" 811
"C:/Users/Anthony/Documents/GitHub/mechatronics-vr/Saved/Config/WindowsEditor/Game.ini" 812
"../../../Engine/Config/BaseInput.ini" 813
"../../../Engine/Config/Windows/BaseWindowsInput.ini" 814
"../../../../../../Users/Anthony/Documents/GitHub/mechatronics-vr/Config/DefaultInput.ini" 815
"../../../Engine/Config/Windows/WindowsInput.ini" 816
"C:/Users/Anthony/Documents/GitHub/mechatronics-vr/Saved/Config/WindowsEditor/Input.ini" 817
"../../../Engine/Config/BaseDeviceProfiles.ini" 818
"../../../Engine/Config/BaseGameUserSettings.ini" 819
"C:/Users/Anthony/Documents/GitHub/mechatronics-vr/Saved/Config/WindowsEditor/GameUserSettings.ini" 820
"../../../Engine/Config/BaseScalability.ini" 821
"../../../Engine/Config/BaseRuntimeOptions.ini" 822
"../../../Engine/Config/BaseInstallBundle.ini" 823
"../../../Engine/Config/BaseHardware.ini" 824
"../../../Engine/Config/BaseCompat.ini" 825
"../../../Engine/Config/BaseLightmass.ini" 826
"../../../Engine/Config/BaseEditor.ini" 827
"../../../../../../Users/Anthony/Documents/GitHub/mechatronics-vr/Config/DefaultEditor.ini" 828
"C:/Users/Anthony/Documents/GitHub/mechatronics-vr/Saved/Config/WindowsEditor/Editor.ini" 829
"../../../Engine/Config/BaseMaterialExpressions.ini" 830
"../../../Engine/Config/BaseEditorPerProjectUserSettings.ini" 831
"../../../../../../Users/Anthony/Documents/GitHub/mechatronics-vr/Config/DefaultEditorPerProjectUserSettings.ini" 832
"../../../Engine/Config/Windows/WindowsEditorPerProjectUserSettings.ini" 833
"C:/Users/Anthony/Documents/GitHub/mechatronics-vr/Saved/Config/WindowsEditor/EditorPerProjectUserSettings.ini" 834
"../../../Engine/Config/BaseEditorSettings.ini" 835
"../../../Engine/Config/Windows/WindowsEditorSettings.ini" 836
"C:/Users/Anthony/AppData/Local/UnrealEngine/5.7/Saved/Config/WindowsEditor/EditorSettings.ini" 837
"../../../Engine/Config/BaseEditorKeyBindings.ini" 838
"C:/Users/Anthony/AppData/Local/UnrealEngine/5.7/Saved/Config/WindowsEditor/EditorLayout.ini" 839
"../../../../../../Users/Anthony/Documents/GitHub/mechatronics-vr/Binaries/Win64/MechatronicsVR-Win64-Shipping.target" 840
"../../../../../../Users/Anthony/Documents/GitHub/mechatronics-vr/Binaries/Win64/MechatronicsVR.target" 841
"../../../Engine/Config/Mac/BaseMacEngine.ini" 842
"../../../Engine/Config/IOS/BaseIOSEngine.ini" 843
"../../../Engine/Config/Android/BaseAndroidEngine.ini" 844
"../../../Engine/Config/Linux/BaseLinuxEngine.ini" 845
"../../../../../../Users/Anthony/Documents/GitHub/mechatronics-vr/Intermediate/CachedAssetRegistryDiscovery.bin" 846
"../../../Engine/Config/Android/AndroidEngine.ini" 847
"../../../Engine/Config/TVOS/TVOSEngine.ini" 848
"../../../Engine/Config/Unix/UnixEngine.ini" 849
"../../../Engine/Config/Mac/MacGame.ini" 850
"../../../Engine/Config/Linux/LinuxEngine.ini" 851
"../../../../../../Users/Anthony/Documents/GitHub/mechatronics-vr/Binaries/Win64/MechatronicsVREditor.target" 852
"../../../Engine/Config/Android/BaseAndroidGame.ini" 853
"../../../Engine/Config/IOS/BaseIOSGame.ini" 854
"../../../Engine/Config/IOS/IOSGame.ini" 855
"../../../Engine/Config/Mac/BaseMacInput.ini" 856
"../../../Engine/Config/IOS/BaseIOSInput.ini" 857
"../../../Engine/Config/Android/BaseAndroidInput.ini" 858
"../../../Engine/Config/Linux/LinuxGame.ini" 859
"../../../Engine/Config/IOS/IOSScalability.ini" 860
"../../../Engine/Config/Android/AndroidScalability.ini" 861
"../../../Engine/Config/IOS/BaseIOSInstallBundle.ini" 862
"../../../Engine/Config/Android/BaseAndroidInstallBundle.ini" 863
"../../../Engine/Platforms/VisionOS/Config/BaseVisionOSEngine.ini" 864
"../../../Engine/Platforms/VisionOS/Config/VisionOSEngine.ini" 865
"../../../Engine/Config/PluginBase.ini" 866
"../../../Engine/Plugins/ChaosVD/Config/DefaultChaosVD.ini" 867
"../../../Engine/Plugins/EnhancedInput/Config/BaseEnhancedInput.ini" 868
"../../../Engine/Plugins/Fab/Config/BaseFab.ini" 869
"../../../Engine/Plugins/TraceUtilities/Config/BaseTraceUtilities.ini" 870
"../../../Engine/Plugins/Compositing/CompositeCore/Config/BaseCompositeCore.ini" 871
"../../../Engine/Plugins/Compositing/OpenColorIO/Config/BaseOpenColorIO.ini" 872
"../../../Engine/Plugins/Experimental/FullBodyIK/Config/BaseFullBodyIK.ini" 873
"../../../Engine/Plugins/Experimental/ToolPresets/Config/BaseToolPresets.ini" 874
"../../../Engine/Plugins/MetaHuman/MetaHumanAnimator/Config/BaseMetaHuman.ini" 875
"../../../Engine/Plugins/MetaHuman/MetaHumanSDK/Config/BaseMetaHumanSDK.ini" 876
"../../../Engine/Plugins/Cameras/GameplayCameras/Config/BaseGameplayCameras.ini" 877
"../../../Engine/Plugins/Interchange/Assets/Config/BaseInterchangeAssets.ini" 878
"../../../Engine/Plugins/Interchange/Runtime/Config/BaseInterchange.ini" 879
"../../../Engine/Plugins/Media/MediaIOFramework/Config/BaseMediaIOFramework.ini" 880
"../../../Engine/Plugins/Editor/EditorScriptingUtilities/Config/BaseEditorScriptingUtilities.ini" 881
"../../../Engine/Plugins/VirtualProduction/CameraCalibrationCore/Config/BaseCameraCalibrationCore.ini" 882
"../../../Engine/Plugins/VirtualProduction/LensComponent/Config/BaseLensComponent.ini" 883
"../../../Engine/Plugins/VirtualProduction/Takes/Config/BaseTakes.ini" 884
"../../../Engine/Plugins/2D/Paper2D/Config/BasePaper2D.ini" 885
"../../../Engine/Plugins/Animation/ControlRig/Config/BaseControlRig.ini" 886
"../../../Engine/Plugins/Animation/IKRig/Config/BaseIKRig.ini" 887
"../../../Engine/Plugins/Animation/LiveLink/Config/BaseLiveLink.ini" 888
"../../../Engine/Plugins/Animation/DeformerGraph/Config/BaseDeformerGraph.ini" 889
"../../../Engine/Plugins/Enterprise/DatasmithContent/Config/BaseDatasmithContent.ini" 890
"../../../Engine/Plugins/Enterprise/GLTFExporter/Config/BaseGLTFExporter.ini" 891
"../../../Engine/Plugins/Enterprise/GLTFExporter/Config/DefaultGLTFExporter.ini" 892
"../../../Engine/Plugins/Enterprise/VariantManagerContent/Config/BaseVariantManagerContent.ini" 893
"../../../Engine/Plugins/FX/Niagara/Config/BaseNiagara.ini" 894
"../../../Engine/Plugins/Runtime/HairStrands/Config/BaseHairStrands.ini" 895
"../../../Engine/Plugins/Runtime/Metasound/Config/BaseMetasound.ini" 896
"../../../Engine/Plugins/Runtime/Metasound/Config/DefaultMetasound.ini" 897
"../../../Engine/Plugins/Runtime/PropertyBindingUtils/Config/BasePropertyBindingUtils.ini" 898
"../../../Engine/Plugins/Runtime/RigVM/Config/BaseRigVM.ini" 899
"../../../Engine/Plugins/Runtime/StateTree/Config/BaseStateTree.ini" 900
"../../../Engine/Plugins/Runtime/Synthesis/Config/BaseSynthesis.ini" 901
"../../../Engine/Plugins/Developer/Concert/ConcertSync/ConcertSyncCore/Config/BaseConcertSyncCore.ini" 902
"../../../Engine/Plugins/ChaosVD/Config/Engine.ini" 903
"../../../Engine/Plugins/MetaHuman/MetaHumanAnimator/Config/Engine.ini" 904
"../../../Engine/Plugins/Runtime/OpenXR/Config/Engine.ini" 905
"../../../Engine/Plugins/EnhancedInput/Config/Input.ini" 906
"../../../Engine/Plugins/Runtime/InputDebugging/Config/Input.ini" 907
"../../../Engine/Plugins/Runtime/Windows/XInputDevice/Config/Input.ini" 908
"../../../Engine/Plugins/Online/OnlineSubsystemUtils/Config/Editor.ini" 909
"../../../Engine/Plugins/Runtime/RigVM/Config/Editor.ini" 910
"../../../Engine/Plugins/VirtualProduction/CameraCalibrationCore/Config/Game.ini" 911
"../../../Engine/Plugins/NNE/NNEDenoiser/Config/Game.ini" 912
"../../../Engine/Plugins/Editor/ModelingToolsEditorMode/Binaries/Win64/UnrealEditor.modules" 913
"../../../Engine/Plugins/Runtime/MeshModelingToolset/Binaries/Win64/UnrealEditor.modules" 914
"../../../Engine/Plugins/Experimental/MeshModelingToolsetExp/Binaries/Win64/UnrealEditor.modules" 915
"../../../Engine/Plugins/Editor/MeshLODToolset/Binaries/Win64/UnrealEditor.modules" 916
"../../../Engine/Plugins/Experimental/ToolPresets/Binaries/Win64/UnrealEditor.modules" 917
"../../../Engine/Plugins/Editor/StylusInput/Binaries/Win64/UnrealEditor.modules" 918
"../../../Engine/Plugins/Runtime/GeometryProcessing/Binaries/Win64/UnrealEditor.modules" 919
"../../../Engine/Plugins/Editor/ProxyLODPlugin/Binaries/Win64/UnrealEditor.modules" 920
"../../../Engine/Plugins/Experimental/PlanarCutPlugin/Binaries/Win64/UnrealEditor.modules" 921
"../../../Engine/Plugins/Runtime/GeometryCache/Binaries/Win64/UnrealEditor.modules" 922
"../../../Engine/Plugins/Experimental/GeometryFlow/Binaries/Win64/UnrealEditor.modules" 923
"../../../Engine/Plugins/Editor/EditorScriptingUtilities/Binaries/Win64/UnrealEditor.modules" 924
"../../../Engine/Plugins/FX/Niagara/Binaries/Win64/UnrealEditor.modules" 925
"../../../Engine/Plugins/Experimental/PythonScriptPlugin/Binaries/Win64/UnrealEditor.modules" 926
"../../../Engine/Plugins/Editor/ContentBrowser/ContentBrowserFileDataSource/Binaries/Win64/UnrealEditor.modules" 927
"../../../Engine/Plugins/Runtime/OpenXR/Binaries/Win64/UnrealEditor.modules" 928
"../../../Engine/Plugins/Runtime/XRBase/Binaries/Win64/UnrealEditor.modules" 929
"../../../Engine/Plugins/EnhancedInput/Binaries/Win64/UnrealEditor.modules" 930
"../../../Engine/Plugins/Editor/DataValidation/Binaries/Win64/UnrealEditor.modules" 931
"../../../Engine/Plugins/Experimental/LiveLinkControlRig/Binaries/Win64/UnrealEditor.modules" 932
"../../../Engine/Plugins/Animation/ControlRig/Binaries/Win64/UnrealEditor.modules" 933
"../../../Engine/Plugins/Runtime/RigVM/Binaries/Win64/UnrealEditor.modules" 934
"../../../Engine/Plugins/MovieScene/LevelSequenceEditor/Binaries/Win64/UnrealEditor.modules" 935
"../../../Engine/Plugins/Runtime/PropertyAccess/Binaries/Win64/UnrealEditor.modules" 936
"../../../Engine/Plugins/MovieScene/SequencerScripting/Binaries/Win64/UnrealEditor.modules" 937
"../../../Engine/Plugins/Animation/TweeningUtils/Binaries/Win64/UnrealEditor.modules" 938
"../../../Engine/Plugins/Runtime/AR/AppleAR/AppleARKitFaceSupport/Binaries/Win64/UnrealEditor.modules" 939
"../../../Engine/Plugins/Runtime/AR/AppleAR/AppleARKit/Binaries/Win64/UnrealEditor.modules" 940
"../../../Engine/Plugins/Runtime/ProceduralMeshComponent/Binaries/Win64/UnrealEditor.modules" 941
"../../../Engine/Plugins/Runtime/AppleImageUtils/Binaries/Win64/UnrealEditor.modules" 942
"../../../Engine/Plugins/Runtime/AR/ARUtilities/Binaries/Win64/UnrealEditor.modules" 943
"../../../Engine/Plugins/Animation/LiveLink/Binaries/Win64/UnrealEditor.modules" 944
"../../../Engine/Plugins/VirtualProduction/Takes/Binaries/Win64/UnrealEditor.modules" 945
"../../../Engine/Plugins/Developer/Concert/ConcertSync/ConcertSyncClient/Binaries/Win64/UnrealEditor.modules" 946
"../../../Engine/Plugins/Editor/ContentBrowser/ContentBrowserAssetDataSource/Binaries/Win64/UnrealEditor.modules" 947
"../../../Engine/Plugins/Runtime/AudioCapture/Binaries/Win64/UnrealEditor.modules" 948
"../../../Engine/Plugins/Developer/NamingTokens/Binaries/Win64/UnrealEditor.modules" 949
"../../../Engine/Plugins/Developer/Concert/ConcertSync/ConcertSyncCore/Binaries/Win64/UnrealEditor.modules" 950
"../../../Engine/Plugins/Developer/Concert/ConcertMain/Binaries/Win64/UnrealEditor.modules" 951
"../../../Engine/Plugins/Editor/EngineAssetDefinitions/Binaries/Win64/UnrealEditor.modules" 952
"../../../Engine/Plugins/Runtime/Database/SQLiteCore/Binaries/Win64/UnrealEditor.modules" 953
"../../../Engine/Plugins/MetaHuman/MetaHumanAnimator/Binaries/Win64/UnrealEditor.modules" 954
"../../../Engine/Plugins/Animation/RigLogic/Binaries/Win64/UnrealEditor.modules" 955
"../../../Engine/Plugins/NNE/NNERuntimeORT/Binaries/Win64/UnrealEditor.modules" 956
"../../../Engine/Plugins/Media/ImgMedia/Binaries/Win64/UnrealEditor.modules" 957
"../../../Engine/Plugins/VirtualProduction/CaptureData/Binaries/Win64/UnrealEditor.modules" 958
"../../../Engine/Plugins/VirtualProduction/CaptureManager/CaptureManagerEditor/Binaries/Win64/UnrealEditor.modules" 959
"../../../Engine/Plugins/Media/MediaCompositing/Binaries/Win64/UnrealEditor.modules" 960
"../../../Engine/Plugins/VirtualProduction/CameraCalibrationCore/Binaries/Win64/UnrealEditor.modules" 961
"../../../Engine/Plugins/VirtualProduction/LensComponent/Binaries/Win64/UnrealEditor.modules" 962
"../../../Engine/Plugins/Media/MediaIOFramework/Binaries/Win64/UnrealEditor.modules" 963
"../../../Engine/Plugins/Experimental/PlatformCrypto/Binaries/Win64/UnrealEditor.modules" 964
"../../../Engine/Plugins/Interchange/Runtime/Binaries/Win64/UnrealEditor.modules" 965
"../../../Engine/Plugins/Animation/LiveLinkHub/Binaries/Win64/UnrealEditor.modules" 966
"../../../Engine/Plugins/Animation/DNACalib/Binaries/Win64/UnrealEditor.modules" 967
"../../../Engine/Plugins/MetaHuman/MetaHumanCoreTechLib/Binaries/Win64/UnrealEditor.modules" 968
"../../../Engine/Plugins/MetaHuman/MetaHumanSDK/Binaries/Win64/UnrealEditor.modules" 969
"../../../Engine/Plugins/Media/MediaPlayerEditor/Binaries/Win64/UnrealEditor.modules" 970
"../../../Engine/Plugins/VirtualProduction/CaptureManager/CaptureManagerCore/Binaries/Win64/UnrealEditor.modules" 971
"../../../Engine/Plugins/Cameras/GameplayCameras/Binaries/Win64/UnrealEditor.modules" 972
"../../../Engine/Plugins/Compositing/OpenColorIO/Binaries/Win64/UnrealEditor.modules" 973
"../../../Engine/Plugins/Runtime/HairStrands/Binaries/Win64/UnrealEditor.modules" 974
"../../../Engine/Plugins/Enterprise/VariantManagerContent/Binaries/Win64/UnrealEditor.modules" 975
"../../../Engine/Plugins/Enterprise/VariantManager/Binaries/Win64/UnrealEditor.modules" 976
"../../../Engine/Plugins/Interchange/Assets/Binaries/Win64/UnrealEditor.modules" 977
"../../../Engine/Plugins/Messaging/UdpMessaging/Binaries/Win64/UnrealEditor.modules" 978
"../../../Engine/Plugins/Online/EOSShared/Binaries/Win64/UnrealEditor.modules" 979
"../../../Engine/Plugins/Runtime/StateTree/Binaries/Win64/UnrealEditor.modules" 980
"../../../Engine/Plugins/MovieScene/TemplateSequence/Binaries/Win64/UnrealEditor.modules" 981
"../../../Engine/Plugins/Animation/DeformerGraph/Binaries/Win64/UnrealEditor.modules" 982
"../../../Engine/Plugins/Experimental/Dataflow/Binaries/Win64/UnrealEditor.modules" 983
"../../../Engine/Plugins/Runtime/ComputeFramework/Binaries/Win64/UnrealEditor.modules" 984
"../../../Engine/Plugins/Animation/GameplayInsights/Binaries/Win64/UnrealEditor.modules" 985
"../../../Engine/Plugins/Runtime/PropertyBindingUtils/Binaries/Win64/UnrealEditor.modules" 986
"../../../Engine/Plugins/Experimental/CharacterFXEditor/BaseCharacterFXEditor/Binaries/Win64/UnrealEditor.modules" 987
"../../../Engine/Plugins/Experimental/ChaosCaching/Binaries/Win64/UnrealEditor.modules" 988
"../../../Engine/Plugins/Experimental/EditorDataStorage/Binaries/Win64/UnrealEditor.modules" 989
"../../../Engine/Plugins/Experimental/EditorDataStorageFeatures/Binaries/Win64/UnrealEditor.modules" 990
"../../../Engine/Plugins/Animation/SkeletalMeshModelingTools/Binaries/Win64/UnrealEditor.modules" 991
"../../../Engine/Plugins/AudioInsights/Binaries/Win64/UnrealEditor.modules" 992
"../../../Engine/Plugins/Runtime/AudioWidgets/Binaries/Win64/UnrealEditor.modules" 993
"../../../Engine/Plugins/Runtime/AudioSynesthesia/Binaries/Win64/UnrealEditor.modules" 994
"../../../Engine/Plugins/ChaosCloth/Binaries/Win64/UnrealEditor.modules" 995
"../../../Engine/Plugins/Bridge/Binaries/Win64/UnrealEditor.modules" 996
"../../../Engine/Plugins/ChaosInsights/Binaries/Win64/UnrealEditor.modules" 997
"../../../Engine/Plugins/ChaosVD/Binaries/Win64/UnrealEditor.modules" 998
"../../../Engine/Plugins/CmdLinkServer/Binaries/Win64/UnrealEditor.modules" 999
"../../../Engine/Plugins/IoStoreInsights/Binaries/Win64/UnrealEditor.modules" 1000
"../../../Engine/Plugins/Fab/Binaries/Win64/UnrealEditor.modules" 1001
"../../../Engine/Plugins/MassInsights/Binaries/Win64/UnrealEditor.modules" 1002
"../../../Engine/Plugins/MeshPainting/Binaries/Win64/UnrealEditor.modules" 1003
"../../../Engine/Plugins/Interchange/Editor/Binaries/Win64/UnrealEditor.modules" 1004
"../../../Engine/Plugins/RenderGraphInsights/Binaries/Win64/UnrealEditor.modules" 1005
"../../../Engine/Plugins/TraceUtilities/Binaries/Win64/UnrealEditor.modules" 1006
"../../../Engine/Plugins/UbaController/Binaries/Win64/UnrealEditor.modules" 1007
"../../../Engine/Plugins/WorldMetrics/Binaries/Win64/UnrealEditor.modules" 1008
"../../../Engine/Plugins/XGEController/Binaries/Win64/UnrealEditor.modules" 1009
"../../../Engine/Plugins/AI/AISupport/Binaries/Win64/UnrealEditor.modules" 1010
"../../../Engine/Plugins/AI/EnvironmentQueryEditor/Binaries/Win64/UnrealEditor.modules" 1011
"../../../Engine/Plugins/Experimental/AdvancedRenamer/Binaries/Win64/UnrealEditor.modules" 1012
"../../../Engine/Plugins/Experimental/AutomationUtils/Binaries/Win64/UnrealEditor.modules" 1013
"../../../Engine/Plugins/Experimental/BackChannel/Binaries/Win64/UnrealEditor.modules" 1014
"../../../Engine/Plugins/Experimental/ChaosEditor/Binaries/Win64/UnrealEditor.modules" 1015
"../../../Engine/Plugins/Experimental/GeometryCollectionPlugin/Binaries/Win64/UnrealEditor.modules" 1016
"../../../Engine/Plugins/Experimental/Fracture/Binaries/Win64/UnrealEditor.modules" 1017
"../../../Engine/Plugins/Experimental/ChaosSolverPlugin/Binaries/Win64/UnrealEditor.modules" 1018
"../../../Engine/Plugins/Experimental/GeometryDataflow/Binaries/Win64/UnrealEditor.modules" 1019
"../../../Engine/Plugins/Experimental/ChaosUserDataPT/Binaries/Win64/UnrealEditor.modules" 1020
"../../../Engine/Plugins/Experimental/ChaosNiagara/Binaries/Win64/UnrealEditor.modules" 1021
"../../../Engine/Plugins/Experimental/CharacterAI/Binaries/Win64/UnrealEditor.modules" 1022
"../../../Engine/Plugins/Experimental/EditorPerformance/Binaries/Win64/UnrealEditor.modules" 1023
"../../../Engine/Plugins/Experimental/EditorTelemetry/Binaries/Win64/UnrealEditor.modules" 1024
"../../../Engine/Plugins/Experimental/GlobalConfigurationData/Binaries/Win64/UnrealEditor.modules" 1025
"../../../Engine/Plugins/Experimental/LevelSequenceNavigatorBridge/Binaries/Win64/UnrealEditor.modules" 1026
"../../../Engine/Plugins/Experimental/SequenceNavigator/Binaries/Win64/UnrealEditor.modules" 1027
"../../../Engine/Plugins/Experimental/LocalizableMessage/Binaries/Win64/UnrealEditor.modules" 1028
"../../../Engine/Plugins/Experimental/NFORDenoise/Binaries/Win64/UnrealEditor.modules" 1029
"../../../Engine/Plugins/Experimental/RuntimeTelemetry/Binaries/Win64/UnrealEditor.modules" 1030
"../../../Engine/Plugins/Experimental/SkeletalReduction/Binaries/Win64/UnrealEditor.modules" 1031
"../../../Engine/Plugins/Cameras/EngineCameras/Binaries/Win64/UnrealEditor.modules" 1032
"../../../Engine/Plugins/Cameras/CameraShakePreviewer/Binaries/Win64/UnrealEditor.modules" 1033
"../../../Engine/Plugins/Developer/AnimationSharing/Binaries/Win64/UnrealEditor.modules" 1034
"../../../Engine/Plugins/Runtime/SignificanceManager/Binaries/Win64/UnrealEditor.modules" 1035
"../../../Engine/Plugins/Developer/DumpGPUServices/Binaries/Win64/UnrealEditor.modules" 1036
"../../../Engine/Plugins/Developer/GitSourceControl/Binaries/Win64/UnrealEditor.modules" 1037
"../../../Engine/Plugins/Developer/N10XSourceCodeAccess/Binaries/Win64/UnrealEditor.modules" 1038
"../../../Engine/Plugins/Developer/GPUReshape/Binaries/Win64/UnrealEditor.modules" 1039
"../../../Engine/Plugins/Developer/PixWinPlugin/Binaries/Win64/UnrealEditor.modules" 1040
"../../../Engine/Plugins/Developer/PlasticSourceControl/Binaries/Win64/UnrealEditor.modules" 1041
"../../../Engine/Plugins/Developer/PropertyAccessNode/Binaries/Win64/UnrealEditor.modules" 1042
"../../../Engine/Plugins/Developer/ProjectLauncher/Binaries/Win64/UnrealEditor.modules" 1043
"../../../Engine/Plugins/Developer/PluginUtils/Binaries/Win64/UnrealEditor.modules" 1044
"../../../Engine/Plugins/Developer/CLionSourceCodeAccess/Binaries/Win64/UnrealEditor.modules" 1045
"../../../Engine/Plugins/Developer/PerforceSourceControl/Binaries/Win64/UnrealEditor.modules" 1046
"../../../Engine/Plugins/Developer/SubversionSourceControl/Binaries/Win64/UnrealEditor.modules" 1047
"../../../Engine/Plugins/Developer/TextureFormatOodle/Binaries/Win64/UnrealEditor.modules" 1048
"../../../Engine/Plugins/Developer/UObjectPlugin/Binaries/Win64/UnrealEditor.modules" 1049
"../../../Engine/Plugins/Developer/RenderDocPlugin/Binaries/Win64/UnrealEditor.modules" 1050
"../../../Engine/Plugins/Developer/RiderSourceCodeAccess/Binaries/Win64/UnrealEditor.modules" 1051
"../../../Engine/Plugins/Developer/VisualStudioCodeSourceCodeAccess/Binaries/Win64/UnrealEditor.modules" 1052
"../../../Engine/Plugins/Developer/VisualStudioSourceCodeAccess/Binaries/Win64/UnrealEditor.modules" 1053
"../../../Engine/Plugins/Media/AndroidMedia/Binaries/Win64/UnrealEditor.modules" 1054
"../../../Engine/Plugins/Media/MediaPlate/Binaries/Win64/UnrealEditor.modules" 1055
"../../../Engine/Plugins/Compositing/CompositeCore/Binaries/Win64/UnrealEditor.modules" 1056
"../../../Engine/Plugins/Media/AvfMedia/Binaries/Win64/UnrealEditor.modules" 1057
"../../../Engine/Plugins/Media/WmfMedia/Binaries/Win64/UnrealEditor.modules" 1058
"../../../Engine/Plugins/MovieScene/ActorSequence/Binaries/Win64/UnrealEditor.modules" 1059
"../../../Engine/Plugins/MovieScene/SequenceValidator/Binaries/Win64/UnrealEditor.modules" 1060
"../../../Engine/Plugins/Online/OnlineBase/Binaries/Win64/UnrealEditor.modules" 1061
"../../../Engine/Plugins/Online/OnlineSubsystemNull/Binaries/Win64/UnrealEditor.modules" 1062
"../../../Engine/Plugins/Online/OnlineSubsystem/Binaries/Win64/UnrealEditor.modules" 1063
"../../../Engine/Plugins/Online/OnlineSubsystemUtils/Binaries/Win64/UnrealEditor.modules" 1064
"../../../Engine/Plugins/Online/OnlineServices/Binaries/Win64/UnrealEditor.modules" 1065
"../../../Engine/Plugins/Tests/InterchangeTests/Binaries/Win64/UnrealEditor.modules" 1066
"../../../Engine/Plugins/Compression/OodleNetwork/Binaries/Win64/UnrealEditor.modules" 1067
"../../../Engine/Plugins/Editor/AssetManagerEditor/Binaries/Win64/UnrealEditor.modules" 1068
"../../../Engine/Plugins/Editor/ChangelistReview/Binaries/Win64/UnrealEditor.modules" 1069
"../../../Engine/Plugins/Editor/BlueprintHeaderView/Binaries/Win64/UnrealEditor.modules" 1070
"../../../Engine/Plugins/Editor/ColorGrading/Binaries/Win64/UnrealEditor.modules" 1071
"../../../Engine/Plugins/Editor/ObjectMixer/ObjectMixer/Binaries/Win64/UnrealEditor.modules" 1072
"../../../Engine/Plugins/Editor/CurveEditorTools/Binaries/Win64/UnrealEditor.modules" 1073
"../../../Engine/Plugins/Editor/CryptoKeys/Binaries/Win64/UnrealEditor.modules" 1074
"../../../Engine/Plugins/Editor/EditorDebugTools/Binaries/Win64/UnrealEditor.modules" 1075
"../../../Engine/Plugins/Editor/FacialAnimation/Binaries/Win64/UnrealEditor.modules" 1076
"../../../Engine/Plugins/Editor/GameplayTagsEditor/Binaries/Win64/UnrealEditor.modules" 1077
"../../../Engine/Plugins/Editor/GeometryMode/Binaries/Win64/UnrealEditor.modules" 1078
"../../../Engine/Plugins/Editor/MaterialAnalyzer/Binaries/Win64/UnrealEditor.modules" 1079
"../../../Engine/Plugins/Editor/MobileLauncherProfileWizard/Binaries/Win64/UnrealEditor.modules" 1080
"../../../Engine/Plugins/Editor/SequencerAnimTools/Binaries/Win64/UnrealEditor.modules" 1081
"../../../Engine/Plugins/Editor/UMGWidgetPreview/Binaries/Win64/UnrealEditor.modules" 1082
"../../../Engine/Plugins/Editor/SpeedTreeImporter/Binaries/Win64/UnrealEditor.modules" 1083
"../../../Engine/Plugins/Editor/UVEditor/Binaries/Win64/UnrealEditor.modules" 1084
"../../../Engine/Plugins/Editor/WorldPartitionHLODUtilities/Binaries/Win64/UnrealEditor.modules" 1085
"../../../Engine/Plugins/Messaging/TcpMessaging/Binaries/Win64/UnrealEditor.modules" 1086
"../../../Engine/Plugins/Portal/LauncherChunkInstaller/Binaries/Win64/UnrealEditor.modules" 1087
"../../../Engine/Plugins/Editor/PluginBrowser/Binaries/Win64/UnrealEditor.modules" 1088
"../../../Engine/Plugins/2D/Paper2D/Binaries/Win64/UnrealEditor.modules" 1089
"../../../Engine/Plugins/Animation/AnimationData/Binaries/Win64/UnrealEditor.modules" 1090
"../../../Engine/Plugins/Animation/AnimationModifierLibrary/Binaries/Win64/UnrealEditor.modules" 1091
"../../../Engine/Plugins/Animation/BlendSpaceMotionAnalysis/Binaries/Win64/UnrealEditor.modules" 1092
"../../../Engine/Plugins/Animation/ControlRigSpline/Binaries/Win64/UnrealEditor.modules" 1093
"../../../Engine/Plugins/Animation/EaseCurveTool/Binaries/Win64/UnrealEditor.modules" 1094
"../../../Engine/Plugins/Animation/IKRig/Binaries/Win64/UnrealEditor.modules" 1095
"../../../Engine/Plugins/Experimental/FullBodyIK/Binaries/Win64/UnrealEditor.modules" 1096
"../../../Engine/Plugins/Enterprise/DatasmithContent/Binaries/Win64/UnrealEditor.modules" 1097
"../../../Engine/Plugins/Enterprise/GLTFExporter/Binaries/Win64/UnrealEditor.modules" 1098
"../../../Engine/Plugins/Animation/ACLPlugin/Binaries/Win64/UnrealEditor.modules" 1099
"../../../Engine/Plugins/FX/Cascade/Binaries/Win64/UnrealEditor.modules" 1100
"../../../Engine/Plugins/FX/NiagaraPreviewContent/Binaries/Win64/UnrealEditor.modules" 1101
"../../../Engine/Plugins/FX/NiagaraSimCaching/Binaries/Win64/UnrealEditor.modules" 1102
"../../../Engine/Plugins/Importers/AlembicImporter/Binaries/Win64/UnrealEditor.modules" 1103
"../../../Engine/Plugins/NNE/NNEDenoiser/Binaries/Win64/UnrealEditor.modules" 1104
"../../../Engine/Plugins/Runtime/ActorLayerUtilities/Binaries/Win64/UnrealEditor.modules" 1105
"../../../Engine/Plugins/Runtime/AndroidFileServer/Binaries/Win64/UnrealEditor.modules" 1106
"../../../Engine/Plugins/Runtime/AndroidDeviceProfileSelector/Binaries/Win64/UnrealEditor.modules" 1107
"../../../Engine/Plugins/Runtime/AndroidPermission/Binaries/Win64/UnrealEditor.modules" 1108
"../../../Engine/Plugins/Runtime/ArchVisCharacter/Binaries/Win64/UnrealEditor.modules" 1109
"../../../Engine/Plugins/Runtime/AssetTags/Binaries/Win64/UnrealEditor.modules" 1110
"../../../Engine/Plugins/Runtime/CableComponent/Binaries/Win64/UnrealEditor.modules" 1111
"../../../Engine/Plugins/Runtime/ChunkDownloader/Binaries/Win64/UnrealEditor.modules" 1112
"../../../Engine/Plugins/Runtime/CustomMeshComponent/Binaries/Win64/UnrealEditor.modules" 1113
"../../../Engine/Plugins/Runtime/ExampleDeviceProfileSelector/Binaries/Win64/UnrealEditor.modules" 1114
"../../../Engine/Plugins/Runtime/GooglePAD/Binaries/Win64/UnrealEditor.modules" 1115
"../../../Engine/Plugins/Runtime/InputDebugging/Binaries/Win64/UnrealEditor.modules" 1116
"../../../Engine/Plugins/Runtime/LocationServicesBPLibrary/Binaries/Win64/UnrealEditor.modules" 1117
"../../../Engine/Plugins/Runtime/MobilePatchingUtils/Binaries/Win64/UnrealEditor.modules" 1118
"../../../Engine/Plugins/Runtime/Metasound/Binaries/Win64/UnrealEditor.modules" 1119
"../../../Engine/Plugins/Runtime/WaveTable/Binaries/Win64/UnrealEditor.modules" 1120
"../../../Engine/Plugins/Runtime/MsQuic/Binaries/Win64/UnrealEditor.modules" 1121
"../../../Engine/Plugins/Runtime/ResonanceAudio/Binaries/Win64/UnrealEditor.modules" 1122
"../../../Engine/Plugins/Runtime/SoundFields/Binaries/Win64/UnrealEditor.modules" 1123
"../../../Engine/Plugins/Runtime/Synthesis/Binaries/Win64/UnrealEditor.modules" 1124
"../../../Engine/Plugins/Runtime/WindowsDeviceProfileSelector/Binaries/Win64/UnrealEditor.modules" 1125
"../../../Engine/Plugins/Runtime/WindowsMoviePlayer/Binaries/Win64/UnrealEditor.modules" 1126
"../../../Engine/Plugins/Runtime/WebMMoviePlayer/Binaries/Win64/UnrealEditor.modules" 1127
"../../../Engine/Plugins/Media/WebMMedia/Binaries/Win64/UnrealEditor.modules" 1128
"../../../Engine/Plugins/Editor/ContentBrowser/ContentBrowserClassDataSource/Binaries/Win64/UnrealEditor.modules" 1129
"../../../Engine/Plugins/Editor/Localization/PortableObjectFileDataSource/Binaries/Win64/UnrealEditor.modules" 1130
"../../../Engine/Plugins/Editor/ObjectMixer/LightMixer/Binaries/Win64/UnrealEditor.modules" 1131
"../../../Engine/Plugins/Runtime/Windows/XInputDevice/Binaries/Win64/UnrealEditor.modules" 1132
"../../../Engine/Plugins/Marketplace/Developer/RiderLink/Binaries/Win64/UnrealEditor.modules" 1133
"../../../Engine/Config/BaseSourceControlSettings.ini" 1134
"../../../Engine/Content/Internationalization/icudt64l/coll/ucadata.icu" 1135
"../../../Engine/Content/Internationalization/icudt64l/coll/en_US.res" 1136
"../../../Engine/Content/Internationalization/icudt64l/coll/en.res" 1137
"../../../Engine/Content/Internationalization/icudt64l/coll/root.res" 1138
"../../../Engine/Content/Certificates/ThirdParty/cacert.pem" 1139
"../../../Engine/Config/ConsoleVariables.ini" 1140
"../../../Engine/Binaries/Win64/Android/UnrealEditor.modules" 1141
"../../../Engine/Binaries/Win64/IOS/UnrealEditor.modules" 1142
"../../../Engine/Binaries/Win64/Linux/UnrealEditor.modules" 1143
"../../../Engine/Content/Localization/Editor/en/Editor.locres" 1144
"../../../Engine/Content/Localization/Keywords/en/Keywords.locres" 1145
"../../../Engine/Content/Localization/Category/en/Category.locres" 1146
"../../../Engine/Content/Localization/ToolTips/en/ToolTips.locres" 1147
"../../../Engine/Content/Localization/PropertyNames/en/PropertyNames.locres" 1148
"../../../Engine/Content/Localization/Engine/en/Engine.locres" 1149
"../../../Engine/Plugins/MetaHuman/MetaHumanAnimator/Content/Localization/MetaHuman/en/MetaHuman.locres" 1150
"../../../Engine/Plugins/MetaHuman/MetaHumanAnimator/Content/Localization/MetaHuman_Properties/en/MetaHuman_Properties.locres" 1151
"../../../Engine/Plugins/MetaHuman/MetaHumanAnimator/Content/Localization/MetaHuman_Tooltips/en/MetaHuman_Tooltips.locres" 1152
"../../../Engine/Plugins/MetaHuman/MetaHumanSDK/Content/Localization/MetaHumanSDK/en/MetaHumanSDK.locres" 1153
"../../../Engine/Plugins/MetaHuman/MetaHumanSDK/Content/Localization/MetaHumanSDK_Properties/en/MetaHumanSDK_Properties.locres" 1154
"../../../Engine/Plugins/MetaHuman/MetaHumanSDK/Content/Localization/MetaHumanSDK_Tooltips/en/MetaHumanSDK_Tooltips.locres" 1155
"../../../Engine/Plugins/MetaHuman/MetaHumanCoreTechLib/Content/Localization/MetaHumanCoreTech/en/MetaHumanCoreTech.locres" 1156
"../../../Engine/Plugins/MetaHuman/MetaHumanCoreTechLib/Content/Localization/MetaHumanCoreTech_Properties/en/MetaHumanCoreTech_Properties.locres" 1157
"../../../Engine/Plugins/MetaHuman/MetaHumanCoreTechLib/Content/Localization/MetaHumanCoreTech_Tooltips/en/MetaHumanCoreTech_Tooltips.locres" 1158
"../../../Engine/Plugins/Online/OnlineSubsystem/Content/Localization/OnlineSubsystem/en/OnlineSubsystem.locres" 1159
"../../../Engine/Plugins/Online/OnlineSubsystemUtils/Content/Localization/OnlineSubsystemUtils/en/OnlineSubsystemUtils.locres" 1160
"../../../Engine/Plugins/Online/IOS/OnlineSubsystemIOS/Content/Localization/OnlineSubsystemIOS/en/OnlineSubsystemIOS.locres" 1161
"../../../Engine/Plugins/Online/Android/OnlineSubsystemGooglePlay/Content/Localization/OnlineSubsystemGooglePlay/en/OnlineSubsystemGooglePlay.locres" 1162
"../../../Engine/Content/Internationalization/icudt64l/numberingSystems.res" 1163
"../../../Engine/Content/Internationalization/icudt64l/curr/supplementalData.res" 1164
"../../../Engine/Content/Internationalization/icudt64l/curr/en.res" 1165
"../../../Engine/Content/Internationalization/icudt64l/curr/pool.res" 1166
"../../../Engine/Content/Internationalization/icudt64l/curr/root.res" 1167
"../../../Engine/Content/Internationalization/icudt64l/lang/af.res" 1168
"../../../Engine/Content/Internationalization/icudt64l/region/af.res" 1169
"../../../Engine/Content/Internationalization/icudt64l/lang/agq.res" 1170
"../../../Engine/Content/Internationalization/icudt64l/region/agq.res" 1171
"../../../Engine/Content/Internationalization/icudt64l/lang/ak.res" 1172
"../../../Engine/Content/Internationalization/icudt64l/region/ak.res" 1173
"../../../Engine/Content/Internationalization/icudt64l/lang/am.res" 1174
"../../../Engine/Content/Internationalization/icudt64l/region/am.res" 1175
"../../../Engine/Content/Internationalization/icudt64l/lang/ar.res" 1176
"../../../Engine/Content/Internationalization/icudt64l/region/ar.res" 1177
"../../../Engine/Content/Internationalization/icudt64l/region/ar_AE.res" 1178
"../../../Engine/Content/Internationalization/icudt64l/lang/ar_EG.res" 1179
"../../../Engine/Content/Internationalization/icudt64l/lang/ar_LY.res" 1180
"../../../Engine/Content/Internationalization/icudt64l/region/ar_LY.res" 1181
"../../../Engine/Content/Internationalization/icudt64l/lang/ar_SA.res" 1182
"../../../Engine/Content/Internationalization/icudt64l/region/ar_SA.res" 1183
"../../../Engine/Content/Internationalization/icudt64l/lang/as.res" 1184
"../../../Engine/Content/Internationalization/icudt64l/region/as.res" 1185
"../../../Engine/Content/Internationalization/icudt64l/lang/asa.res" 1186
"../../../Engine/Content/Internationalization/icudt64l/region/asa.res" 1187
"../../../Engine/Content/Internationalization/icudt64l/lang/ast.res" 1188
"../../../Engine/Content/Internationalization/icudt64l/region/ast.res" 1189
"../../../Engine/Content/Internationalization/icudt64l/lang/az.res" 1190
"../../../Engine/Content/Internationalization/icudt64l/lang/az_Cyrl.res" 1191
"../../../Engine/Content/Internationalization/icudt64l/lang/az_AZ.res" 1192
"../../../Engine/Content/Internationalization/icudt64l/lang/az_Latn_AZ.res" 1193
"../../../Engine/Content/Internationalization/icudt64l/lang/az_Latn.res" 1194
"../../../Engine/Content/Internationalization/icudt64l/region/az_AZ.res" 1195
"../../../Engine/Content/Internationalization/icudt64l/region/az_Latn_AZ.res" 1196
"../../../Engine/Content/Internationalization/icudt64l/region/az_Latn.res" 1197
"../../../Engine/Content/Internationalization/icudt64l/region/az.res" 1198
"../../../Engine/Content/Internationalization/icudt64l/region/az_Cyrl.res" 1199
"../../../Engine/Content/Internationalization/icudt64l/lang/bas.res" 1200
"../../../Engine/Content/Internationalization/icudt64l/region/bas.res" 1201
"../../../Engine/Content/Internationalization/icudt64l/lang/be.res" 1202
"../../../Engine/Content/Internationalization/icudt64l/region/be.res" 1203
"../../../Engine/Content/Internationalization/icudt64l/lang/bem.res" 1204
"../../../Engine/Content/Internationalization/icudt64l/region/bem.res" 1205
"../../../Engine/Content/Internationalization/icudt64l/lang/bez.res" 1206
"../../../Engine/Content/Internationalization/icudt64l/region/bez.res" 1207
"../../../Engine/Content/Internationalization/icudt64l/lang/bg.res" 1208
"../../../Engine/Content/Internationalization/icudt64l/region/bg.res" 1209
"../../../Engine/Content/Internationalization/icudt64l/lang/bm.res" 1210
"../../../Engine/Content/Internationalization/icudt64l/region/bm.res" 1211
"../../../Engine/Content/Internationalization/icudt64l/lang/bn.res" 1212
"../../../Engine/Content/Internationalization/icudt64l/region/bn.res" 1213
"../../../Engine/Content/Internationalization/icudt64l/lang/bn_IN.res" 1214
"../../../Engine/Content/Internationalization/icudt64l/region/bn_IN.res" 1215
"../../../Engine/Content/Internationalization/icudt64l/lang/bo.res" 1216
"../../../Engine/Content/Internationalization/icudt64l/region/bo.res" 1217
"../../../Engine/Content/Internationalization/icudt64l/region/bo_IN.res" 1218
"../../../Engine/Content/Internationalization/icudt64l/lang/br.res" 1219
"../../../Engine/Content/Internationalization/icudt64l/region/br.res" 1220
"../../../Engine/Content/Internationalization/icudt64l/lang/brx.res" 1221
"../../../Engine/Content/Internationalization/icudt64l/region/brx.res" 1222
"../../../Engine/Content/Internationalization/icudt64l/lang/bs.res" 1223
"../../../Engine/Content/Internationalization/icudt64l/lang/bs_Cyrl.res" 1224
"../../../Engine/Content/Internationalization/icudt64l/lang/bs_BA.res" 1225
"../../../Engine/Content/Internationalization/icudt64l/lang/bs_Latn_BA.res" 1226
"../../../Engine/Content/Internationalization/icudt64l/lang/bs_Latn.res" 1227
"../../../Engine/Content/Internationalization/icudt64l/region/bs_BA.res" 1228
"../../../Engine/Content/Internationalization/icudt64l/region/bs_Latn_BA.res" 1229
"../../../Engine/Content/Internationalization/icudt64l/region/bs_Latn.res" 1230
"../../../Engine/Content/Internationalization/icudt64l/region/bs.res" 1231
"../../../Engine/Content/Internationalization/icudt64l/region/bs_Cyrl.res" 1232
"../../../Engine/Content/Internationalization/icudt64l/lang/ca.res" 1233
"../../../Engine/Content/Internationalization/icudt64l/region/ca.res" 1234
"../../../Engine/Content/Internationalization/icudt64l/lang/ccp.res" 1235
"../../../Engine/Content/Internationalization/icudt64l/region/ccp.res" 1236
"../../../Engine/Content/Internationalization/icudt64l/lang/ce.res" 1237
"../../../Engine/Content/Internationalization/icudt64l/region/ce.res" 1238
"../../../Engine/Content/Internationalization/icudt64l/lang/ceb.res" 1239
"../../../Engine/Content/Internationalization/icudt64l/region/ceb.res" 1240
"../../../Engine/Content/Internationalization/icudt64l/lang/cgg.res" 1241
"../../../Engine/Content/Internationalization/icudt64l/region/cgg.res" 1242
"../../../Engine/Content/Internationalization/icudt64l/lang/chr.res" 1243
"../../../Engine/Content/Internationalization/icudt64l/region/chr.res" 1244
"../../../Engine/Content/Internationalization/icudt64l/lang/ckb.res" 1245
"../../../Engine/Content/Internationalization/icudt64l/region/ckb.res" 1246
"../../../Engine/Content/Internationalization/icudt64l/lang/cs.res" 1247
"../../../Engine/Content/Internationalization/icudt64l/region/cs.res" 1248
"../../../Engine/Content/Internationalization/icudt64l/lang/cy.res" 1249
"../../../Engine/Content/Internationalization/icudt64l/region/cy.res" 1250
"../../../Engine/Content/Internationalization/icudt64l/lang/da.res" 1251
"../../../Engine/Content/Internationalization/icudt64l/region/da.res" 1252
"../../../Engine/Content/Internationalization/icudt64l/lang/dav.res" 1253
"../../../Engine/Content/Internationalization/icudt64l/region/dav.res" 1254
"../../../Engine/Content/Internationalization/icudt64l/lang/de.res" 1255
"../../../Engine/Content/Internationalization/icudt64l/lang/de_AT.res" 1256
"../../../Engine/Content/Internationalization/icudt64l/region/de_AT.res" 1257
"../../../Engine/Content/Internationalization/icudt64l/region/de.res" 1258
"../../../Engine/Content/Internationalization/icudt64l/lang/de_CH.res" 1259
"../../../Engine/Content/Internationalization/icudt64l/region/de_CH.res" 1260
"../../../Engine/Content/Internationalization/icudt64l/lang/de_LU.res" 1261
"../../../Engine/Content/Internationalization/icudt64l/lang/dje.res" 1262
"../../../Engine/Content/Internationalization/icudt64l/region/dje.res" 1263
"../../../Engine/Content/Internationalization/icudt64l/lang/dsb.res" 1264
"../../../Engine/Content/Internationalization/icudt64l/region/dsb.res" 1265
"../../../Engine/Content/Internationalization/icudt64l/lang/dua.res" 1266
"../../../Engine/Content/Internationalization/icudt64l/region/dua.res" 1267
"../../../Engine/Content/Internationalization/icudt64l/lang/dyo.res" 1268
"../../../Engine/Content/Internationalization/icudt64l/region/dyo.res" 1269
"../../../Engine/Content/Internationalization/icudt64l/lang/dz.res" 1270
"../../../Engine/Content/Internationalization/icudt64l/region/dz.res" 1271
"../../../Engine/Content/Internationalization/icudt64l/lang/ebu.res" 1272
"../../../Engine/Content/Internationalization/icudt64l/region/ebu.res" 1273
"../../../Engine/Content/Internationalization/icudt64l/lang/ee.res" 1274
"../../../Engine/Content/Internationalization/icudt64l/region/ee.res" 1275
"../../../Engine/Content/Internationalization/icudt64l/lang/el.res" 1276
"../../../Engine/Content/Internationalization/icudt64l/region/el.res" 1277
"../../../Engine/Content/Internationalization/icudt64l/lang/en_001.res" 1278
"../../../Engine/Content/Internationalization/icudt64l/lang/en_150.res" 1279
"../../../Engine/Content/Internationalization/icudt64l/region/en_150.res" 1280
"../../../Engine/Content/Internationalization/icudt64l/lang/en_AG.res" 1281
"../../../Engine/Content/Internationalization/icudt64l/region/en_AG.res" 1282
"../../../Engine/Content/Internationalization/icudt64l/lang/en_AI.res" 1283
"../../../Engine/Content/Internationalization/icudt64l/region/en_AI.res" 1284
"../../../Engine/Content/Internationalization/icudt64l/lang/en_AT.res" 1285
"../../../Engine/Content/Internationalization/icudt64l/region/en_AT.res" 1286
"../../../Engine/Content/Internationalization/icudt64l/lang/en_AU.res" 1287
"../../../Engine/Content/Internationalization/icudt64l/region/en_AU.res" 1288
"../../../Engine/Content/Internationalization/icudt64l/lang/en_BB.res" 1289
"../../../Engine/Content/Internationalization/icudt64l/region/en_BB.res" 1290
"../../../Engine/Content/Internationalization/icudt64l/lang/en_BE.res" 1291
"../../../Engine/Content/Internationalization/icudt64l/region/en_BE.res" 1292
"../../../Engine/Content/Internationalization/icudt64l/lang/en_BM.res" 1293
"../../../Engine/Content/Internationalization/icudt64l/region/en_BM.res" 1294
"../../../Engine/Content/Internationalization/icudt64l/lang/en_BS.res" 1295
"../../../Engine/Content/Internationalization/icudt64l/region/en_BS.res" 1296
"../../../Engine/Content/Internationalization/icudt64l/lang/en_BW.res" 1297
"../../../Engine/Content/Internationalization/icudt64l/region/en_BW.res" 1298
"../../../Engine/Content/Internationalization/icudt64l/lang/en_BZ.res" 1299
"../../../Engine/Content/Internationalization/icudt64l/region/en_BZ.res" 1300
"../../../Engine/Content/Internationalization/icudt64l/lang/en_CA.res" 1301
"../../../Engine/Content/Internationalization/icudt64l/region/en_CA.res" 1302
"../../../Engine/Content/Internationalization/icudt64l/lang/en_CC.res" 1303
"../../../Engine/Content/Internationalization/icudt64l/region/en_CC.res" 1304
"../../../Engine/Content/Internationalization/icudt64l/lang/en_CH.res" 1305
"../../../Engine/Content/Internationalization/icudt64l/region/en_CH.res" 1306
"../../../Engine/Content/Internationalization/icudt64l/lang/en_CK.res" 1307
"../../../Engine/Content/Internationalization/icudt64l/region/en_CK.res" 1308
"../../../Engine/Content/Internationalization/icudt64l/lang/en_CM.res" 1309
"../../../Engine/Content/Internationalization/icudt64l/region/en_CM.res" 1310
"../../../Engine/Content/Internationalization/icudt64l/lang/en_CX.res" 1311
"../../../Engine/Content/Internationalization/icudt64l/region/en_CX.res" 1312
"../../../Engine/Content/Internationalization/icudt64l/lang/en_CY.res" 1313
"../../../Engine/Content/Internationalization/icudt64l/region/en_CY.res" 1314
"../../../Engine/Content/Internationalization/icudt64l/lang/en_DE.res" 1315
"../../../Engine/Content/Internationalization/icudt64l/region/en_DE.res" 1316
"../../../Engine/Content/Internationalization/icudt64l/lang/en_DG.res" 1317
"../../../Engine/Content/Internationalization/icudt64l/region/en_DG.res" 1318
"../../../Engine/Content/Internationalization/icudt64l/lang/en_DK.res" 1319
"../../../Engine/Content/Internationalization/icudt64l/region/en_DK.res" 1320
"../../../Engine/Content/Internationalization/icudt64l/lang/en_DM.res" 1321
"../../../Engine/Content/Internationalization/icudt64l/region/en_DM.res" 1322
"../../../Engine/Content/Internationalization/icudt64l/lang/en_ER.res" 1323
"../../../Engine/Content/Internationalization/icudt64l/region/en_ER.res" 1324
"../../../Engine/Content/Internationalization/icudt64l/lang/en_FI.res" 1325
"../../../Engine/Content/Internationalization/icudt64l/region/en_FI.res" 1326
"../../../Engine/Content/Internationalization/icudt64l/lang/en_FJ.res" 1327
"../../../Engine/Content/Internationalization/icudt64l/region/en_FJ.res" 1328
"../../../Engine/Content/Internationalization/icudt64l/lang/en_FK.res" 1329
"../../../Engine/Content/Internationalization/icudt64l/region/en_FK.res" 1330
"../../../Engine/Content/Internationalization/icudt64l/lang/en_FM.res" 1331
"../../../Engine/Content/Internationalization/icudt64l/region/en_FM.res" 1332
"../../../Engine/Content/Internationalization/icudt64l/lang/en_GB.res" 1333
"../../../Engine/Content/Internationalization/icudt64l/region/en_GB.res" 1334
"../../../Engine/Content/Internationalization/icudt64l/lang/en_GD.res" 1335
"../../../Engine/Content/Internationalization/icudt64l/region/en_GD.res" 1336
"../../../Engine/Content/Internationalization/icudt64l/lang/en_GG.res" 1337
"../../../Engine/Content/Internationalization/icudt64l/region/en_GG.res" 1338
"../../../Engine/Content/Internationalization/icudt64l/lang/en_GH.res" 1339
"../../../Engine/Content/Internationalization/icudt64l/region/en_GH.res" 1340
"../../../Engine/Content/Internationalization/icudt64l/lang/en_GI.res" 1341
"../../../Engine/Content/Internationalization/icudt64l/region/en_GI.res" 1342
"../../../Engine/Content/Internationalization/icudt64l/lang/en_GM.res" 1343
"../../../Engine/Content/Internationalization/icudt64l/region/en_GM.res" 1344
"../../../Engine/Content/Internationalization/icudt64l/lang/en_GY.res" 1345
"../../../Engine/Content/Internationalization/icudt64l/region/en_GY.res" 1346
"../../../Engine/Content/Internationalization/icudt64l/lang/en_HK.res" 1347
"../../../Engine/Content/Internationalization/icudt64l/region/en_HK.res" 1348
"../../../Engine/Content/Internationalization/icudt64l/lang/en_IE.res" 1349
"../../../Engine/Content/Internationalization/icudt64l/region/en_IE.res" 1350
"../../../Engine/Content/Internationalization/icudt64l/lang/en_IL.res" 1351
"../../../Engine/Content/Internationalization/icudt64l/region/en_IL.res" 1352
"../../../Engine/Content/Internationalization/icudt64l/lang/en_IM.res" 1353
"../../../Engine/Content/Internationalization/icudt64l/region/en_IM.res" 1354
"../../../Engine/Content/Internationalization/icudt64l/lang/en_IN.res" 1355
"../../../Engine/Content/Internationalization/icudt64l/region/en_IN.res" 1356
"../../../Engine/Content/Internationalization/icudt64l/lang/en_IO.res" 1357
"../../../Engine/Content/Internationalization/icudt64l/region/en_IO.res" 1358
"../../../Engine/Content/Internationalization/icudt64l/lang/en_JE.res" 1359
"../../../Engine/Content/Internationalization/icudt64l/region/en_JE.res" 1360
"../../../Engine/Content/Internationalization/icudt64l/lang/en_JM.res" 1361
"../../../Engine/Content/Internationalization/icudt64l/region/en_JM.res" 1362
"../../../Engine/Content/Internationalization/icudt64l/lang/en_KE.res" 1363
"../../../Engine/Content/Internationalization/icudt64l/region/en_KE.res" 1364
"../../../Engine/Content/Internationalization/icudt64l/lang/en_KI.res" 1365
"../../../Engine/Content/Internationalization/icudt64l/region/en_KI.res" 1366
"../../../Engine/Content/Internationalization/icudt64l/lang/en_KN.res" 1367
"../../../Engine/Content/Internationalization/icudt64l/region/en_KN.res" 1368
"../../../Engine/Content/Internationalization/icudt64l/lang/en_KY.res" 1369
"../../../Engine/Content/Internationalization/icudt64l/region/en_KY.res" 1370
"../../../Engine/Content/Internationalization/icudt64l/lang/en_LC.res" 1371
"../../../Engine/Content/Internationalization/icudt64l/region/en_LC.res" 1372
"../../../Engine/Content/Internationalization/icudt64l/lang/en_LR.res" 1373
"../../../Engine/Content/Internationalization/icudt64l/region/en_LR.res" 1374
"../../../Engine/Content/Internationalization/icudt64l/lang/en_LS.res" 1375
"../../../Engine/Content/Internationalization/icudt64l/region/en_LS.res" 1376
"../../../Engine/Content/Internationalization/icudt64l/lang/en_MG.res" 1377
"../../../Engine/Content/Internationalization/icudt64l/region/en_MG.res" 1378
"../../../Engine/Content/Internationalization/icudt64l/lang/en_MO.res" 1379
"../../../Engine/Content/Internationalization/icudt64l/region/en_MO.res" 1380
"../../../Engine/Content/Internationalization/icudt64l/lang/en_MS.res" 1381
"../../../Engine/Content/Internationalization/icudt64l/region/en_MS.res" 1382
"../../../Engine/Content/Internationalization/icudt64l/lang/en_MT.res" 1383
"../../../Engine/Content/Internationalization/icudt64l/region/en_MT.res" 1384
"../../../Engine/Content/Internationalization/icudt64l/lang/en_MU.res" 1385
"../../../Engine/Content/Internationalization/icudt64l/region/en_MU.res" 1386
"../../../Engine/Content/Internationalization/icudt64l/lang/en_MW.res" 1387
"../../../Engine/Content/Internationalization/icudt64l/region/en_MW.res" 1388
"../../../Engine/Content/Internationalization/icudt64l/lang/en_MY.res" 1389
"../../../Engine/Content/Internationalization/icudt64l/region/en_MY.res" 1390
"../../../Engine/Content/Internationalization/icudt64l/lang/en_NA.res" 1391
"../../../Engine/Content/Internationalization/icudt64l/region/en_NA.res" 1392
"../../../Engine/Content/Internationalization/icudt64l/lang/en_NF.res" 1393
"../../../Engine/Content/Internationalization/icudt64l/region/en_NF.res" 1394
"../../../Engine/Content/Internationalization/icudt64l/lang/en_NG.res" 1395
"../../../Engine/Content/Internationalization/icudt64l/region/en_NG.res" 1396
"../../../Engine/Content/Internationalization/icudt64l/lang/en_NL.res" 1397
"../../../Engine/Content/Internationalization/icudt64l/region/en_NL.res" 1398
"../../../Engine/Content/Internationalization/icudt64l/lang/en_NR.res" 1399
"../../../Engine/Content/Internationalization/icudt64l/region/en_NR.res" 1400
"../../../Engine/Content/Internationalization/icudt64l/lang/en_NU.res" 1401
"../../../Engine/Content/Internationalization/icudt64l/region/en_NU.res" 1402
"../../../Engine/Content/Internationalization/icudt64l/lang/en_NZ.res" 1403
"../../../Engine/Content/Internationalization/icudt64l/region/en_NZ.res" 1404
"../../../Engine/Content/Internationalization/icudt64l/lang/en_PG.res" 1405
"../../../Engine/Content/Internationalization/icudt64l/region/en_PG.res" 1406
"../../../Engine/Content/Internationalization/icudt64l/lang/en_PH.res" 1407
"../../../Engine/Content/Internationalization/icudt64l/region/en_PH.res" 1408
"../../../Engine/Content/Internationalization/icudt64l/lang/en_PK.res" 1409
"../../../Engine/Content/Internationalization/icudt64l/region/en_PK.res" 1410
"../../../Engine/Content/Internationalization/icudt64l/lang/en_PN.res" 1411
"../../../Engine/Content/Internationalization/icudt64l/region/en_PN.res" 1412
"../../../Engine/Content/Internationalization/icudt64l/lang/en_PW.res" 1413
"../../../Engine/Content/Internationalization/icudt64l/region/en_PW.res" 1414
"../../../Engine/Content/Internationalization/icudt64l/lang/en_RW.res" 1415
"../../../Engine/Content/Internationalization/icudt64l/region/en_RW.res" 1416
"../../../Engine/Content/Internationalization/icudt64l/lang/en_SB.res" 1417
"../../../Engine/Content/Internationalization/icudt64l/region/en_SB.res" 1418
"../../../Engine/Content/Internationalization/icudt64l/lang/en_SC.res" 1419
"../../../Engine/Content/Internationalization/icudt64l/region/en_SC.res" 1420
"../../../Engine/Content/Internationalization/icudt64l/lang/en_SD.res" 1421
"../../../Engine/Content/Internationalization/icudt64l/region/en_SD.res" 1422
"../../../Engine/Content/Internationalization/icudt64l/lang/en_SE.res" 1423
"../../../Engine/Content/Internationalization/icudt64l/region/en_SE.res" 1424
"../../../Engine/Content/Internationalization/icudt64l/lang/en_SG.res" 1425
"../../../Engine/Content/Internationalization/icudt64l/region/en_SG.res" 1426
"../../../Engine/Content/Internationalization/icudt64l/lang/en_SH.res" 1427
"../../../Engine/Content/Internationalization/icudt64l/region/en_SH.res" 1428
"../../../Engine/Content/Internationalization/icudt64l/lang/en_SI.res" 1429
"../../../Engine/Content/Internationalization/icudt64l/region/en_SI.res" 1430
"../../../Engine/Content/Internationalization/icudt64l/lang/en_SL.res" 1431
"../../../Engine/Content/Internationalization/icudt64l/region/en_SL.res" 1432
"../../../Engine/Content/Internationalization/icudt64l/lang/en_SS.res" 1433
"../../../Engine/Content/Internationalization/icudt64l/region/en_SS.res" 1434
"../../../Engine/Content/Internationalization/icudt64l/lang/en_SX.res" 1435
"../../../Engine/Content/Internationalization/icudt64l/region/en_SX.res" 1436
"../../../Engine/Content/Internationalization/icudt64l/lang/en_SZ.res" 1437
"../../../Engine/Content/Internationalization/icudt64l/region/en_SZ.res" 1438
"../../../Engine/Content/Internationalization/icudt64l/lang/en_TC.res" 1439
"../../../Engine/Content/Internationalization/icudt64l/region/en_TC.res" 1440
"../../../Engine/Content/Internationalization/icudt64l/lang/en_TK.res" 1441
"../../../Engine/Content/Internationalization/icudt64l/region/en_TK.res" 1442
"../../../Engine/Content/Internationalization/icudt64l/lang/en_TO.res" 1443
"../../../Engine/Content/Internationalization/icudt64l/region/en_TO.res" 1444
"../../../Engine/Content/Internationalization/icudt64l/lang/en_TT.res" 1445
"../../../Engine/Content/Internationalization/icudt64l/region/en_TT.res" 1446
"../../../Engine/Content/Internationalization/icudt64l/lang/en_TV.res" 1447
"../../../Engine/Content/Internationalization/icudt64l/region/en_TV.res" 1448
"../../../Engine/Content/Internationalization/icudt64l/lang/en_TZ.res" 1449
"../../../Engine/Content/Internationalization/icudt64l/region/en_TZ.res" 1450
"../../../Engine/Content/Internationalization/icudt64l/lang/en_UG.res" 1451
"../../../Engine/Content/Internationalization/icudt64l/region/en_UG.res" 1452
"../../../Engine/Content/Internationalization/icudt64l/lang/en_VC.res" 1453
"../../../Engine/Content/Internationalization/icudt64l/region/en_VC.res" 1454
"../../../Engine/Content/Internationalization/icudt64l/lang/en_VG.res" 1455
"../../../Engine/Content/Internationalization/icudt64l/region/en_VG.res" 1456
"../../../Engine/Content/Internationalization/icudt64l/lang/en_VU.res" 1457
"../../../Engine/Content/Internationalization/icudt64l/region/en_VU.res" 1458
"../../../Engine/Content/Internationalization/icudt64l/lang/en_WS.res" 1459
"../../../Engine/Content/Internationalization/icudt64l/region/en_WS.res" 1460
"../../../Engine/Content/Internationalization/icudt64l/lang/en_ZA.res" 1461
"../../../Engine/Content/Internationalization/icudt64l/region/en_ZA.res" 1462
"../../../Engine/Content/Internationalization/icudt64l/lang/en_ZM.res" 1463
"../../../Engine/Content/Internationalization/icudt64l/region/en_ZM.res" 1464
"../../../Engine/Content/Internationalization/icudt64l/lang/en_ZW.res" 1465
"../../../Engine/Content/Internationalization/icudt64l/region/en_ZW.res" 1466
"../../../Engine/Content/Internationalization/icudt64l/lang/eo.res" 1467
"../../../Engine/Content/Internationalization/icudt64l/region/eo.res" 1468
"../../../Engine/Content/Internationalization/icudt64l/lang/es.res" 1469
"../../../Engine/Content/Internationalization/icudt64l/lang/es_419.res" 1470
"../../../Engine/Content/Internationalization/icudt64l/region/es_419.res" 1471
"../../../Engine/Content/Internationalization/icudt64l/region/es.res" 1472
"../../../Engine/Content/Internationalization/icudt64l/lang/es_AR.res" 1473
"../../../Engine/Content/Internationalization/icudt64l/region/es_AR.res" 1474
"../../../Engine/Content/Internationalization/icudt64l/lang/es_BO.res" 1475
"../../../Engine/Content/Internationalization/icudt64l/region/es_BO.res" 1476
"../../../Engine/Content/Internationalization/icudt64l/lang/es_BR.res" 1477
"../../../Engine/Content/Internationalization/icudt64l/region/es_BR.res" 1478
"../../../Engine/Content/Internationalization/icudt64l/lang/es_BZ.res" 1479
"../../../Engine/Content/Internationalization/icudt64l/region/es_BZ.res" 1480
"../../../Engine/Content/Internationalization/icudt64l/lang/es_CL.res" 1481
"../../../Engine/Content/Internationalization/icudt64l/region/es_CL.res" 1482
"../../../Engine/Content/Internationalization/icudt64l/lang/es_CO.res" 1483
"../../../Engine/Content/Internationalization/icudt64l/region/es_CO.res" 1484
"../../../Engine/Content/Internationalization/icudt64l/lang/es_CR.res" 1485
"../../../Engine/Content/Internationalization/icudt64l/region/es_CR.res" 1486
"../../../Engine/Content/Internationalization/icudt64l/lang/es_CU.res" 1487
"../../../Engine/Content/Internationalization/icudt64l/region/es_CU.res" 1488
"../../../Engine/Content/Internationalization/icudt64l/lang/es_DO.res" 1489
"../../../Engine/Content/Internationalization/icudt64l/region/es_DO.res" 1490
"../../../Engine/Content/Internationalization/icudt64l/lang/es_EC.res" 1491
"../../../Engine/Content/Internationalization/icudt64l/region/es_EC.res" 1492
"../../../Engine/Content/Internationalization/icudt64l/lang/es_GT.res" 1493
"../../../Engine/Content/Internationalization/icudt64l/region/es_GT.res" 1494
"../../../Engine/Content/Internationalization/icudt64l/lang/es_HN.res" 1495
"../../../Engine/Content/Internationalization/icudt64l/region/es_HN.res" 1496
"../../../Engine/Content/Internationalization/icudt64l/lang/es_MX.res" 1497
"../../../Engine/Content/Internationalization/icudt64l/region/es_MX.res" 1498
"../../../Engine/Content/Internationalization/icudt64l/lang/es_NI.res" 1499
"../../../Engine/Content/Internationalization/icudt64l/region/es_NI.res" 1500
"../../../Engine/Content/Internationalization/icudt64l/lang/es_PA.res" 1501
"../../../Engine/Content/Internationalization/icudt64l/region/es_PA.res" 1502
"../../../Engine/Content/Internationalization/icudt64l/lang/es_PE.res" 1503
"../../../Engine/Content/Internationalization/icudt64l/region/es_PE.res" 1504
"../../../Engine/Content/Internationalization/icudt64l/lang/es_PR.res" 1505
"../../../Engine/Content/Internationalization/icudt64l/region/es_PR.res" 1506
"../../../Engine/Content/Internationalization/icudt64l/lang/es_PY.res" 1507
"../../../Engine/Content/Internationalization/icudt64l/region/es_PY.res" 1508
"../../../Engine/Content/Internationalization/icudt64l/lang/es_SV.res" 1509
"../../../Engine/Content/Internationalization/icudt64l/region/es_SV.res" 1510
"../../../Engine/Content/Internationalization/icudt64l/lang/es_US.res" 1511
"../../../Engine/Content/Internationalization/icudt64l/region/es_US.res" 1512
"../../../Engine/Content/Internationalization/icudt64l/lang/es_UY.res" 1513
"../../../Engine/Content/Internationalization/icudt64l/region/es_UY.res" 1514
"../../../Engine/Content/Internationalization/icudt64l/lang/es_VE.res" 1515
"../../../Engine/Content/Internationalization/icudt64l/region/es_VE.res" 1516
"../../../Engine/Content/Internationalization/icudt64l/lang/et.res" 1517
"../../../Engine/Content/Internationalization/icudt64l/region/et.res" 1518
"../../../Engine/Content/Internationalization/icudt64l/lang/eu.res" 1519
"../../../Engine/Content/Internationalization/icudt64l/region/eu.res" 1520
"../../../Engine/Content/Internationalization/icudt64l/lang/ewo.res" 1521
"../../../Engine/Content/Internationalization/icudt64l/region/ewo.res" 1522
"../../../Engine/Content/Internationalization/icudt64l/lang/fa.res" 1523
"../../../Engine/Content/Internationalization/icudt64l/lang/fa_AF.res" 1524
"../../../Engine/Content/Internationalization/icudt64l/region/fa_AF.res" 1525
"../../../Engine/Content/Internationalization/icudt64l/region/fa.res" 1526
"../../../Engine/Content/Internationalization/icudt64l/lang/ff.res" 1527
"../../../Engine/Content/Internationalization/icudt64l/lang/ff_Latn.res" 1528
"../../../Engine/Content/Internationalization/icudt64l/region/ff.res" 1529
"../../../Engine/Content/Internationalization/icudt64l/region/ff_Latn.res" 1530
"../../../Engine/Content/Internationalization/icudt64l/lang/ff_CM.res" 1531
"../../../Engine/Content/Internationalization/icudt64l/lang/ff_Latn_CM.res" 1532
"../../../Engine/Content/Internationalization/icudt64l/region/ff_CM.res" 1533
"../../../Engine/Content/Internationalization/icudt64l/region/ff_Latn_CM.res" 1534
"../../../Engine/Content/Internationalization/icudt64l/lang/ff_GN.res" 1535
"../../../Engine/Content/Internationalization/icudt64l/lang/ff_Latn_GN.res" 1536
"../../../Engine/Content/Internationalization/icudt64l/region/ff_GN.res" 1537
"../../../Engine/Content/Internationalization/icudt64l/region/ff_Latn_GN.res" 1538
"../../../Engine/Content/Internationalization/icudt64l/lang/ff_MR.res" 1539
"../../../Engine/Content/Internationalization/icudt64l/lang/ff_Latn_MR.res" 1540
"../../../Engine/Content/Internationalization/icudt64l/region/ff_MR.res" 1541
"../../../Engine/Content/Internationalization/icudt64l/region/ff_Latn_MR.res" 1542
"../../../Engine/Content/Internationalization/icudt64l/lang/ff_SN.res" 1543
"../../../Engine/Content/Internationalization/icudt64l/lang/ff_Latn_SN.res" 1544
"../../../Engine/Content/Internationalization/icudt64l/region/ff_SN.res" 1545
"../../../Engine/Content/Internationalization/icudt64l/region/ff_Latn_SN.res" 1546
"../../../Engine/Content/Internationalization/icudt64l/lang/fi.res" 1547
"../../../Engine/Content/Internationalization/icudt64l/region/fi.res" 1548
"../../../Engine/Content/Internationalization/icudt64l/lang/fil.res" 1549
"../../../Engine/Content/Internationalization/icudt64l/lang/fil_PH.res" 1550
"../../../Engine/Content/Internationalization/icudt64l/region/fil_PH.res" 1551
"../../../Engine/Content/Internationalization/icudt64l/region/fil.res" 1552
"../../../Engine/Content/Internationalization/icudt64l/lang/fo.res" 1553
"../../../Engine/Content/Internationalization/icudt64l/region/fo.res" 1554
"../../../Engine/Content/Internationalization/icudt64l/lang/fr.res" 1555
"../../../Engine/Content/Internationalization/icudt64l/lang/fr_BE.res" 1556
"../../../Engine/Content/Internationalization/icudt64l/region/fr_BE.res" 1557
"../../../Engine/Content/Internationalization/icudt64l/region/fr.res" 1558
"../../../Engine/Content/Internationalization/icudt64l/lang/fr_CA.res" 1559
"../../../Engine/Content/Internationalization/icudt64l/region/fr_CA.res" 1560
"../../../Engine/Content/Internationalization/icudt64l/lang/fr_CH.res" 1561
"../../../Engine/Content/Internationalization/icudt64l/lang/fur.res" 1562
"../../../Engine/Content/Internationalization/icudt64l/region/fur.res" 1563
"../../../Engine/Content/Internationalization/icudt64l/lang/fy.res" 1564
"../../../Engine/Content/Internationalization/icudt64l/region/fy.res" 1565
"../../../Engine/Content/Internationalization/icudt64l/lang/ga.res" 1566
"../../../Engine/Content/Internationalization/icudt64l/region/ga.res" 1567
"../../../Engine/Content/Internationalization/icudt64l/lang/gd.res" 1568
"../../../Engine/Content/Internationalization/icudt64l/region/gd.res" 1569
"../../../Engine/Content/Internationalization/icudt64l/lang/gl.res" 1570
"../../../Engine/Content/Internationalization/icudt64l/region/gl.res" 1571
"../../../Engine/Content/Internationalization/icudt64l/lang/gsw.res" 1572
"../../../Engine/Content/Internationalization/icudt64l/region/gsw.res" 1573
"../../../Engine/Content/Internationalization/icudt64l/lang/gu.res" 1574
"../../../Engine/Content/Internationalization/icudt64l/region/gu.res" 1575
"../../../Engine/Content/Internationalization/icudt64l/lang/guz.res" 1576
"../../../Engine/Content/Internationalization/icudt64l/region/guz.res" 1577
"../../../Engine/Content/Internationalization/icudt64l/lang/gv.res" 1578
"../../../Engine/Content/Internationalization/icudt64l/region/gv.res" 1579
"../../../Engine/Content/Internationalization/icudt64l/lang/ha.res" 1580
"../../../Engine/Content/Internationalization/icudt64l/region/ha.res" 1581
"../../../Engine/Content/Internationalization/icudt64l/lang/ha_NE.res" 1582
"../../../Engine/Content/Internationalization/icudt64l/region/ha_NE.res" 1583
"../../../Engine/Content/Internationalization/icudt64l/lang/haw.res" 1584
"../../../Engine/Content/Internationalization/icudt64l/region/haw.res" 1585
"../../../Engine/Content/Internationalization/icudt64l/lang/he.res" 1586
"../../../Engine/Content/Internationalization/icudt64l/lang/he_IL.res" 1587
"../../../Engine/Content/Internationalization/icudt64l/region/he_IL.res" 1588
"../../../Engine/Content/Internationalization/icudt64l/region/he.res" 1589
"../../../Engine/Content/Internationalization/icudt64l/lang/hi.res" 1590
"../../../Engine/Content/Internationalization/icudt64l/region/hi.res" 1591
"../../../Engine/Content/Internationalization/icudt64l/lang/hr.res" 1592
"../../../Engine/Content/Internationalization/icudt64l/region/hr.res" 1593
"../../../Engine/Content/Internationalization/icudt64l/lang/hsb.res" 1594
"../../../Engine/Content/Internationalization/icudt64l/region/hsb.res" 1595
"../../../Engine/Content/Internationalization/icudt64l/lang/hu.res" 1596
"../../../Engine/Content/Internationalization/icudt64l/region/hu.res" 1597
"../../../Engine/Content/Internationalization/icudt64l/lang/hy.res" 1598
"../../../Engine/Content/Internationalization/icudt64l/region/hy.res" 1599
"../../../Engine/Content/Internationalization/icudt64l/lang/ia.res" 1600
"../../../Engine/Content/Internationalization/icudt64l/region/ia.res" 1601
"../../../Engine/Content/Internationalization/icudt64l/lang/id.res" 1602
"../../../Engine/Content/Internationalization/icudt64l/lang/id_ID.res" 1603
"../../../Engine/Content/Internationalization/icudt64l/region/id_ID.res" 1604
"../../../Engine/Content/Internationalization/icudt64l/region/id.res" 1605
"../../../Engine/Content/Internationalization/icudt64l/lang/ig.res" 1606
"../../../Engine/Content/Internationalization/icudt64l/region/ig.res" 1607
"../../../Engine/Content/Internationalization/icudt64l/lang/ii.res" 1608
"../../../Engine/Content/Internationalization/icudt64l/region/ii.res" 1609
"../../../Engine/Content/Internationalization/icudt64l/lang/is.res" 1610
"../../../Engine/Content/Internationalization/icudt64l/region/is.res" 1611
"../../../Engine/Content/Internationalization/icudt64l/lang/it.res" 1612
"../../../Engine/Content/Internationalization/icudt64l/region/it.res" 1613
"../../../Engine/Content/Internationalization/icudt64l/lang/ja.res" 1614
"../../../Engine/Content/Internationalization/icudt64l/lang/ja_JP.res" 1615
"../../../Engine/Content/Internationalization/icudt64l/region/ja_JP.res" 1616
"../../../Engine/Content/Internationalization/icudt64l/region/ja.res" 1617
"../../../Engine/Content/Internationalization/icudt64l/lang/jgo.res" 1618
"../../../Engine/Content/Internationalization/icudt64l/region/jgo.res" 1619
"../../../Engine/Content/Internationalization/icudt64l/lang/jmc.res" 1620
"../../../Engine/Content/Internationalization/icudt64l/region/jmc.res" 1621
"../../../Engine/Content/Internationalization/icudt64l/lang/jv.res" 1622
"../../../Engine/Content/Internationalization/icudt64l/region/jv.res" 1623
"../../../Engine/Content/Internationalization/icudt64l/lang/ka.res" 1624
"../../../Engine/Content/Internationalization/icudt64l/region/ka.res" 1625
"../../../Engine/Content/Internationalization/icudt64l/lang/kab.res" 1626
"../../../Engine/Content/Internationalization/icudt64l/region/kab.res" 1627
"../../../Engine/Content/Internationalization/icudt64l/lang/kam.res" 1628
"../../../Engine/Content/Internationalization/icudt64l/region/kam.res" 1629
"../../../Engine/Content/Internationalization/icudt64l/lang/kde.res" 1630
"../../../Engine/Content/Internationalization/icudt64l/region/kde.res" 1631
"../../../Engine/Content/Internationalization/icudt64l/lang/kea.res" 1632
"../../../Engine/Content/Internationalization/icudt64l/region/kea.res" 1633
"../../../Engine/Content/Internationalization/icudt64l/lang/khq.res" 1634
"../../../Engine/Content/Internationalization/icudt64l/region/khq.res" 1635
"../../../Engine/Content/Internationalization/icudt64l/lang/ki.res" 1636
"../../../Engine/Content/Internationalization/icudt64l/region/ki.res" 1637
"../../../Engine/Content/Internationalization/icudt64l/lang/kk.res" 1638
"../../../Engine/Content/Internationalization/icudt64l/region/kk.res" 1639
"../../../Engine/Content/Internationalization/icudt64l/lang/kkj.res" 1640
"../../../Engine/Content/Internationalization/icudt64l/region/kkj.res" 1641
"../../../Engine/Content/Internationalization/icudt64l/lang/kl.res" 1642
"../../../Engine/Content/Internationalization/icudt64l/region/kl.res" 1643
"../../../Engine/Content/Internationalization/icudt64l/lang/kln.res" 1644
"../../../Engine/Content/Internationalization/icudt64l/region/kln.res" 1645
"../../../Engine/Content/Internationalization/icudt64l/lang/km.res" 1646
"../../../Engine/Content/Internationalization/icudt64l/region/km.res" 1647
"../../../Engine/Content/Internationalization/icudt64l/lang/kn.res" 1648
"../../../Engine/Content/Internationalization/icudt64l/region/kn.res" 1649
"../../../Engine/Content/Internationalization/icudt64l/lang/ko.res" 1650
"../../../Engine/Content/Internationalization/icudt64l/region/ko_KP.res" 1651
"../../../Engine/Content/Internationalization/icudt64l/region/ko.res" 1652
"../../../Engine/Content/Internationalization/icudt64l/lang/kok.res" 1653
"../../../Engine/Content/Internationalization/icudt64l/region/kok.res" 1654
"../../../Engine/Content/Internationalization/icudt64l/lang/ks.res" 1655
"../../../Engine/Content/Internationalization/icudt64l/region/ks.res" 1656
"../../../Engine/Content/Internationalization/icudt64l/lang/ksb.res" 1657
"../../../Engine/Content/Internationalization/icudt64l/region/ksb.res" 1658
"../../../Engine/Content/Internationalization/icudt64l/lang/ksf.res" 1659
"../../../Engine/Content/Internationalization/icudt64l/region/ksf.res" 1660
"../../../Engine/Content/Internationalization/icudt64l/lang/ksh.res" 1661
"../../../Engine/Content/Internationalization/icudt64l/region/ksh.res" 1662
"../../../Engine/Content/Internationalization/icudt64l/lang/ku.res" 1663
"../../../Engine/Content/Internationalization/icudt64l/region/ku.res" 1664
"../../../Engine/Content/Internationalization/icudt64l/lang/kw.res" 1665
"../../../Engine/Content/Internationalization/icudt64l/region/kw.res" 1666
"../../../Engine/Content/Internationalization/icudt64l/lang/ky.res" 1667
"../../../Engine/Content/Internationalization/icudt64l/region/ky.res" 1668
"../../../Engine/Content/Internationalization/icudt64l/lang/lag.res" 1669
"../../../Engine/Content/Internationalization/icudt64l/region/lag.res" 1670
"../../../Engine/Content/Internationalization/icudt64l/lang/lb.res" 1671
"../../../Engine/Content/Internationalization/icudt64l/region/lb.res" 1672
"../../../Engine/Content/Internationalization/icudt64l/lang/lg.res" 1673
"../../../Engine/Content/Internationalization/icudt64l/region/lg.res" 1674
"../../../Engine/Content/Internationalization/icudt64l/lang/lkt.res" 1675
"../../../Engine/Content/Internationalization/icudt64l/region/lkt.res" 1676
"../../../Engine/Content/Internationalization/icudt64l/lang/ln.res" 1677
"../../../Engine/Content/Internationalization/icudt64l/region/ln.res" 1678
"../../../Engine/Content/Internationalization/icudt64l/lang/lo.res" 1679
"../../../Engine/Content/Internationalization/icudt64l/region/lo.res" 1680
"../../../Engine/Content/Internationalization/icudt64l/lang/lrc.res" 1681
"../../../Engine/Content/Internationalization/icudt64l/region/lrc.res" 1682
"../../../Engine/Content/Internationalization/icudt64l/lang/lt.res" 1683
"../../../Engine/Content/Internationalization/icudt64l/region/lt.res" 1684
"../../../Engine/Content/Internationalization/icudt64l/lang/lu.res" 1685
"../../../Engine/Content/Internationalization/icudt64l/region/lu.res" 1686
"../../../Engine/Content/Internationalization/icudt64l/lang/luo.res" 1687
"../../../Engine/Content/Internationalization/icudt64l/region/luo.res" 1688
"../../../Engine/Content/Internationalization/icudt64l/lang/luy.res" 1689
"../../../Engine/Content/Internationalization/icudt64l/region/luy.res" 1690
"../../../Engine/Content/Internationalization/icudt64l/lang/lv.res" 1691
"../../../Engine/Content/Internationalization/icudt64l/region/lv.res" 1692
"../../../Engine/Content/Internationalization/icudt64l/lang/mas.res" 1693
"../../../Engine/Content/Internationalization/icudt64l/region/mas.res" 1694
"../../../Engine/Content/Internationalization/icudt64l/lang/mer.res" 1695
"../../../Engine/Content/Internationalization/icudt64l/region/mer.res" 1696
"../../../Engine/Content/Internationalization/icudt64l/lang/mfe.res" 1697
"../../../Engine/Content/Internationalization/icudt64l/region/mfe.res" 1698
"../../../Engine/Content/Internationalization/icudt64l/lang/mg.res" 1699
"../../../Engine/Content/Internationalization/icudt64l/region/mg.res" 1700
"../../../Engine/Content/Internationalization/icudt64l/lang/mgh.res" 1701
"../../../Engine/Content/Internationalization/icudt64l/region/mgh.res" 1702
"../../../Engine/Content/Internationalization/icudt64l/lang/mgo.res" 1703
"../../../Engine/Content/Internationalization/icudt64l/region/mgo.res" 1704
"../../../Engine/Content/Internationalization/icudt64l/lang/mi.res" 1705
"../../../Engine/Content/Internationalization/icudt64l/region/mi.res" 1706
"../../../Engine/Content/Internationalization/icudt64l/lang/mk.res" 1707
"../../../Engine/Content/Internationalization/icudt64l/region/mk.res" 1708
"../../../Engine/Content/Internationalization/icudt64l/lang/ml.res" 1709
"../../../Engine/Content/Internationalization/icudt64l/region/ml.res" 1710
"../../../Engine/Content/Internationalization/icudt64l/lang/mn.res" 1711
"../../../Engine/Content/Internationalization/icudt64l/region/mn.res" 1712
"../../../Engine/Content/Internationalization/icudt64l/lang/mr.res" 1713
"../../../Engine/Content/Internationalization/icudt64l/region/mr.res" 1714
"../../../Engine/Content/Internationalization/icudt64l/lang/ms.res" 1715
"../../../Engine/Content/Internationalization/icudt64l/region/ms.res" 1716
"../../../Engine/Content/Internationalization/icudt64l/lang/mt.res" 1717
"../../../Engine/Content/Internationalization/icudt64l/region/mt.res" 1718
"../../../Engine/Content/Internationalization/icudt64l/lang/mua.res" 1719
"../../../Engine/Content/Internationalization/icudt64l/region/mua.res" 1720
"../../../Engine/Content/Internationalization/icudt64l/lang/my.res" 1721
"../../../Engine/Content/Internationalization/icudt64l/region/my.res" 1722
"../../../Engine/Content/Internationalization/icudt64l/lang/mzn.res" 1723
"../../../Engine/Content/Internationalization/icudt64l/region/mzn.res" 1724
"../../../Engine/Content/Internationalization/icudt64l/lang/naq.res" 1725
"../../../Engine/Content/Internationalization/icudt64l/region/naq.res" 1726
"../../../Engine/Content/Internationalization/icudt64l/lang/nb.res" 1727
"../../../Engine/Content/Internationalization/icudt64l/lang/nb_NO.res" 1728
"../../../Engine/Content/Internationalization/icudt64l/region/nb_NO.res" 1729
"../../../Engine/Content/Internationalization/icudt64l/region/nb.res" 1730
"../../../Engine/Content/Internationalization/icudt64l/lang/nd.res" 1731
"../../../Engine/Content/Internationalization/icudt64l/region/nd.res" 1732
"../../../Engine/Content/Internationalization/icudt64l/lang/nds.res" 1733
"../../../Engine/Content/Internationalization/icudt64l/region/nds.res" 1734
"../../../Engine/Content/Internationalization/icudt64l/lang/ne.res" 1735
"../../../Engine/Content/Internationalization/icudt64l/region/ne.res" 1736
"../../../Engine/Content/Internationalization/icudt64l/lang/nl.res" 1737
"../../../Engine/Content/Internationalization/icudt64l/region/nl.res" 1738
"../../../Engine/Content/Internationalization/icudt64l/lang/nmg.res" 1739
"../../../Engine/Content/Internationalization/icudt64l/region/nmg.res" 1740
"../../../Engine/Content/Internationalization/icudt64l/lang/nn.res" 1741
"../../../Engine/Content/Internationalization/icudt64l/lang/nn_NO.res" 1742
"../../../Engine/Content/Internationalization/icudt64l/region/nn_NO.res" 1743
"../../../Engine/Content/Internationalization/icudt64l/region/nn.res" 1744
"../../../Engine/Content/Internationalization/icudt64l/lang/nnh.res" 1745
"../../../Engine/Content/Internationalization/icudt64l/region/nnh.res" 1746
"../../../Engine/Content/Internationalization/icudt64l/lang/nus.res" 1747
"../../../Engine/Content/Internationalization/icudt64l/region/nus.res" 1748
"../../../Engine/Content/Internationalization/icudt64l/lang/nyn.res" 1749
"../../../Engine/Content/Internationalization/icudt64l/region/nyn.res" 1750
"../../../Engine/Content/Internationalization/icudt64l/lang/om.res" 1751
"../../../Engine/Content/Internationalization/icudt64l/region/om.res" 1752
"../../../Engine/Content/Internationalization/icudt64l/lang/or.res" 1753
"../../../Engine/Content/Internationalization/icudt64l/region/or.res" 1754
"../../../Engine/Content/Internationalization/icudt64l/lang/os.res" 1755
"../../../Engine/Content/Internationalization/icudt64l/region/os.res" 1756
"../../../Engine/Content/Internationalization/icudt64l/lang/pa.res" 1757
"../../../Engine/Content/Internationalization/icudt64l/lang/pa_Arab.res" 1758
"../../../Engine/Content/Internationalization/icudt64l/lang/pa_PK.res" 1759
"../../../Engine/Content/Internationalization/icudt64l/lang/pa_Arab_PK.res" 1760
"../../../Engine/Content/Internationalization/icudt64l/region/pa_PK.res" 1761
"../../../Engine/Content/Internationalization/icudt64l/region/pa_Arab_PK.res" 1762
"../../../Engine/Content/Internationalization/icudt64l/region/pa_Arab.res" 1763
"../../../Engine/Content/Internationalization/icudt64l/lang/pa_Guru.res" 1764
"../../../Engine/Content/Internationalization/icudt64l/lang/pa_IN.res" 1765
"../../../Engine/Content/Internationalization/icudt64l/lang/pa_Guru_IN.res" 1766
"../../../Engine/Content/Internationalization/icudt64l/region/pa_IN.res" 1767
"../../../Engine/Content/Internationalization/icudt64l/region/pa_Guru_IN.res" 1768
"../../../Engine/Content/Internationalization/icudt64l/region/pa_Guru.res" 1769
"../../../Engine/Content/Internationalization/icudt64l/region/pa.res" 1770
"../../../Engine/Content/Internationalization/icudt64l/lang/pl.res" 1771
"../../../Engine/Content/Internationalization/icudt64l/region/pl.res" 1772
"../../../Engine/Content/Internationalization/icudt64l/lang/ps.res" 1773
"../../../Engine/Content/Internationalization/icudt64l/region/ps.res" 1774
"../../../Engine/Content/Internationalization/icudt64l/lang/ps_PK.res" 1775
"../../../Engine/Content/Internationalization/icudt64l/region/ps_PK.res" 1776
"../../../Engine/Content/Internationalization/icudt64l/lang/pt.res" 1777
"../../../Engine/Content/Internationalization/icudt64l/lang/pt_AO.res" 1778
"../../../Engine/Content/Internationalization/icudt64l/lang/pt_PT.res" 1779
"../../../Engine/Content/Internationalization/icudt64l/region/pt_AO.res" 1780
"../../../Engine/Content/Internationalization/icudt64l/region/pt_PT.res" 1781
"../../../Engine/Content/Internationalization/icudt64l/region/pt.res" 1782
"../../../Engine/Content/Internationalization/icudt64l/lang/pt_CH.res" 1783
"../../../Engine/Content/Internationalization/icudt64l/region/pt_CH.res" 1784
"../../../Engine/Content/Internationalization/icudt64l/lang/pt_CV.res" 1785
"../../../Engine/Content/Internationalization/icudt64l/region/pt_CV.res" 1786
"../../../Engine/Content/Internationalization/icudt64l/lang/pt_GQ.res" 1787
"../../../Engine/Content/Internationalization/icudt64l/region/pt_GQ.res" 1788
"../../../Engine/Content/Internationalization/icudt64l/lang/pt_GW.res" 1789
"../../../Engine/Content/Internationalization/icudt64l/region/pt_GW.res" 1790
"../../../Engine/Content/Internationalization/icudt64l/lang/pt_LU.res" 1791
"../../../Engine/Content/Internationalization/icudt64l/region/pt_LU.res" 1792
"../../../Engine/Content/Internationalization/icudt64l/lang/pt_MO.res" 1793
"../../../Engine/Content/Internationalization/icudt64l/region/pt_MO.res" 1794
"../../../Engine/Content/Internationalization/icudt64l/lang/pt_MZ.res" 1795
"../../../Engine/Content/Internationalization/icudt64l/region/pt_MZ.res" 1796
"../../../Engine/Content/Internationalization/icudt64l/lang/pt_ST.res" 1797
"../../../Engine/Content/Internationalization/icudt64l/region/pt_ST.res" 1798
"../../../Engine/Content/Internationalization/icudt64l/lang/pt_TL.res" 1799
"../../../Engine/Content/Internationalization/icudt64l/region/pt_TL.res" 1800
"../../../Engine/Content/Internationalization/icudt64l/lang/qu.res" 1801
"../../../Engine/Content/Internationalization/icudt64l/region/qu.res" 1802
"../../../Engine/Content/Internationalization/icudt64l/lang/rm.res" 1803
"../../../Engine/Content/Internationalization/icudt64l/region/rm.res" 1804
"../../../Engine/Content/Internationalization/icudt64l/lang/rn.res" 1805
"../../../Engine/Content/Internationalization/icudt64l/region/rn.res" 1806
"../../../Engine/Content/Internationalization/icudt64l/lang/ro.res" 1807
"../../../Engine/Content/Internationalization/icudt64l/lang/ro_MD.res" 1808
"../../../Engine/Content/Internationalization/icudt64l/region/ro_MD.res" 1809
"../../../Engine/Content/Internationalization/icudt64l/region/ro.res" 1810
"../../../Engine/Content/Internationalization/icudt64l/lang/rof.res" 1811
"../../../Engine/Content/Internationalization/icudt64l/region/rof.res" 1812
"../../../Engine/Content/Internationalization/icudt64l/lang/ru.res" 1813
"../../../Engine/Content/Internationalization/icudt64l/region/ru.res" 1814
"../../../Engine/Content/Internationalization/icudt64l/region/ru_UA.res" 1815
"../../../Engine/Content/Internationalization/icudt64l/lang/rw.res" 1816
"../../../Engine/Content/Internationalization/icudt64l/region/rw.res" 1817
"../../../Engine/Content/Internationalization/icudt64l/lang/rwk.res" 1818
"../../../Engine/Content/Internationalization/icudt64l/region/rwk.res" 1819
"../../../Engine/Content/Internationalization/icudt64l/lang/sah.res" 1820
"../../../Engine/Content/Internationalization/icudt64l/region/sah.res" 1821
"../../../Engine/Content/Internationalization/icudt64l/lang/saq.res" 1822
"../../../Engine/Content/Internationalization/icudt64l/region/saq.res" 1823
"../../../Engine/Content/Internationalization/icudt64l/lang/sbp.res" 1824
"../../../Engine/Content/Internationalization/icudt64l/region/sbp.res" 1825
"../../../Engine/Content/Internationalization/icudt64l/lang/sd.res" 1826
"../../../Engine/Content/Internationalization/icudt64l/region/sd.res" 1827
"../../../Engine/Content/Internationalization/icudt64l/lang/se.res" 1828
"../../../Engine/Content/Internationalization/icudt64l/lang/se_FI.res" 1829
"../../../Engine/Content/Internationalization/icudt64l/region/se_FI.res" 1830
"../../../Engine/Content/Internationalization/icudt64l/region/se.res" 1831
"../../../Engine/Content/Internationalization/icudt64l/lang/seh.res" 1832
"../../../Engine/Content/Internationalization/icudt64l/region/seh.res" 1833
"../../../Engine/Content/Internationalization/icudt64l/lang/ses.res" 1834
"../../../Engine/Content/Internationalization/icudt64l/region/ses.res" 1835
"../../../Engine/Content/Internationalization/icudt64l/lang/sg.res" 1836
"../../../Engine/Content/Internationalization/icudt64l/region/sg.res" 1837
"../../../Engine/Content/Internationalization/icudt64l/lang/shi.res" 1838
"../../../Engine/Content/Internationalization/icudt64l/lang/shi_Latn.res" 1839
"../../../Engine/Content/Internationalization/icudt64l/lang/shi_MA.res" 1840
"../../../Engine/Content/Internationalization/icudt64l/lang/shi_Tfng_MA.res" 1841
"../../../Engine/Content/Internationalization/icudt64l/lang/shi_Tfng.res" 1842
"../../../Engine/Content/Internationalization/icudt64l/region/shi_MA.res" 1843
"../../../Engine/Content/Internationalization/icudt64l/region/shi_Tfng_MA.res" 1844
"../../../Engine/Content/Internationalization/icudt64l/region/shi_Tfng.res" 1845
"../../../Engine/Content/Internationalization/icudt64l/region/shi.res" 1846
"../../../Engine/Content/Internationalization/icudt64l/region/shi_Latn.res" 1847
"../../../Engine/Content/Internationalization/icudt64l/lang/si.res" 1848
"../../../Engine/Content/Internationalization/icudt64l/region/si.res" 1849
"../../../Engine/Content/Internationalization/icudt64l/lang/sk.res" 1850
"../../../Engine/Content/Internationalization/icudt64l/region/sk.res" 1851
"../../../Engine/Content/Internationalization/icudt64l/lang/sl.res" 1852
"../../../Engine/Content/Internationalization/icudt64l/region/sl.res" 1853
"../../../Engine/Content/Internationalization/icudt64l/lang/smn.res" 1854
"../../../Engine/Content/Internationalization/icudt64l/region/smn.res" 1855
"../../../Engine/Content/Internationalization/icudt64l/lang/sn.res" 1856
"../../../Engine/Content/Internationalization/icudt64l/region/sn.res" 1857
"../../../Engine/Content/Internationalization/icudt64l/lang/so.res" 1858
"../../../Engine/Content/Internationalization/icudt64l/region/so.res" 1859
"../../../Engine/Content/Internationalization/icudt64l/lang/sq.res" 1860
"../../../Engine/Content/Internationalization/icudt64l/region/sq.res" 1861
"../../../Engine/Content/Internationalization/icudt64l/lang/sr.res" 1862
"../../../Engine/Content/Internationalization/icudt64l/lang/sr_Cyrl.res" 1863
"../../../Engine/Content/Internationalization/icudt64l/lang/sr_BA.res" 1864
"../../../Engine/Content/Internationalization/icudt64l/lang/sr_Cyrl_BA.res" 1865
"../../../Engine/Content/Internationalization/icudt64l/region/sr_BA.res" 1866
"../../../Engine/Content/Internationalization/icudt64l/region/sr_Cyrl_BA.res" 1867
"../../../Engine/Content/Internationalization/icudt64l/region/sr_Cyrl.res" 1868
"../../../Engine/Content/Internationalization/icudt64l/region/sr.res" 1869
"../../../Engine/Content/Internationalization/icudt64l/lang/sr_ME.res" 1870
"../../../Engine/Content/Internationalization/icudt64l/lang/sr_Latn_ME.res" 1871
"../../../Engine/Content/Internationalization/icudt64l/lang/sr_Latn.res" 1872
"../../../Engine/Content/Internationalization/icudt64l/region/sr_ME.res" 1873
"../../../Engine/Content/Internationalization/icudt64l/region/sr_Latn_ME.res" 1874
"../../../Engine/Content/Internationalization/icudt64l/region/sr_Latn.res" 1875
"../../../Engine/Content/Internationalization/icudt64l/lang/sr_Cyrl_ME.res" 1876
"../../../Engine/Content/Internationalization/icudt64l/region/sr_Cyrl_ME.res" 1877
"../../../Engine/Content/Internationalization/icudt64l/lang/sr_RS.res" 1878
"../../../Engine/Content/Internationalization/icudt64l/lang/sr_Cyrl_RS.res" 1879
"../../../Engine/Content/Internationalization/icudt64l/region/sr_RS.res" 1880
"../../../Engine/Content/Internationalization/icudt64l/region/sr_Cyrl_RS.res" 1881
"../../../Engine/Content/Internationalization/icudt64l/lang/sr_XK.res" 1882
"../../../Engine/Content/Internationalization/icudt64l/lang/sr_Cyrl_XK.res" 1883
"../../../Engine/Content/Internationalization/icudt64l/region/sr_XK.res" 1884
"../../../Engine/Content/Internationalization/icudt64l/region/sr_Cyrl_XK.res" 1885
"../../../Engine/Content/Internationalization/icudt64l/lang/sr_Latn_BA.res" 1886
"../../../Engine/Content/Internationalization/icudt64l/region/sr_Latn_BA.res" 1887
"../../../Engine/Content/Internationalization/icudt64l/lang/sr_Latn_RS.res" 1888
"../../../Engine/Content/Internationalization/icudt64l/region/sr_Latn_RS.res" 1889
"../../../Engine/Content/Internationalization/icudt64l/lang/sr_Latn_XK.res" 1890
"../../../Engine/Content/Internationalization/icudt64l/region/sr_Latn_XK.res" 1891
"../../../Engine/Content/Internationalization/icudt64l/lang/sv.res" 1892
"../../../Engine/Content/Internationalization/icudt64l/region/sv.res" 1893
"../../../Engine/Content/Internationalization/icudt64l/lang/sv_FI.res" 1894
"../../../Engine/Content/Internationalization/icudt64l/lang/sw.res" 1895
"../../../Engine/Content/Internationalization/icudt64l/lang/sw_CD.res" 1896
"../../../Engine/Content/Internationalization/icudt64l/region/sw_CD.res" 1897
"../../../Engine/Content/Internationalization/icudt64l/region/sw.res" 1898
"../../../Engine/Content/Internationalization/icudt64l/lang/sw_KE.res" 1899
"../../../Engine/Content/Internationalization/icudt64l/region/sw_KE.res" 1900
"../../../Engine/Content/Internationalization/icudt64l/lang/ta.res" 1901
"../../../Engine/Content/Internationalization/icudt64l/region/ta.res" 1902
"../../../Engine/Content/Internationalization/icudt64l/lang/te.res" 1903
"../../../Engine/Content/Internationalization/icudt64l/region/te.res" 1904
"../../../Engine/Content/Internationalization/icudt64l/lang/teo.res" 1905
"../../../Engine/Content/Internationalization/icudt64l/region/teo.res" 1906
"../../../Engine/Content/Internationalization/icudt64l/lang/tg.res" 1907
"../../../Engine/Content/Internationalization/icudt64l/region/tg.res" 1908
"../../../Engine/Content/Internationalization/icudt64l/lang/th.res" 1909
"../../../Engine/Content/Internationalization/icudt64l/lang/th_TH.res" 1910
"../../../Engine/Content/Internationalization/icudt64l/region/th_TH.res" 1911
"../../../Engine/Content/Internationalization/icudt64l/region/th.res" 1912
"../../../Engine/Content/Internationalization/icudt64l/lang/ti.res" 1913
"../../../Engine/Content/Internationalization/icudt64l/region/ti.res" 1914
"../../../Engine/Content/Internationalization/icudt64l/lang/tk.res" 1915
"../../../Engine/Content/Internationalization/icudt64l/region/tk.res" 1916
"../../../Engine/Content/Internationalization/icudt64l/lang/to.res" 1917
"../../../Engine/Content/Internationalization/icudt64l/region/to.res" 1918
"../../../Engine/Content/Internationalization/icudt64l/lang/tr.res" 1919
"../../../Engine/Content/Internationalization/icudt64l/region/tr.res" 1920
"../../../Engine/Content/Internationalization/icudt64l/lang/tt.res" 1921
"../../../Engine/Content/Internationalization/icudt64l/region/tt.res" 1922
"../../../Engine/Content/Internationalization/icudt64l/lang/twq.res" 1923
"../../../Engine/Content/Internationalization/icudt64l/region/twq.res" 1924
"../../../Engine/Content/Internationalization/icudt64l/lang/tzm.res" 1925
"../../../Engine/Content/Internationalization/icudt64l/region/tzm.res" 1926
"../../../Engine/Content/Internationalization/icudt64l/lang/ug.res" 1927
"../../../Engine/Content/Internationalization/icudt64l/region/ug.res" 1928
"../../../Engine/Content/Internationalization/icudt64l/lang/uk.res" 1929
"../../../Engine/Content/Internationalization/icudt64l/region/uk.res" 1930
"../../../Engine/Content/Internationalization/icudt64l/lang/ur.res" 1931
"../../../Engine/Content/Internationalization/icudt64l/lang/ur_IN.res" 1932
"../../../Engine/Content/Internationalization/icudt64l/region/ur_IN.res" 1933
"../../../Engine/Content/Internationalization/icudt64l/region/ur.res" 1934
"../../../Engine/Content/Internationalization/icudt64l/lang/uz.res" 1935
"../../../Engine/Content/Internationalization/icudt64l/lang/uz_Arab.res" 1936
"../../../Engine/Content/Internationalization/icudt64l/lang/uz_AF.res" 1937
"../../../Engine/Content/Internationalization/icudt64l/lang/uz_Arab_AF.res" 1938
"../../../Engine/Content/Internationalization/icudt64l/region/uz_AF.res" 1939
"../../../Engine/Content/Internationalization/icudt64l/region/uz_Arab_AF.res" 1940
"../../../Engine/Content/Internationalization/icudt64l/region/uz_Arab.res" 1941
"../../../Engine/Content/Internationalization/icudt64l/lang/uz_Cyrl.res" 1942
"../../../Engine/Content/Internationalization/icudt64l/lang/uz_UZ.res" 1943
"../../../Engine/Content/Internationalization/icudt64l/lang/uz_Latn_UZ.res" 1944
"../../../Engine/Content/Internationalization/icudt64l/lang/uz_Latn.res" 1945
"../../../Engine/Content/Internationalization/icudt64l/region/uz_UZ.res" 1946
"../../../Engine/Content/Internationalization/icudt64l/region/uz_Latn_UZ.res" 1947
"../../../Engine/Content/Internationalization/icudt64l/region/uz_Latn.res" 1948
"../../../Engine/Content/Internationalization/icudt64l/region/uz.res" 1949
"../../../Engine/Content/Internationalization/icudt64l/region/uz_Cyrl.res" 1950
"../../../Engine/Content/Internationalization/icudt64l/lang/vai.res" 1951
"../../../Engine/Content/Internationalization/icudt64l/lang/vai_Latn.res" 1952
"../../../Engine/Content/Internationalization/icudt64l/lang/vai_LR.res" 1953
"../../../Engine/Content/Internationalization/icudt64l/lang/vai_Vaii_LR.res" 1954
"../../../Engine/Content/Internationalization/icudt64l/lang/vai_Vaii.res" 1955
"../../../Engine/Content/Internationalization/icudt64l/region/vai_LR.res" 1956
"../../../Engine/Content/Internationalization/icudt64l/region/vai_Vaii_LR.res" 1957
"../../../Engine/Content/Internationalization/icudt64l/region/vai_Vaii.res" 1958
"../../../Engine/Content/Internationalization/icudt64l/region/vai.res" 1959
"../../../Engine/Content/Internationalization/icudt64l/region/vai_Latn.res" 1960
"../../../Engine/Content/Internationalization/icudt64l/lang/vi.res" 1961
"../../../Engine/Content/Internationalization/icudt64l/region/vi.res" 1962
"../../../Engine/Content/Internationalization/icudt64l/lang/vun.res" 1963
"../../../Engine/Content/Internationalization/icudt64l/region/vun.res" 1964
"../../../Engine/Content/Internationalization/icudt64l/lang/wae.res" 1965
"../../../Engine/Content/Internationalization/icudt64l/region/wae.res" 1966
"../../../Engine/Content/Internationalization/icudt64l/lang/wo.res" 1967
"../../../Engine/Content/Internationalization/icudt64l/region/wo.res" 1968
"../../../Engine/Content/Internationalization/icudt64l/lang/xh.res" 1969
"../../../Engine/Content/Internationalization/icudt64l/region/xh.res" 1970
"../../../Engine/Content/Internationalization/icudt64l/lang/xog.res" 1971
"../../../Engine/Content/Internationalization/icudt64l/region/xog.res" 1972
"../../../Engine/Content/Internationalization/icudt64l/lang/yav.res" 1973
"../../../Engine/Content/Internationalization/icudt64l/region/yav.res" 1974
"../../../Engine/Content/Internationalization/icudt64l/lang/yi.res" 1975
"../../../Engine/Content/Internationalization/icudt64l/region/yi.res" 1976
"../../../Engine/Content/Internationalization/icudt64l/lang/yo.res" 1977
"../../../Engine/Content/Internationalization/icudt64l/lang/yo_BJ.res" 1978
"../../../Engine/Content/Internationalization/icudt64l/region/yo_BJ.res" 1979
"../../../Engine/Content/Internationalization/icudt64l/region/yo.res" 1980
"../../../Engine/Content/Internationalization/icudt64l/lang/yue.res" 1981
"../../../Engine/Content/Internationalization/icudt64l/lang/yue_Hans.res" 1982
"../../../Engine/Content/Internationalization/icudt64l/lang/yue_CN.res" 1983
"../../../Engine/Content/Internationalization/icudt64l/lang/yue_Hans_CN.res" 1984
"../../../Engine/Content/Internationalization/icudt64l/region/yue_CN.res" 1985
"../../../Engine/Content/Internationalization/icudt64l/region/yue_Hans_CN.res" 1986
"../../../Engine/Content/Internationalization/icudt64l/region/yue_Hans.res" 1987
"../../../Engine/Content/Internationalization/icudt64l/lang/yue_Hant.res" 1988
"../../../Engine/Content/Internationalization/icudt64l/lang/yue_HK.res" 1989
"../../../Engine/Content/Internationalization/icudt64l/lang/yue_Hant_HK.res" 1990
"../../../Engine/Content/Internationalization/icudt64l/region/yue_HK.res" 1991
"../../../Engine/Content/Internationalization/icudt64l/region/yue_Hant_HK.res" 1992
"../../../Engine/Content/Internationalization/icudt64l/region/yue_Hant.res" 1993
"../../../Engine/Content/Internationalization/icudt64l/region/yue.res" 1994
"../../../Engine/Content/Internationalization/icudt64l/lang/zgh.res" 1995
"../../../Engine/Content/Internationalization/icudt64l/region/zgh.res" 1996
"../../../Engine/Content/Internationalization/icudt64l/lang/zh.res" 1997
"../../../Engine/Content/Internationalization/icudt64l/lang/zh_Hans.res" 1998
"../../../Engine/Content/Internationalization/icudt64l/lang/zh_CN.res" 1999
"../../../Engine/Content/Internationalization/icudt64l/lang/zh_Hans_CN.res" 2000
"../../../Engine/Content/Internationalization/icudt64l/region/zh_CN.res" 2001
"../../../Engine/Content/Internationalization/icudt64l/region/zh_Hans_CN.res" 2002
"../../../Engine/Content/Internationalization/icudt64l/region/zh_Hans.res" 2003
"../../../Engine/Content/Internationalization/icudt64l/region/zh.res" 2004
"../../../Engine/Content/Internationalization/icudt64l/lang/zh_HK.res" 2005
"../../../Engine/Content/Internationalization/icudt64l/lang/zh_Hant_HK.res" 2006
"../../../Engine/Content/Internationalization/icudt64l/lang/zh_Hant.res" 2007
"../../../Engine/Content/Internationalization/icudt64l/region/zh_HK.res" 2008
"../../../Engine/Content/Internationalization/icudt64l/region/zh_Hant_HK.res" 2009
"../../../Engine/Content/Internationalization/icudt64l/region/zh_Hant.res" 2010
"../../../Engine/Content/Internationalization/icudt64l/lang/zh_MO.res" 2011
"../../../Engine/Content/Internationalization/icudt64l/lang/zh_Hant_MO.res" 2012
"../../../Engine/Content/Internationalization/icudt64l/region/zh_MO.res" 2013
"../../../Engine/Content/Internationalization/icudt64l/region/zh_Hant_MO.res" 2014
"../../../Engine/Content/Internationalization/icudt64l/lang/zh_SG.res" 2015
"../../../Engine/Content/Internationalization/icudt64l/lang/zh_Hans_SG.res" 2016
"../../../Engine/Content/Internationalization/icudt64l/region/zh_SG.res" 2017
"../../../Engine/Content/Internationalization/icudt64l/region/zh_Hans_SG.res" 2018
"../../../Engine/Content/Internationalization/icudt64l/lang/zh_TW.res" 2019
"../../../Engine/Content/Internationalization/icudt64l/lang/zh_Hant_TW.res" 2020
"../../../Engine/Content/Internationalization/icudt64l/region/zh_TW.res" 2021
"../../../Engine/Content/Internationalization/icudt64l/region/zh_Hant_TW.res" 2022
"../../../Engine/Content/Internationalization/icudt64l/lang/zu.res" 2023
"../../../Engine/Content/Internationalization/icudt64l/region/zu.res" 2024
"../../../Engine/Content/Internationalization/icudt64l/lang/no.res" 2025
"../../../Engine/Content/Internationalization/icudt64l/lang/tl.res" 2026
"../../../Engine/Config/Android/DataDrivenPlatformInfo.ini" 2027
"../../../Engine/Config/IOS/DataDrivenPlatformInfo.ini" 2028
"../../../Engine/Config/Linux/DataDrivenPlatformInfo.ini" 2029
"../../../Engine/Config/Mac/DataDrivenPlatformInfo.ini" 2030
"../../../Engine/Config/TVOS/DataDrivenPlatformInfo.ini" 2031
"../../../Engine/Config/Unix/DataDrivenPlatformInfo.ini" 2032
"../../../Engine/Config/VulkanPC/DataDrivenPlatformInfo.ini" 2033
"../../../Engine/Config/Windows/DataDrivenPlatformInfo.ini" 2034
"../../../Engine/Platforms/VisionOS/Config/DataDrivenPlatformInfo.ini" 2035
"../../../Engine/Content/Renderer/TessellationTable.bin" 2036
"../../../Engine/DerivedDataCache/Compressed.ddp" 2037
"C:/Users/Anthony/AppData/Local/UnrealEngine/5.7/Saved/Zen/zen.version" 2038
"C:/Users/Anthony/AppData/Local/UnrealEngine/Common/Zen/Install/zen.version" 2039
"C:/Users/Anthony/AppData/Local/UnrealEngine/Common/Zen/Install/zenserver.runcontext" 2040
"C:/Users/Anthony/AppData/Local/UnrealEngine/Common/DerivedDataCache/TestData/0/TestData_4kb.dat" 2041
"C:/Users/Anthony/AppData/Local/UnrealEngine/Common/DerivedDataCache/TestData/1/TestData_4kb.dat" 2042
"C:/Users/Anthony/AppData/Local/UnrealEngine/Common/DerivedDataCache/TestData/0/TestData_8kb.dat" 2043
"C:/Users/Anthony/AppData/Local/UnrealEngine/Common/DerivedDataCache/TestData/1/TestData_8kb.dat" 2044
"C:/Users/Anthony/AppData/Local/UnrealEngine/Common/DerivedDataCache/TestData/0/TestData_16kb.dat" 2045
"C:/Users/Anthony/AppData/Local/UnrealEngine/Common/DerivedDataCache/TestData/1/TestData_16kb.dat" 2046
"C:/Users/Anthony/AppData/Local/UnrealEngine/Common/DerivedDataCache/TestData/0/TestData_64kb.dat" 2047
"C:/Users/Anthony/AppData/Local/UnrealEngine/Common/DerivedDataCache/TestData/1/TestData_64kb.dat" 2048
"C:/Users/Anthony/AppData/Local/UnrealEngine/Common/DerivedDataCache/TestData/0/TestData_128kb.dat" 2049
"C:/Users/Anthony/AppData/Local/UnrealEngine/Common/DerivedDataCache/TestData/1/TestData_128kb.dat" 2050
"C:/Users/Anthony/AppData/Local/UnrealEngine/Common/DerivedDataCache/TestData/0/TestData_256kb.dat" 2051
"C:/Users/Anthony/AppData/Local/UnrealEngine/Common/DerivedDataCache/TestData/1/TestData_256kb.dat" 2052
"C:/Users/Anthony/AppData/Roaming/Unreal Engine/UnrealBuildTool/BuildConfiguration.xml" 2053
"../../../../../../Users/Anthony/Documents/GitHub/mechatronics-vr/Intermediate/ShaderAutogen/PCD3D_SM6/AutogenShaderHeaders.ush" 2054
"../../../Engine/Shaders/Private/HairStrands/HairStrandsVertexFactory.ush" 2055
"../../../Engine/Shaders/Private/VertexFactoryCommon.ush" 2056
"../../../Engine/Shaders/Private/Common.ush" 2057
"../../../Engine/Shaders/Public/Platform.ush" 2058
"../../../Engine/Shaders/Public/FP16Math.ush" 2059
"../../../Engine/Shaders/Public/Platform/D3D/D3DCommon.ush" 2060
"../../../Engine/Shaders/Shared/HLSLReservedSpaces.h" 2061
"../../../Engine/Shaders/Public/BindlessResources.ush" 2062
"../../../Engine/Shaders/Public/Platform/D3D/PlatformBindlessResources.ush" 2063
"../../../Engine/Shaders/Shared/RayTracingBuiltInResources.h" 2064
"../../../Engine/Shaders/Shared/RayTracingDefinitions.h" 2065
"../../../Engine/Shaders/Shared/MaterialCacheDefinitions.h" 2066
"../../../Engine/Shaders/Shared/HLSLTypeAliases.h" 2067
"../../../Engine/Shaders/Public/IndirectVirtualTexture.ush" 2068
"../../../Engine/Shaders/Shared/IndirectVirtualTextureDefinitions.h" 2069
"../../../Engine/Shaders/Public/OverloadMacros.ush" 2070
"../../../Engine/Shaders/Public/ShaderVersion.ush" 2071
"../../../Engine/Shaders/Shared/ThirdParty/NVIDIA/nvHLSLExtns.h" 2072
"../../../Engine/Shaders/Shared/ThirdParty/NVIDIA/nvHLSLExtnsInternal.h" 2073
"../../../Engine/Shaders/Shared/ThirdParty/NVIDIA/nvShaderExtnEnums.h" 2074
"../../../Engine/Shaders/Private/PackUnpack.ush" 2075
"../../../Engine/Shaders/Private/GeneratedUniformBufferTypes.ush" 2076
"../../../Engine/Shaders/Private/Nanite/NanitePackedNaniteView.ush" 2077
"../../../Engine/Shaders/Private/HairStrands/HairStrandsVisibilityCommonStruct.ush" 2078
"../../../Engine/Shaders/Private/HairStrands/HairStrandsVoxelPageCommonStruct.ush" 2079
"../../../Engine/Shaders/Private/HairStrands/HairStrandsDeepShadowCommonStruct.ush" 2080
"../../../Engine/Shaders/Shared/LightSceneData.h" 2081
"../../../Engine/Shaders/Private/LargeWorldCoordinates.ush" 2082
"../../../Engine/Shaders/Private/DoubleFloat.ush" 2083
"../../../Engine/Shaders/Private/RandomPCG.ush" 2084
"../../../Engine/Shaders/Private/DoubleFloatOperations.ush" 2085
"../../../Engine/Shaders/Private/DoubleFloatVectorDefinition.ush" 2086
"../../../Engine/Shaders/Private/LWCOperations.ush" 2087
"../../../Engine/Shaders/Shared/LightViewData.h" 2088
"../../../Engine/Shaders/Shared/RayTracingTypes.h" 2089
"../../../Engine/Shaders/Shared/HLSLStaticAssert.h" 2090
"../../../Engine/Shaders/Private/CommonViewUniformBuffer.ush" 2091
"../../../Engine/Shaders/Private/InstancedStereo.ush" 2092
"../../../Engine/Shaders/Private/Definitions.usf" 2093
"../../../Engine/Shaders/Private/AssertionMacros.ush" 2094
"../../../Engine/Shaders/Private/FastMath.ush" 2095
"../../../Engine/Shaders/Private/FastMathThirdParty.ush" 2096
"../../../Engine/Shaders/Private/Random.ush" 2097
"../../../Engine/Shaders/Private/RandomInterleavedGradientNoise.ush" 2098
"../../../Engine/Shaders/Private/SceneData.ush" 2099
"../../../Engine/Shaders/Private/OctahedralCommon.ush" 2100
"../../../Engine/Shaders/Private/WaveOpUtil.ush" 2101
"../../../Engine/Shaders/Private/ByteBuffer.ush" 2102
"../../../Engine/Shaders/Shared/SceneDefinitions.h" 2103
"../../../Engine/Shaders/Private/SceneDataMobileLoader.ush" 2104
"../../../Engine/Shaders/Private/LocalVertexFactoryCommon.ush" 2105
"../../../Engine/Shaders/Private/HairStrands/HairStrandsVisibilityCommon.ush" 2106
"../../../Engine/Shaders/Shared/HairStrandsDefinitions.h" 2107
"../../../Engine/Shaders/Private/HairStrands/HairStrandsVertexFactoryCommon.ush" 2108
"../../../Engine/Shaders/Private/HairStrands/HairStrandsPack.ush" 2109
"../../../Engine/Shaders/Private/HairStrands/HairStrandsAttributeCommon.ush" 2110
"../../../Engine/Shaders/Private/HairStrands/HairStrandsAttributeTemplate.ush" 2111
"../../../Engine/Shaders/Private/VertexFactoryDefaultInterface.ush" 2112
"../../../Engine/Shaders/Private/HairStrands/HairCardsVertexFactory.ush" 2113
"../../../Engine/Shaders/Private/HairStrands/HairCardsAttributeCommon.ush" 2114
"../../../Engine/Shaders/Private/RayTracing/RayTracingCommon.ush" 2115
"../../../Engine/Shaders/Private/ShadingCommon.ush" 2116
"../../../Engine/Shaders/Shared/RayTracingPayloadType.h" 2117
"../../../Engine/Shaders/Private/RayTracing/RayTracingRayCone.ush" 2118
"../../../Engine/Shaders/Private/Substrate/Substrate.ush" 2119
"../../../Engine/Shaders/Private/ShadingEnergyConservation.ush" 2120
"../../../Engine/Shaders/Private/ShadingEnergyConservationTemplate.ush" 2121
"../../../Engine/Shaders/Private/BRDF.ush" 2122
"../../../Engine/Shaders/Private/ColorSpace.ush" 2123
"../../../Engine/Shaders/Private/DeferredShadingCommon.ush" 2124
"../../../Engine/Shaders/Private/LightAccumulator.ush" 2125
"../../../Engine/Shaders/Private/SceneTexturesCommon.ush" 2126
"../../../Engine/Shaders/Private/MonteCarlo.ush" 2127
"../../../Engine/Shaders/Private/GBufferHelpers.ush" 2128
"../../../Engine/Shaders/Private/SceneTextureParameters.ush" 2129
"C:/Users/Anthony/Documents/GitHub/mechatronics-vr/Intermediate/ShaderAutogen/PCD3D_SM6/AutogenShaderHeaders.ush" 2130
"../../../Engine/Shaders/Private/ParticipatingMediaCommon.ush" 2131
"../../../Engine/Shaders/Private/ThinFilmBSDF.ush" 2132
"../../../Engine/Shaders/Private/MortonCode.ush" 2133
"../../../Engine/Shaders/Private/SubsurfaceProfileCommon.ush" 2134
"../../../Engine/Shaders/Private/BurleyNormalizedSSSCommon.ush" 2135
"../../../Engine/Shaders/Private/GammaCorrectionCommon.ush" 2136
"../../../Engine/Shaders/Shared/SubstrateDefinitions.h" 2137
"../../../Engine/Shaders/Private/Substrate/SubstrateStatisticalOperators.ush" 2138
"../../../Engine/Shaders/Private/Substrate/SubstrateSubsurface.ush" 2139
"../../../Engine/Shaders/Private/TransmissionCommon.ush" 2140
"../../../Engine/Shaders/Private/Substrate/SubstrateExportCommon.ush" 2141
"../../../Engine/Shaders/Private/SpecularProfileCommon.ush" 2142
"../../../Engine/Shaders/Private/RayTracing/RayTracingCommonMetal.ush" 2143
"../../../Engine/Shaders/Private/PositionReconstructionCommon.ush" 2144
"../../../Engine/Shaders/Private/RayTracing/TraceRayInline.ush" 2145
"../../../Engine/Shaders/Private/RayTracing/TraceRayInlineCommon.ush" 2146
"../../../Engine/Shaders/Private/RayTracing/TraceRayInlineVulkan.ush" 2147
"../../../Engine/Shaders/Private/RayTracing/TraceRayInlineMetal.ush" 2148
"../../../Engine/Shaders/Private/RayTracing/RayTracingHitGroupCommon.ush" 2149
"../../../Engine/Shaders/Private/Nanite/NaniteRayTrace.ush" 2150
"../../../Engine/Shaders/Private/Nanite/NaniteDataDecode.ush" 2151
"../../../Engine/Shaders/Private/BitPacking.ush" 2152
"../../../Engine/Shaders/Private/BitStreamReaderImplementation.ush" 2153
"../../../Engine/Shaders/Private/BoneTransform.ush" 2154
"../../../Engine/Shaders/Private/Quaternion.ush" 2155
"../../../Engine/Shaders/Private/Skinning/SkinningDataDecode.ush" 2156
"../../../Engine/Shaders/Private/GpuSkinCommon.ush" 2157
"../../../Engine/Shaders/Shared/SkinningDefinitions.h" 2158
"../../../Engine/Shaders/Shared/NaniteDefinitions.h" 2159
"../../../Engine/Shaders/Private/Nanite/NaniteAttributeDecode.ush" 2160
"../../../Engine/Shaders/Private/Barycentrics.ush" 2161
"../../../Engine/Shaders/Private/DualNumber.ush" 2162
"../../../Engine/Shaders/Shared/ThirdParty/RayTriangleIntersection.h" 2163
"../../../Engine/Shaders/Private/Nanite/NaniteVertexFetch.ush" 2164
"../../../Engine/Shaders/Private/ViewData.ush" 2165
"../../../Engine/Shaders/Shared/ViewDefinitions.h" 2166
"../../../Engine/Shaders/Private/Nanite/NaniteSceneCommon.ush" 2167
"../../../Engine/Shaders/Private/RayTracing/TraceRayInlineD3D12.ush" 2168
"../../../Engine/Plugins/FX/Niagara/Shaders/Private/NiagaraSpriteVertexFactory.ush" 2169
"../../../Engine/Shaders/Private/ParticleVertexFactoryCommon.ush" 2170
"../../../Engine/Plugins/FX/Niagara/Shaders/Private/NiagaraVFCommon.usf" 2171
"../../../Engine/Plugins/FX/Niagara/Shaders/Private/NiagaraVFParticleAccess.usf" 2172
"../../../Engine/Plugins/FX/Niagara/Shaders/Private/NiagaraParticleAccess.ush" 2173
"../../../Engine/Plugins/FX/Niagara/Shaders/Private/NiagaraRibbonVertexFactory.ush" 2174
"../../../Engine/Plugins/FX/Niagara/Shaders/Private/NiagaraMeshVertexFactory.ush" 2175
"../../../Engine/Plugins/FX/Niagara/Shaders/Private/NiagaraCommon.ush" 2176
"../../../Engine/Plugins/FX/Niagara/Shaders/Private/NiagaraMeshParticleUtils.ush" 2177
"../../../Engine/Shaders/Private/VectorFieldVisualizationVertexFactory.ush" 2178
"../../../Engine/Shaders/Private/Nanite/NaniteVertexFactory.ush" 2179
"../../../Engine/Shaders/Private/LightmapData.ush" 2180
"../../../Engine/Shaders/Private/SplineMeshCommon.ush" 2181
"../../../Engine/Shaders/Shared/SplineMeshShaderParams.h" 2182
"../../../Engine/Shaders/Private/ShaderPrint.ush" 2183
"../../../Engine/Shaders/Private/ShaderPrintCommon.ush" 2184
"../../../Engine/Shaders/Private/MiniFontCommon.ush" 2185
"../../../Engine/Shaders/Private/SGGX.ush" 2186
"../../../Engine/Shaders/Private/MaterialCache/MaterialCacheCommon.ush" 2187
"../../../Engine/Shaders/Private/Nanite/NaniteVertexDeformation.ush" 2188
"../../../Engine/Shaders/Private/Matrices.ush" 2189
"../../../Engine/Shaders/Private/ParticleSpriteVertexFactory.ush" 2190
"../../../Engine/Shaders/Private/ParticleGPUSpriteVertexFactory.ush" 2191
"../../../Engine/Shaders/Private/ParticleSimulationCommon.ush" 2192
"../../../Engine/Shaders/Private/ParticleBeamTrailVertexFactory.ush" 2193
"../../../Engine/Shaders/Private/MeshParticleVertexFactory.ush" 2194
"../../../Engine/Shaders/Private/LocalVertexFactory.ush" 2195
"../../../Engine/Shaders/Private/GpuSkinVertexFactory.ush" 2196
"../../../Engine/Shaders/Private/GeometryCollectionVertexFactory.ush" 2197
"../../../Engine/Shaders/Private/GeometryCacheVertexFactory.ush" 2198
"../../../Engine/Shaders/Private/LandscapeVertexFactory.ush" 2199
"../../../Engine/Shaders/Private/PostProcessMaterialShaders.usf" 2200
"../../../Engine/Shaders/Private/ScreenPass.ush" 2201
"../../../Engine/Shaders/Private/VirtualTextureCommon.ush" 2202
"../../../Engine/Shaders/Private/ColorUtils.ush" 2203
"../../../Engine/Shaders/Private/NeuralPostProcessCommon.usf" 2204
"../../../Engine/Shaders/Private/MaterialTemplate.ush" 2205
"../../../Engine/Shaders/Private/WorldSpaceMath.ush" 2206
"../../../Engine/Shaders/Private/EyeAdaptationCommon.ush" 2207
"../../../Engine/Shaders/Private/SobolRandom.ush" 2208
"../../../Engine/Shaders/Private/DepthOfFieldCommon.ush" 2209
"../../../Engine/Shaders/Private/CircleDOFCommon.ush" 2210
"../../../Engine/Shaders/Private/DistanceField/GlobalDistanceFieldShared.ush" 2211
"../../../Engine/Shaders/Private/PhysicsFieldSampler.ush" 2212
"../../../Engine/Shaders/Private/PhysicsFieldShared.ush" 2213
"../../../Engine/Shaders/Private/HairShadingCommon.ush" 2214
"../../../Engine/Shaders/Private/SparseVolumeTexture/SparseVolumeTextureCommon.ush" 2215
"../../../Engine/Shaders/Shared/EnvironmentComponentsFlags.h" 2216
"../../../Engine/Shaders/Private/MeshPaintTextureCommon.ush" 2217
"../../../Engine/Shaders/Private/VirtualTextureMaterial.ush" 2218
"../../../Engine/Shaders/Private/MaterialCache/MaterialCacheMaterialCommon.ush" 2219
"../../../Engine/Shaders/Private/Quantization.ush" 2220
"../../../Engine/Shaders/Private/SpeedTreeCommon.ush" 2221
"../../../Engine/Shaders/Public/IndirectVirtualTextureCommon.ush" 2222
"../../../Engine/Shaders/Private/MaterialTexture.ush" 2223
"../../../Engine/Shaders/Private/MinMaterialTexCoords.ush" 2224
"../../../Engine/Shaders/Private/SkyAtmosphereCommon.ush" 2225
"../../../Engine/Shaders/Private/SingleLayerWaterCommon.ush" 2226
"../../../Engine/Shaders/Private/TextureSampling.ush" 2227
"../../../Engine/Shaders/Private/PaniniProjection.ush" 2228
"../../../Engine/Shaders/Private/DBufferNormalReprojection.ush" 2229
"../../../Engine/Shaders/Public/SubstratePublic.ush" 2230
"../../../Engine/Shaders/Private/Substrate/SubstrateRead.ush" 2231
"../../../Engine/Shaders/Private/Substrate/SubstrateTree.ush" 2232
"../../../Engine/Shaders/Private/Substrate/SubstrateEvaluation.ush" 2233
"../../../Engine/Shaders/Private/Substrate/Glint/GlintThirdParty.ush" 2234
"../../../Engine/Shaders/Private/BlueNoise.ush" 2235
"../../../Engine/Shaders/Private/SHCommon.ush" 2236
"../../../Engine/Shaders/Private/ShadingModels.ush" 2237
"../../../Engine/Shaders/Private/CapsuleLight.ush" 2238
"../../../Engine/Shaders/Private/RectLight.ush" 2239
"../../../Engine/Shaders/Private/LightData.ush" 2240
"../../../Engine/Shaders/Shared/LightDefinitions.h" 2241
"../../../Engine/Shaders/Private/AreaLightCommon.ush" 2242
"../../../Engine/Shaders/Private/HairBsdf.ush" 2243
"../../../Engine/Shaders/Private/PathTracing/Utilities/PathTracingRandomSequence.ush" 2244
"../../../Engine/Shaders/Private/MobileGGX.ush" 2245
"../../../Engine/Shaders/Private/ShadingModelsSampling.ush" 2246
"../../../Engine/Shaders/Private/HairStrands/HairBsdfSample.ush" 2247
"../../../Engine/Shaders/Private/HairStrands/HairStrandsCommon.ush" 2248
"../../../Engine/Shaders/Private/HairStrands/HairStrandsDeepTransmittanceCommon.ush" 2249
"../../../Engine/Shaders/Private/HairStrands/HairStrandsDeepTransmittanceDualScattering.ush" 2250
"../../../Engine/Shaders/Private/HairStrands/HairStrandsEnvironmentLightingCommon.ush" 2251
"../../../Engine/Shaders/Private/Substrate/SubstrateLegacyConversion.ush" 2252
"../../../Engine/Shaders/Private/DBufferDecalShared.ush" 2253
"../../../Engine/Plugins/Runtime/AR/AppleAR/AppleARKit/Shaders/Private/ColorSpaceConversion.usf" 2254
"../../../Engine/Shaders/Private/DisplayMappingPixelShader.usf" 2255
"../../../Engine/Shaders/Private/TonemapCommon.ush" 2256
"../../../Engine/Shaders/Private/ACES/ACESCommon.ush" 2257
"../../../Engine/Shaders/Private/ACES/ACESOutputTransform.ush" 2258
"../../../Engine/Shaders/Private/ACES/ACESUtilities.ush" 2259
"../../../Engine/Shaders/Private/ACES/ACESTonescale.ush" 2260
"../../../Engine/Shaders/Private/ACES/ACESDisplayEncoding.ush" 2261
"../../../Engine/Shaders/Private/ACES/ACES_v1.3.ush" 2262
"../../../Engine/Plugins/NNE/NNEDenoiser/Shaders/NNEDenoiserShadersTransferFunctionOidn.usf" 2263
"../../../Engine/Plugins/NNE/NNEDenoiser/Shaders/NNEDenoiserShadersMappedCopy.usf" 2264
"../../../Engine/Plugins/NNE/NNEDenoiser/Shaders/NNEDenoiserShadersDefaultIOProcess.usf" 2265
"../../../Engine/Plugins/NNE/NNEDenoiser/Shaders/NNEDenoiserShadersAutoExposureReduceFinal.usf" 2266
"../../../Engine/Plugins/NNE/NNEDenoiser/Shaders/NNEDenoiserShadersAutoExposureReduce.usf" 2267
"../../../Engine/Plugins/NNE/NNEDenoiser/Shaders/NNEDenoiserShadersAutoExposureDownsample.usf" 2268
"../../../Engine/Plugins/Enterprise/GLTFExporter/Shaders/Private/SimpleTexture2DPS.usf" 2269
"../../../Engine/Shaders/Private/SimpleElementNormalMapPixelShader.usf" 2270
"../../../Engine/Plugins/Runtime/HairStrands/Shaders/Private/NiagaraCopyVelocityGrid.usf" 2271
"../../../Engine/Plugins/Runtime/HairStrands/Shaders/Private/NiagaraClearVelocityGrid.usf" 2272
"../../../Engine/Plugins/Runtime/HairStrands/Shaders/Private/NiagaraClearPressureGrid.usf" 2273
"../../../Engine/Plugins/Runtime/HairStrands/Shaders/Private/NiagaraInterpolateGroomGuides.usf" 2274
"../../../Engine/Plugins/Runtime/HairStrands/Shaders/Private/NiagaraGroomInterpolationUtils.ush" 2275
"../../../Engine/Plugins/FX/Niagara/Shaders/Private/NiagaraQuaternionUtils.ush" 2276
"../../../Engine/Shaders/Private/HairStrands/HairStrandsMesh.usf" 2277
"../../../Engine/Shaders/Private/HairStrands/HairStrandsBindingCommon.ush" 2278
"../../../Engine/Shaders/Private/HairStrands/HairStrandsFollicleMask.usf" 2279
"../../../Engine/Shaders/Private/HairStrands/HairStrandsSkinUpdate.usf" 2280
"../../../Engine/Shaders/Private/HairStrands/HairStrandsClusterCulling.usf" 2281
"../../../Engine/Shaders/Private/ColorMap.ush" 2282
"../../../Engine/Shaders/Private/HairStrands/HairStrandsAABBCommon.ush" 2283
"../../../Engine/Shaders/Private/HairStrands/HairStrandsClusterCommon.ush" 2284
"../../../Engine/Shaders/Private/ThreadGroupPrefixSum.ush" 2285
"../../../Engine/Shaders/Private/HairStrands/HairStrandsRaytracingGeometry.usf" 2286
"../../../Engine/Shaders/Private/HairStrands/HairStrandsTangent.usf" 2287
"../../../Engine/Shaders/Private/HairStrands/HairCardsDeformation.usf" 2288
"../../../Engine/Shaders/Private/HairStrands/HairStrandsInterpolation.usf" 2289
"../../../Engine/Shaders/Private/HairStrands/HairStrandsGuideDeform.usf" 2290
"../../../Engine/Shaders/Private/HairStrands/HairStrandsTexturesGeneration.usf" 2291
"../../../Engine/Shaders/Private/HairStrands/HairCardsTextureCommon.ush" 2292
"../../../Engine/Shaders/Private/HairStrands/HairStrandsTranscode.usf" 2293
"../../../Engine/Shaders/Private/HairStrands/HairStrandsDebug.usf" 2294
"../../../Engine/Shaders/Private/PostProcessCommon.ush" 2295
"../../../Engine/Shaders/Private/HairStrands/HairStrandsDeepShadowCommon.ush" 2296
"../../../Engine/Shaders/Private/HairStrands/HairStrandsDebugCommonStruct.ush" 2297
"../../../Engine/Plugins/FX/Niagara/Shaders/Private/NiagaraVertexFactoryExport.usf" 2298
"../../../Engine/Shaders/Private/ComputeShaderUtils.ush" 2299
"../../../Engine/Plugins/FX/Niagara/Shaders/Private/NiagaraSortKeyGen.usf" 2300
"../../../Engine/Plugins/FX/Niagara/Shaders/Private/NiagaraGPURayTracingTransforms.usf" 2301
"../../../Engine/Plugins/FX/Niagara/Shaders/Private/NiagaraDrawIndirectArgsGen.usf" 2302
"../../../Engine/Plugins/FX/Niagara/Shaders/Private/NiagaraDispatchIndirectArgsGen.usf" 2303
"../../../Engine/Plugins/FX/Niagara/Shaders/Private/Stateless/NiagaraStatelessSimulationDefault.usf" 2304
"../../../Engine/Plugins/FX/Niagara/Shaders/Private/Stateless/NiagaraStatelessCommon.ush" 2305
"../../../Engine/Plugins/FX/Niagara/Shaders/Shared/NiagaraStatelessDefinitions.h" 2306
"../../../Engine/Plugins/FX/Niagara/Shaders/Shared/NiagaraStatelessBuiltDistribution.h" 2307
"../../../Engine/Plugins/FX/Niagara/Shaders/Private/Stateless/NiagaraStatelessDistribution.ush" 2308
"../../../Engine/Plugins/FX/Niagara/Shaders/Private/Stateless/Template/GenerateCS_PreModules.ush" 2309
"../../../Engine/Plugins/FX/Niagara/Shaders/Private/Stateless/Modules/NiagaraStatelessModule_CalculateAccurateVelocity.ush" 2310
"../../../Engine/Plugins/FX/Niagara/Shaders/Private/Stateless/Modules/NiagaraStatelessModule_CameraOffset.ush" 2311
"../../../Engine/Plugins/FX/Niagara/Shaders/Private/Stateless/Modules/NiagaraStatelessModule_DynamicMaterialParameters.ush" 2312
"../../../Engine/Plugins/FX/Niagara/Shaders/Private/Stateless/Modules/NiagaraStatelessModule_InitializeParticle.ush" 2313
"../../../Engine/Plugins/FX/Niagara/Shaders/Private/Stateless/Modules/NiagaraStatelessModule_InitialMeshOrientation.ush" 2314
"../../../Engine/Plugins/FX/Niagara/Shaders/Private/Stateless/Modules/NiagaraStatelessModule_MeshIndex.ush" 2315
"../../../Engine/Plugins/FX/Niagara/Shaders/Private/Stateless/Modules/NiagaraStatelessModule_MeshRotationRate.ush" 2316
"../../../Engine/Plugins/FX/Niagara/Shaders/Private/Stateless/Modules/NiagaraStatelessModule_RotateAroundPoint.ush" 2317
"../../../Engine/Plugins/FX/Niagara/Shaders/Private/Stateless/Modules/NiagaraStatelessModule_ShapeLocation.ush" 2318
"../../../Engine/Plugins/FX/Niagara/Shaders/Private/Stateless/Modules/NiagaraStatelessModule_ScaleColor.ush" 2319
"../../../Engine/Plugins/FX/Niagara/Shaders/Private/Stateless/Modules/NiagaraStatelessModule_ScaleRibbonWidth.ush" 2320
"../../../Engine/Plugins/FX/Niagara/Shaders/Private/Stateless/Modules/NiagaraStatelessModule_ScaleSpriteSize.ush" 2321
"../../../Engine/Plugins/FX/Niagara/Shaders/Private/Stateless/Modules/NiagaraStatelessModule_ScaleSpriteSizeBySpeed.ush" 2322
"../../../Engine/Plugins/FX/Niagara/Shaders/Private/Stateless/Modules/NiagaraStatelessModule_ScaleMeshSize.ush" 2323
"../../../Engine/Plugins/FX/Niagara/Shaders/Private/Stateless/Modules/NiagaraStatelessModule_ScaleMeshSizebySpeed.ush" 2324
"../../../Engine/Plugins/FX/Niagara/Shaders/Private/Stateless/Modules/NiagaraStatelessModule_SolveVelocitiesAndForces.ush" 2325
"../../../Engine/Plugins/FX/Niagara/Shaders/Private/Stateless/Modules/NiagaraStatelessModule_SpriteFacingAndAlignment.ush" 2326
"../../../Engine/Plugins/FX/Niagara/Shaders/Private/Stateless/Modules/NiagaraStatelessModule_SpriteRotationRate.ush" 2327
"../../../Engine/Plugins/FX/Niagara/Shaders/Private/Stateless/Modules/NiagaraStatelessModule_SubUVAnimation.ush" 2328
"../../../Engine/Plugins/FX/Niagara/Shaders/Private/Stateless/Template/GenerateCS_PostModules.ush" 2329
"../../../Engine/Plugins/FX/Niagara/Shaders/Private/NiagaraBlendSVTsToDenseBuffer.usf" 2330
"../../../Engine/Plugins/FX/Niagara/Shaders/Private/NiagaraSVTToDenseBuffer.usf" 2331
"../../../Engine/Plugins/FX/Niagara/Shaders/Private/NiagaraFillIntBuffer.usf" 2332
"../../../Engine/Plugins/FX/Niagara/Shaders/Private/NiagaraComputeFreeIDs.usf" 2333
"../../../Engine/Plugins/FX/Niagara/Shaders/Private/NiagaraInitFreeIDBuffer.usf" 2334
"../../../Engine/Plugins/FX/Niagara/Shaders/Private/NiagaraEmitterInstanceShader.usf" 2335
"../../../Engine/Plugins/FX/Niagara/Shaders/Private/NiagaraShaderVersion.ush" 2336
"../../../Engine/Plugins/FX/Niagara/Shaders/Private/NiagaraPhysicsCommon.ush" 2337
"../../../Engine/Plugins/FX/Niagara/Shaders/Private/Ribbons/NiagaraRibbonAggregationApply.usf" 2338
"../../../Engine/Plugins/FX/Niagara/Shaders/Private/Ribbons/NiagaraRibbonCommon.ush" 2339
"../../../Engine/Plugins/FX/Niagara/Shaders/Shared/NiagaraRibbonShared.h" 2340
"../../../Engine/Plugins/FX/Niagara/Shaders/Private/Ribbons/NiagaraRibbonAggregationStep.usf" 2341
"../../../Engine/Plugins/FX/Niagara/Shaders/Private/Ribbons/NiagaraRibbonGenerateIndices.usf" 2342
"../../../Engine/Plugins/FX/Niagara/Shaders/Private/Ribbons/NiagaraRibbonInitializeIndices.usf" 2343
"../../../Engine/Plugins/FX/Niagara/Shaders/Private/Ribbons/NiagaraRibbonRibbonUVParamCalculation.usf" 2344
"../../../Engine/Plugins/FX/Niagara/Shaders/Private/Ribbons/NiagaraRibbonVertexReductionFinalization.usf" 2345
"../../../Engine/Plugins/FX/Niagara/Shaders/Private/Ribbons/NiagaraRibbonVertexReductionInitialization.usf" 2346
"../../../Engine/Plugins/FX/Niagara/Shaders/Private/Ribbons/NiagaraRibbonSortParticles.usf" 2347
"../../../Engine/Plugins/FX/Niagara/Shaders/Private/NiagaraLWCHelper.usf" 2348
"../../../Engine/Plugins/FX/Niagara/Shaders/Private/NiagaraUpdateMeshGPUSceneInstances.usf" 2349
"../../../Engine/Shaders/Private/GPUScene/GPUSceneWriter.ush" 2350
"../../../Engine/Plugins/FX/Niagara/Shaders/Private/NiagaraGenerateMips.usf" 2351
"../../../Engine/Plugins/FX/Niagara/Shaders/Private/NiagaraDebugDraw.usf" 2352
"../../../Engine/Plugins/FX/Niagara/Shaders/Private/NiagaraDebugDraw.ush" 2353
"../../../Engine/Plugins/FX/Niagara/Shaders/Private/NiagaraVisualizeTexture.usf" 2354
"../../../Engine/Plugins/FX/Niagara/Shaders/Private/NiagaraClearCounts.usf" 2355
"../../../Engine/Plugins/FX/Niagara/Shaders/Private/NiagaraBatchedElements.usf" 2356
"../../../Engine/Plugins/FX/Niagara/Shaders/Private/NiagaraRayTracingShaders.usf" 2357
"../../../Engine/Plugins/FX/Niagara/Shaders/Private/NiagaraAsyncGpuTraceCommon.ush" 2358
"../../../Engine/Shaders/Private/HashTable.ush" 2359
"../../../Engine/Shaders/Private/Hash.ush" 2360
"../../../Engine/Shaders/Private/RayTracing/VFXTraceRay.ush" 2361
"../../../Engine/Plugins/FX/Niagara/Shaders/Private/NiagaraRayMarchingShaders.usf" 2362
"../../../Engine/Plugins/FX/Niagara/Shaders/Private/NiagaraRayTraceCollisionGroupShaders.usf" 2363
"../../../Engine/Plugins/FX/Niagara/Shaders/Private/NiagaraAsyncGpuTraceUtils.usf" 2364
"../../../Engine/Plugins/Runtime/ComputeFramework/Shaders/Private/ComputeKernel.usf" 2365
"../../../Engine/Plugins/Runtime/ComputeFramework/Shaders/Private/ComputeKernelCommon.ush" 2366
"../../../Engine/Plugins/VirtualProduction/CameraCalibrationCore/Shaders/Private/SphericalDistortion.usf" 2367
"../../../Engine/Plugins/VirtualProduction/CameraCalibrationCore/Shaders/Private/CrosshairOverlay.usf" 2368
"../../../Engine/Plugins/VirtualProduction/CameraCalibrationCore/Shaders/Private/DisplacementMapBlending.usf" 2369
"../../../Engine/Plugins/VirtualProduction/CameraCalibrationCore/Shaders/Private/RecenterSTDisplacementMaps.usf" 2370
"../../../Engine/Plugins/VirtualProduction/CameraCalibrationCore/Shaders/Private/FillSTDisplacementMap.usf" 2371
"../../../Engine/Plugins/VirtualProduction/CameraCalibrationCore/Shaders/Private/InvertDisplacementMap.usf" 2372
"../../../Engine/Plugins/VirtualProduction/CameraCalibrationCore/Shaders/Private/CropDisplacementMap.usf" 2373
"../../../Engine/Plugins/VirtualProduction/CameraCalibrationCore/Shaders/Private/BlendDisplacementMaps.usf" 2374
"../../../Engine/Plugins/VirtualProduction/CameraCalibrationCore/Shaders/Private/UndistortImagePoints.usf" 2375
"../../../Engine/Plugins/VirtualProduction/CameraCalibrationCore/Shaders/Private/DistortionSTMapProcessor.usf" 2376
"../../../Engine/Plugins/VirtualProduction/CameraCalibrationCore/Shaders/Private/BrownConradyUDDistortion.usf" 2377
"../../../Engine/Plugins/VirtualProduction/CameraCalibrationCore/Shaders/Private/AnamorphicDistortion.usf" 2378
"../../../Engine/Plugins/Media/ImgMedia/Shaders/Private/ExrSwizzler.usf" 2379
"../../../Engine/Plugins/Media/WmfMedia/Shaders/Private/MediaHardwareVideoDecoding.usf" 2380
"../../../Engine/Plugins/Media/MediaIOFramework/Shaders/MediaIO.usf" 2381
"../../../Engine/Plugins/Experimental/NFORDenoise/Shaders/NFORDenoise.usf" 2382
"../../../Engine/Plugins/Experimental/NFORDenoise/Shaders/NFORRegressionCommon.ush" 2383
"../../../Engine/Plugins/Experimental/NFORDenoise/Shaders/NFORRegression.ush" 2384
"../../../Engine/Plugins/Compositing/OpenColorIO/Shaders/Private/OpenColorIOInvalidShader.usf" 2385
"../../../Engine/Plugins/Compositing/OpenColorIO/Shaders/Private/OpenColorIOShader.usf" 2386
"../../../Engine/Plugins/Compositing/CompositeCore/Shaders/Private/CompositeCoreMerge.usf" 2387
"../../../Engine/Shaders/Private/LensDistortion.ush" 2388
"../../../Engine/Plugins/Compositing/CompositeCore/Shaders/Private/CompositeCoreBlending.ush" 2389
"../../../Engine/Plugins/Compositing/CompositeCore/Shaders/Private/CompositeCoreDisplayTransform.usf" 2390
"../../../Engine/Plugins/Compositing/CompositeCore/Shaders/Private/CompositeCoreDilate.usf" 2391
"../../../Engine/Shaders/Private/VirtualTextureAdapter.usf" 2392
"../../../Engine/Shaders/Private/BlockCompressionCommon.ush" 2393
"../../../Engine/Shaders/Private/BCCompressionCommon.ush" 2394
"../../../Engine/Shaders/Private/TranslucentLightingShaders.usf" 2395
"../../../Engine/Shaders/Private/TranslucencyVolumeInjectionCommon.ush" 2396
"../../../Engine/Shaders/Private/CubemapCommon.ush" 2397
"../../../Engine/Shaders/Private/VectorFieldCompositeShaders.usf" 2398
"../../../Engine/Shaders/Private/UpdateTextureShaders.usf" 2399
"../../../Engine/Shaders/Private/StereoLayerShader.usf" 2400
"../../../Engine/Shaders/Private/SparseVolumeTexture/UpdateSparseVolumeTexture.usf" 2401
"../../../Engine/Shaders/Private/MorphTargets.usf" 2402
"../../../Engine/Shaders/Private/SimpleElementColorChannelMaskPixelShader.usf" 2403
"../../../Engine/Shaders/Private/SimpleElementHitProxyPixelShader.usf" 2404
"../../../Engine/Shaders/Private/SimpleElementPixelShader.usf" 2405
"../../../Engine/Shaders/Private/IESLightProfilesCommon.ush" 2406
"../../../Engine/Shaders/Private/SimpleElementVertexShader.usf" 2407
"../../../Engine/Shaders/Private/ScreenPixelShaderOES.usf" 2408
"../../../Engine/Shaders/Private/ScreenVertexShader.usf" 2409
"../../../Engine/Shaders/Private/ScreenPixelShader.usf" 2410
"../../../Engine/Shaders/Private/SSProfilePreIntegratedMobile.usf" 2411
"../../../Engine/Shaders/Private/SpecularProfile.usf" 2412
"../../../Engine/Shaders/Private/Nanite/NaniteStreaming.usf" 2413
"../../../Engine/Shaders/Private/Nanite/NaniteStreaming.ush" 2414
"../../../Engine/Shaders/Private/VolumetricLightmapStreaming.usf" 2415
"../../../Engine/Shaders/Private/PhysicsFieldReset.usf" 2416
"../../../Engine/Shaders/Private/PhysicsFieldBuilder.usf" 2417
"../../../Engine/Shaders/Private/PhysicsFieldEval.ush" 2418
"../../../Engine/Shaders/Private/ParticleSortKeyGen.usf" 2419
"../../../Engine/Shaders/Private/ParticleBoundsShader.usf" 2420
"../../../Engine/Shaders/Private/ParticleSimVisualizeShader.usf" 2421
"../../../Engine/Shaders/Private/ParticleInjectionShader.usf" 2422
"../../../Engine/Shaders/Private/ParticleSimulationShader.usf" 2423
"../../../Engine/Shaders/Private/ParticleCurveInjectionShader.usf" 2424
"../../../Engine/Shaders/Private/Nanite/NaniteTranscode.usf" 2425
"../../../Engine/Shaders/Private/Nanite/NaniteScatterUpdates.usf" 2426
"../../../Engine/Shaders/Private/CopyUIntBuffer.usf" 2427
"../../../Engine/Shaders/Private/RadixSortShaders.usf" 2428
"../../../Engine/Shaders/Private/RecomputeTangentsPerVertexPass.usf" 2429
"../../../Engine/Shaders/Private/RecomputeTangentsCommon.ush" 2430
"../../../Engine/Shaders/Private/RecomputeTangentsPerTrianglePass.usf" 2431
"../../../Engine/Shaders/Private/DynamicMeshBounds.usf" 2432
"../../../Engine/Shaders/Private/GpuSkinCacheComputeShader.usf" 2433
"../../../Engine/Shaders/Private/DynamicMeshBounds.ush" 2434
"../../../Engine/Shaders/Private/HeightFieldAtlasManagement.usf" 2435
"../../../Engine/Shaders/Private/Landscape/LandscapeEditLayersUtils.usf" 2436
"../../../Engine/Shaders/Private/Landscape/LandscapeCommon.ush" 2437
"../../../Engine/Shaders/Private/Landscape/LandscapeEditLayersWeightmaps.usf" 2438
"../../../Engine/Shaders/Private/Landscape/LandscapeEditLayersHeightmaps.usf" 2439
"../../../Engine/Shaders/Private/LandscapeLayersPS.usf" 2440
"../../../Engine/Shaders/Private/LandscapePhysicalMaterial.usf" 2441
"../../../Engine/Shaders/Private/LandscapeGrassWeight.usf" 2442
"../../../Engine/Shaders/Private/Landscape/LandscapeCulling.usf" 2443
"../../../Engine/Shaders/Private/Nanite/NaniteHZBCull.ush" 2444
"../../../Engine/Shaders/Private/HZB.ush" 2445
"../../../Engine/Shaders/Private/Landscape/LandscapeMergeTexturesPS.usf" 2446
"../../../Engine/Shaders/Private/WideCustomResolveShaders.usf" 2447
"../../../Engine/Shaders/Private/WideCustomResolve_Wide.ush" 2448
"../../../Engine/Shaders/Private/WideCustomResolve_Wider.ush" 2449
"../../../Engine/Shaders/Private/WideCustomResolve_Widest.ush" 2450
"../../../Engine/Shaders/Private/WaterInfoTextureBlur.usf" 2451
"../../../Engine/Shaders/Private/WaterInfoTextureMerge.usf" 2452
"../../../Engine/Shaders/Private/PageTableUpdate.usf" 2453
"../../../Engine/Shaders/Private/VirtualTextureCompress.usf" 2454
"../../../Engine/Shaders/Private/ASTCCompressionCommon.ush" 2455
"../../../Engine/Shaders/Private/IntegerSequenceEncoding.ush" 2456
"../../../Engine/Shaders/Private/ETCCompressionCommon.ush" 2457
"../../../Engine/Shaders/Private/VirtualTextureMaterial.usf" 2458
"../../../Engine/Shaders/Private/PixelShaderOutputCommon.ush" 2459
"../../../Engine/Shaders/Private/ShaderOutputCommon.ush" 2460
"../../../Engine/Shaders/Private/VolumetricRenderTarget.usf" 2461
"../../../Engine/Shaders/Private/HeightFogCommon.ush" 2462
"../../../Engine/Shaders/Private/LocalFogVolumes/LocalFogVolumeCommon.ush" 2463
"../../../Engine/Shaders/Private/ReflectionEnvironmentShared.ush" 2464
"../../../Engine/Shaders/Private/VolumetricFogVoxelization.usf" 2465
"../../../Engine/Shaders/Private/VolumetricCloudMaterialPixelCommon.ush" 2466
"../../../Engine/Shaders/Private/VolumetricFogLightFunction.usf" 2467
"../../../Engine/Shaders/Private/LightFunctionCommon.ush" 2468
"../../../Engine/Shaders/Private/VolumetricFog.usf" 2469
"../../../Engine/Shaders/Private/DeferredLightingCommon.ush" 2470
"../../../Engine/Shaders/Private/DynamicLightingCommon.ush" 2471
"../../../Engine/Shaders/Private/CapsuleLightIntegrate.ush" 2472
"../../../Engine/Shaders/Private/CapsuleLightSampling.ush" 2473
"../../../Engine/Shaders/Private/RectLightIntegrate.ush" 2474
"../../../Engine/Shaders/Private/ScreenSpaceShadowRayCast.ush" 2475
"../../../Engine/Shaders/Private/LightFunctionAtlas/LightFunctionAtlasCommon.usf" 2476
"../../../Engine/Shaders/Private/LightGridCommon.ush" 2477
"../../../Engine/Shaders/Private/DistanceFieldAOShared.ush" 2478
"../../../Engine/Shaders/Private/IntersectionUtils.ush" 2479
"../../../Engine/Shaders/Private/VolumeLightingCommon.ush" 2480
"../../../Engine/Shaders/Private/ShadowProjectionCommon.ush" 2481
"../../../Engine/Shaders/Private/ShadowFilteringCommon.ush" 2482
"../../../Engine/Shaders/Private/PixelQuadMessagePassing.ush" 2483
"../../../Engine/Shaders/Private/VolumeLightingCommonSampling.ush" 2484
"../../../Engine/Shaders/Private/VolumetricLightmapShared.ush" 2485
"../../../Engine/Shaders/Private/ForwardShadowingCommon.ush" 2486
"../../../Engine/Shaders/Private/LightDataUniforms.ush" 2487
"../../../Engine/Shaders/Private/Lumen/LumenTranslucencyVolumeShared.ush" 2488
"../../../Engine/Shaders/Private/Lumen/LumenRadianceCacheInterpolation.ush" 2489
"../../../Engine/Shaders/Private/VirtualShadowMaps/VirtualShadowMapProjectionCommon.ush" 2490
"../../../Engine/Shaders/Private/VirtualShadowMaps/VirtualShadowMapPageAccessCommon.ush" 2491
"../../../Engine/Shaders/Shared/VirtualShadowMapDefinitions.h" 2492
"../../../Engine/Shaders/Shared/HLSLMathAliases.h" 2493
"../../../Engine/Shaders/Private/VirtualShadowMaps/VirtualShadowMapHandle.ush" 2494
"../../../Engine/Shaders/Private/VirtualShadowMaps/VirtualShadowMapProjectionStructs.ush" 2495
"../../../Engine/Shaders/Private/DiaphragmDOF/DOFCommon.ush" 2496
"../../../Engine/Shaders/Private/VolumetricCloudCommon.ush" 2497
"../../../Engine/Shaders/Private/VolumetricCloud.usf" 2498
"../../../Engine/Shaders/Private/VisualizeVolumetricLightmap.usf" 2499
"../../../Engine/Shaders/Private/VirtualShadowMaps/VirtualShadowMapProjectionComposite.usf" 2500
"../../../Engine/Shaders/Private/LightShaderParameters.ush" 2501
"../../../Engine/Shaders/Private/VirtualShadowMaps/VirtualShadowMapMaskBitsCommon.ush" 2502
"../../../Engine/Shaders/Private/VirtualShadowMaps/VirtualShadowMapLightGrid.ush" 2503
"../../../Engine/Shaders/Private/VirtualShadowMaps/VirtualShadowMapProjection.usf" 2504
"../../../Engine/Shaders/Private/Visualization.ush" 2505
"../../../Engine/Shaders/Private/VirtualShadowMaps/VirtualShadowMapProjectionFilter.ush" 2506
"../../../Engine/Shaders/Private/VirtualShadowMaps/VirtualShadowMapProjectionDirectional.ush" 2507
"../../../Engine/Shaders/Private/VirtualShadowMaps/VirtualShadowMapSMRTCommon.ush" 2508
"../../../Engine/Shaders/Private/VirtualShadowMaps/VirtualShadowMapSMRTTemplate.ush" 2509
"../../../Engine/Shaders/Private/VirtualShadowMaps/VirtualShadowMapProjectionSpot.ush" 2510
"../../../Engine/Shaders/Private/VirtualShadowMaps/VirtualShadowMapTransmissionCommon.ush" 2511
"../../../Engine/Shaders/Private/VirtualShadowMaps/VirtualShadowMapScreenRayTrace.ush" 2512
"../../../Engine/Shaders/Private/VirtualShadowMaps/VirtualShadowMapStats.ush" 2513
"../../../Engine/Shaders/Private/HairStrands/HairStrandsVoxelPageCommon.ush" 2514
"../../../Engine/Shaders/Private/HairStrands/HairStrandsVoxelPageTraversal.ush" 2515
"../../../Engine/Shaders/Private/VirtualShadowMaps/VirtualShadowMapCacheGPUInvalidation.usf" 2516
"../../../Engine/Shaders/Private/VirtualShadowMaps/VirtualShadowMapPageCacheCommon.ush" 2517
"../../../Engine/Shaders/Private/VirtualShadowMaps/VirtualShadowMapCacheInvalidation.ush" 2518
"../../../Engine/Shaders/Private/VirtualShadowMaps/VirtualShadowMapPageOverlap.ush" 2519
"../../../Engine/Shaders/Private/ScreenSpaceDenoise/SSDDefinitions.ush" 2520
"../../../Engine/Shaders/Private/InstanceCulling/InstanceCullingLoadBalancer.ush" 2521
"../../../Engine/Shaders/Private/VirtualShadowMaps/VirtualShadowMapCacheLoadBalancer.usf" 2522
"../../../Engine/Shaders/Private/VirtualShadowMaps/VirtualShadowMapCopyStats.usf" 2523
"../../../Engine/Shaders/Private/VirtualShadowMaps/VirtualShadowMapShadowCasterBounds.usf" 2524
"../../../Engine/Shaders/Private/VirtualShadowMaps/VirtualShadowMapVisualize.ush" 2525
"../../../Engine/Shaders/Private/VirtualShadowMaps/VirtualShadowMapShadowCasterColor.usf" 2526
"../../../Engine/Shaders/Private/VirtualShadowMaps/VirtualShadowMapDebug.usf" 2527
"../../../Engine/Shaders/Private/VirtualShadowMaps/Desaturate.usf" 2528
"../../../Engine/Shaders/Private/VirtualShadowMaps/VirtualShadowMapPhysicalPageManagement.usf" 2529
"../../../Engine/Shaders/Private/ReductionCommon.ush" 2530
"../../../Engine/Shaders/Private/GPUMessaging.ush" 2531
"../../../Engine/Shaders/Private/VirtualShadowMaps/VirtualShadowMapPerPageDispatch.ush" 2532
"../../../Engine/Shaders/Private/VirtualShadowMaps/VirtualShadowMapComputeExplicitChunkDrawsViewMask.usf" 2533
"../../../Engine/Shaders/Shared/SceneCullingDefinitions.h" 2534
"../../../Engine/Shaders/Private/VirtualShadowMaps/VirtualShadowMapCompactViews.usf" 2535
"../../../Engine/Shaders/Private/VirtualShadowMaps/VirtualShadowMapBuildPerPageDrawCommands.usf" 2536
"../../../Engine/Shaders/Private/Nanite/NaniteCullingCommon.ush" 2537
"../../../Engine/Shaders/Private/Nanite/NaniteCulling.ush" 2538
"../../../Engine/Shaders/Private/Nanite/NaniteHierarchyTraversalCommon.ush" 2539
"../../../Engine/Shaders/Private/InstanceCulling/InstanceCullingCommon.ush" 2540
"../../../Engine/Shaders/Shared/InstanceCullingDefinitions.h" 2541
"../../../Engine/Shaders/Private/VirtualShadowMaps/VirtualShadowMapPrintStats.usf" 2542
"../../../Engine/Shaders/Private/VirtualShadowMaps/VirtualShadowMapPageManagement.usf" 2543
"../../../Engine/Shaders/Private/VirtualShadowMaps/VirtualShadowMapPageMarking.usf" 2544
"../../../Engine/Shaders/Private/VirtualShadowMaps/VirtualShadowMapPageMarking.ush" 2545
"../../../Engine/Shaders/Shared/SingleLayerWaterDefinitions.h" 2546
"../../../Engine/Shaders/Private/HairStrands/HairStrandsTileCommon.ush" 2547
"../../../Engine/Shaders/Private/Froxel/Froxel.ush" 2548
"../../../Engine/Shaders/Shared/FroxelDefinitions.h" 2549
"../../../Engine/Shaders/Private/VirtualShadowMaps/VirtualShadowMapThrottle.usf" 2550
"../../../Engine/Shaders/Private/VelocityUpdate.usf" 2551
"../../../Engine/Shaders/Private/VelocityCommon.ush" 2552
"../../../Engine/Shaders/Private/VelocityShader.usf" 2553
"../../../Engine/Shaders/Private/VariableRateShading/VRSShadingRatePreview.usf" 2554
"../../../Engine/Shaders/Private/VariableRateShading/VRSShadingRateCommon.ush" 2555
"../../../Engine/Shaders/Private/VariableRateShading/VRSShadingRateCombine.usf" 2556
"../../../Engine/Shaders/Private/VariableRateShading/VRSShadingRateFoveated.usf" 2557
"../../../Engine/Shaders/Private/VariableRateShading/VRSShadingRateReproject.usf" 2558
"../../../Engine/Shaders/Private/VariableRateShading/VRSShadingRateCalculate.usf" 2559
"../../../Engine/Shaders/Private/TranslucencyUpsampling.usf" 2560
"../../../Engine/Shaders/Private/ComposeSeparateTranslucency.usf" 2561
"../../../Engine/Shaders/Private/SeparateTranslucency.ush" 2562
"../../../Engine/Shaders/Private/TranslucencyVolumeVisualize.usf" 2563
"../../../Engine/Shaders/Private/TranslucencyVolumeCommon.ush" 2564
"../../../Engine/Shaders/Private/TranslucentLightInjectionShaders.usf" 2565
"../../../Engine/Shaders/Private/HeterogeneousVolumes/HeterogeneousVolumesAdaptiveVolumetricShadowMapSampling.ush" 2566
"../../../Engine/Shaders/Private/HeterogeneousVolumes/HeterogeneousVolumesAdaptiveVolumetricShadowMapUtils.ush" 2567
"../../../Engine/Shaders/Private/HeterogeneousVolumes/HeterogeneousVolumesBeerShadowMapUtils.ush" 2568
"../../../Engine/Shaders/Private/TranslucentShadowDepthShaders.usf" 2569
"../../../Engine/Shaders/Private/ShadowDepthCommon.ush" 2570
"../../../Engine/Shaders/Private/RayTracing/RayTracingTest.usf" 2571
"../../../Engine/Shaders/Private/PostprocessSubsurfaceTile.usf" 2572
"../../../Engine/Shaders/Private/PostProcessSubsurfaceCommon.ush" 2573
"../../../Engine/Shaders/Private/Substrate/SubstrateVisualize.usf" 2574
"../../../Engine/Shaders/Private/Substrate/SubstrateTile.ush" 2575
"../../../Engine/Shaders/Shared/SubstrateVisualizeDefinitions.h" 2576
"../../../Engine/Shaders/Private/Substrate/SubstrateVisualizeCommon.ush" 2577
"../../../Engine/Shaders/Private/SkyLightingDiffuseShared.ush" 2578
"../../../Engine/Shaders/Private/SkyLightingShared.ush" 2579
"../../../Engine/Shaders/Private/ClearCoatCommon.ush" 2580
"../../../Engine/Shaders/Private/ReflectionEnvironmentComposite.ush" 2581
"../../../Engine/Shaders/Private/Substrate/SubstrateLightingCommon.ush" 2582
"../../../Engine/Shaders/Private/Substrate/SubstrateRoughRefraction.usf" 2583
"../../../Engine/Shaders/Private/PathTracing/Material/PathTracingFresnel.ush" 2584
"../../../Engine/Shaders/Private/PathTracing/Material/PathTracingGlossy.ush" 2585
"../../../Engine/Shaders/Private/Substrate/SubstrateMaterialSampling.usf" 2586
"../../../Engine/Shaders/Private/Substrate/SubstrateMaterialSampling.ush" 2587
"../../../Engine/Shaders/Private/Lumen/LumenPosition.ush" 2588
"../../../Engine/Shaders/Private/Substrate/SubstrateTile.usf" 2589
"../../../Engine/Shaders/Private/Substrate/SubstrateMaterialClassification.usf" 2590
"../../../Engine/Shaders/Private/Substrate/SubstrateDBuffer.usf" 2591
"../../../Engine/Shaders/Private/StochasticLighting/StochasticLightingTileClassification.usf" 2592
"../../../Engine/Shaders/Private/Lumen/LumenMaterial.ush" 2593
"../../../Engine/Shaders/Private/HairStrands/HairStrandsVisibilityUtils.ush" 2594
"../../../Engine/Shaders/Private/Lumen/LumenReflectionCommon.ush" 2595
"../../../Engine/Shaders/Private/Lumen/LumenReflectionsCombine.ush" 2596
"../../../Engine/Shaders/Private/Lumen/LumenScreenProbeTileClassication.ush" 2597
"../../../Engine/Shaders/Private/MegaLights/MegaLightsTileClassification.ush" 2598
"../../../Engine/Shaders/Private/StochasticLighting/StochasticLightingUpsample.ush" 2599
"../../../Engine/Shaders/Private/StochasticLighting/StochasticLightingCommon.ush" 2600
"../../../Engine/Shaders/Private/SplineMeshSceneTexture.usf" 2601
"../../../Engine/Shaders/Private/SparseVolumeTexture/VisualizeSparseVolumeTexture.usf" 2602
"../../../Engine/Shaders/Private/SkyAtmosphere.usf" 2603
"../../../Engine/Shaders/Private/Nanite/NaniteSkinningUpdateViewData.usf" 2604
"../../../Engine/Shaders/Private/SceneCulling/SceneCulling.ush" 2605
"../../../Engine/Shaders/Private/Skinning/TransformProviders.usf" 2606
"../../../Engine/Shaders/Private/Skinning/SkinnedMeshDebug.usf" 2607
"../../../Engine/Shaders/Private/Skinning/AnimBankEval.usf" 2608
"../../../Engine/Shaders/Private/SingleLayerWaterComposite.usf" 2609
"../../../Engine/Shaders/Private/Froxel/FroxelBuild.ush" 2610
"../../../Engine/Shaders/Private/SingleLayerWaterRefractionCulling.usf" 2611
"../../../Engine/Shaders/Private/ScreenSpaceShadows.usf" 2612
"../../../Engine/Shaders/Private/bend_sss_gpu.ush" 2613
"../../../Engine/Shaders/Private/ShadowFactorsUpsampleCommon.ush" 2614
"../../../Engine/Shaders/Private/FirstPersonSelfShadow.usf" 2615
"../../../Engine/Shaders/Private/HZBTracing.ush" 2616
"../../../Engine/Shaders/Private/LateZDummyPS.usf" 2617
"../../../Engine/Shaders/Private/ShadowProjectionVertexShader.usf" 2618
"../../../Engine/Shaders/Private/ShadowProjectionPixelShader.usf" 2619
"../../../Engine/Shaders/Private/MobileLightingCommon.ush" 2620
"../../../Engine/Shaders/Private/PlanarReflectionShared.ush" 2621
"../../../Engine/Shaders/Private/MobileSSR.ush" 2622
"../../../Engine/Shaders/Private/SSRT/SSRTRayCast.ush" 2623
"../../../Engine/Shaders/Private/ShadowPercentageCloserFiltering.ush" 2624
"../../../Engine/Shaders/Private/TransmissionThickness.ush" 2625
"../../../Engine/Shaders/Private/CopyShadowMaps.usf" 2626
"../../../Engine/Shaders/Private/ShadowDepthPixelShader.usf" 2627
"../../../Engine/Shaders/Private/ShadowDepthVertexShader.usf" 2628
"../../../Engine/Shaders/Private/ShadingEnergyConservationTable.usf" 2629
"../../../Engine/Shaders/Shared/PathTracingDefinitions.h" 2630
"../../../Engine/Shaders/Private/ShadingFurnaceTest.usf" 2631
"../../../Engine/Shaders/Private/Substrate/SubstrateDeferredLighting.ush" 2632
"../../../Engine/Shaders/Private/ShaderPrintDraw.usf" 2633
"../../../Engine/Shaders/Private/ShaderPrintDrawPrimitive.usf" 2634
"../../../Engine/Shaders/Private/DefaultSSRTiles.usf" 2635
"../../../Engine/Shaders/Private/ScreenSpaceReflectionTileCommons.ush" 2636
"../../../Engine/Shaders/Private/SSRT/SSRTDiffuseIndirect.usf" 2637
"../../../Engine/Shaders/Private/SSRT/SSRTTileClassificationBuffer.ush" 2638
"../../../Engine/Shaders/Private/SSRT/SSRTReflections.usf" 2639
"../../../Engine/Shaders/Private/ScreenSpaceDenoise/SSDPublic.ush" 2640
"../../../Engine/Shaders/Private/SSRT/SSRTTileClassification.usf" 2641
"../../../Engine/Shaders/Private/SSRT/SSRTPrevFrameReduction.usf" 2642
"../../../Engine/Shaders/Private/ScreenSpaceDenoise/SSDComposeHarmonics.usf" 2643
"../../../Engine/Shaders/Private/ScreenSpaceDenoise/SSDPublicHarmonics.ush" 2644
"../../../Engine/Shaders/Private/ScreenSpaceDenoise/SSDSignalFramework.ush" 2645
"../../../Engine/Shaders/Private/ScreenSpaceDenoise/SSDCommon.ush" 2646
"../../../Engine/Shaders/Private/SphericalGaussian.ush" 2647
"../../../Engine/Shaders/Public/WaveBroadcastIntrinsics.ush" 2648
"../../../Engine/Shaders/Private/ScreenSpaceDenoise/SSDMetadata.ush" 2649
"../../../Engine/Shaders/Private/ScreenSpaceDenoise/SSDSignalCore.ush" 2650
"../../../Engine/Shaders/Private/ScreenSpaceDenoise/DenoisingCommon.ush" 2651
"../../../Engine/Shaders/Private/ScreenSpaceDenoise/SSDSignalArray.ush" 2652
"../../../Engine/Shaders/Private/ScreenSpaceDenoise/SSDSignalBufferEncoding.ush" 2653
"../../../Engine/Shaders/Private/ScreenSpaceDenoise/SSDPublicBufferEncoding.ush" 2654
"../../../Engine/Shaders/Private/Lumen/LumenBufferEncoding.ush" 2655
"../../../Engine/Shaders/Private/ScreenSpaceDenoise/SSDTemporalAccumulation.usf" 2656
"../../../Engine/Shaders/Private/ScreenSpaceDenoise/SSDSpatialKernel.ush" 2657
"../../../Engine/Shaders/Private/ScreenSpaceDenoise/SSDSignalAccumulatorArray.ush" 2658
"../../../Engine/Shaders/Private/ScreenSpaceDenoise/SSDSignalAccumulator.ush" 2659
"../../../Engine/Shaders/Private/ScreenSpaceDenoise/SSDSignalCompression.ush" 2660
"../../../Engine/Shaders/Private/ScreenSpaceDenoise/SSDSpatialAccumulation.usf" 2661
"../../../Engine/Shaders/Private/ScreenSpaceDenoise/SSDInjest.usf" 2662
"../../../Engine/Shaders/Private/ScreenSpaceDenoise/SSDCompressMetadata.usf" 2663
"../../../Engine/Shaders/Private/DownsampleDepthPixelShader.usf" 2664
"../../../Engine/Shaders/Private/ScreenPass.usf" 2665
"../../../Engine/Shaders/Private/HZB.usf" 2666
"../../../Engine/Shaders/Private/OcclusionFeedbackShaders.usf" 2667
"../../../Engine/Shaders/Private/HZBOcclusion.usf" 2668
"../../../Engine/Shaders/Private/OcclusionQueryPixelShader.usf" 2669
"../../../Engine/Shaders/Private/OcclusionQueryVertexShader.usf" 2670
"../../../Engine/Shaders/Private/HitProxyCopy.usf" 2671
"../../../Engine/Shaders/Private/HitProxyPixelShader.usf" 2672
"../../../Engine/Shaders/Private/HitProxyVertexShader.usf" 2673
"../../../Engine/Shaders/Private/SceneCulling/SceneCullingDebugRender.usf" 2674
"../../../Engine/Shaders/Private/SceneCulling/SceneCullingBuildExplicitBounds.usf" 2675
"../../../Engine/Shaders/Private/SceneCapturePixelShader.usf" 2676
"../../../Engine/Shaders/Private/RendererUtils.usf" 2677
"../../../Engine/Shaders/Private/RTWriteMaskDecode.usf" 2678
"../../../Engine/Shaders/Private/ReflectionEnvironmentShaders.usf" 2679
"../../../Engine/Shaders/Private/RectLightAtlas.usf" 2680
"../../../Engine/Shaders/Private/RayTracing/TraceRayInlineStatistics.usf" 2681
"../../../Engine/Shaders/Private/RayTracing/CompositeSkyLightPS.usf" 2682
"../../../Engine/Shaders/Private/RayTracing/GenerateSkyLightVisibilityRaysCS.usf" 2683
"../../../Engine/Shaders/Private/RayTracing/RayTracingSkyLightCommon.ush" 2684
"../../../Engine/Shaders/Private/RayTracing/SkyLightVisibilityRaysData.ush" 2685
"../../../Engine/Shaders/Private/Raytracing/RaytracingSkylightRGS.usf" 2686
"../../../Engine/Shaders/Private/HairStrands/HairStrandsRaytracing.ush" 2687
"../../../Engine/Shaders/Private/Raytracing/RayTracingSkyLightEvaluation.ush" 2688
"../../../Engine/Shaders/Private/Raytracing/RayTracingDeferredShadingCommon.ush" 2689
"../../../Engine/Shaders/Private/RayTracing/RayTracingOcclusionRGS.usf" 2690
"../../../Engine/Shaders/Private/RayTracing/RayTracingDirectionalLight.ush" 2691
"../../../Engine/Shaders/Private/RayTracing/RayTracingRectLight.ush" 2692
"../../../Engine/Shaders/Private/RayTracing/RayTracingSphereLight.ush" 2693
"../../../Engine/Shaders/Private/RayTracing/RayTracingCapsuleLight.ush" 2694
"../../../Engine/Shaders/Private/Raytracing/RayTracingFeedback.usf" 2695
"../../../Engine/Shaders/Shared/RayTracingDebugTypes.h" 2696
"../../../Engine/Shaders/Private/RayTracing/RayTracingPrimaryRays.usf" 2697
"../../../Engine/Shaders/Private/RayTracing/RayTracingLightingCommon.ush" 2698
"../../../Engine/Shaders/Private/RayTracing/RayTracingLightCullingCommon.ush" 2699
"../../../Engine/Shaders/Private/RayTracing/RayTracingMaterialDefaultHitShaders.usf" 2700
"../../../Engine/Shaders/Private/RayTracing/RayTracingMaterialHitShaders.usf" 2701
"../../../Engine/Shaders/Private/RayTracing/RayTracingShaderUtils.ush" 2702
"../../../Engine/Shaders/Private/RayTracing/RayTracingCalcInterpolants.ush" 2703
"../../../Engine/Shaders/Private/LightmapCommon.ush" 2704
"../../../Engine/Shaders/Private/Lumen/LumenHardwareRayTracingPayloadCommon.ush" 2705
"../../../Engine/Shaders/Shared/LumenDefinitions.h" 2706
"../../../Engine/Shaders/Private/Substrate/SubstrateExport.ush" 2707
"../../../Engine/Shaders/Private/RayTracing/RayTracingLightingMS.usf" 2708
"../../../Engine/Shaders/Private/Lumen/LumenDiffuseColorBoost.ush" 2709
"../../../Engine/Shaders/Private/RayTracing/RayTracingLightFunctionCommon.ush" 2710
"../../../Engine/Shaders/Private/RayTracing/RayTracingBuildLightGrid.usf" 2711
"../../../Engine/Shaders/Private/Raytracing/RayTracingInstanceBufferUtil.usf" 2712
"../../../Engine/Shaders/Private/RayTracing/RayTracingDynamicMesh.usf" 2713
"../../../Engine/Shaders/Private/RayTracing/RayTracingDefaultDecalHitShader.usf" 2714
"../../../Engine/Shaders/Private/RayTracing/RayTracingDecalMaterialShader.usf" 2715
"../../../Engine/Shaders/Private/PathTracing/PathTracingShaderUtils.ush" 2716
"../../../Engine/Shaders/Private/PathTracing/PathTracingCommon.ush" 2717
"../../../Engine/Shaders/Private/PathTracing/Material/PathTracingMaterialCommon.ush" 2718
"../../../Engine/Shaders/Private/PathTracing/Utilities/PathTracingRIS.ush" 2719
"../../../Engine/Shaders/Private/RayTracing/RayTracingBuildDecalGrid.usf" 2720
"../../../Engine/Shaders/Private/RayTracing/RayTracingDebugHitStatsUtils.usf" 2721
"../../../Engine/Shaders/Private/RayTracing/RayTracingDebugInstanceOverlap.usf" 2722
"../../../Engine/Shaders/Private/RayTracing/RayTracingDebugPicking.usf" 2723
"../../../Engine/Shaders/Private/RayTracing/RayTracingDebugUtils.ush" 2724
"../../../Engine/Shaders/Private/RayTracing/RayTracingDebugTraversal.usf" 2725
"../../../Engine/Shaders/Private/RayTracing/RayTracingDeferredMaterials.ush" 2726
"../../../Engine/Shaders/Shared/ThirdParty/AMD/ags_shader_intrinsics_dx12.h" 2727
"../../../Engine/Shaders/Shared/RayTracingDebugDefinitions.h" 2728
"../../../Engine/Shaders/Private/RayTracing/RayTracingDebugHitStatsCHS.usf" 2729
"../../../Engine/Shaders/Private/RayTracing/RayTracingDebugHitStats.usf" 2730
"../../../Engine/Shaders/Private/RayTracing/RayTracingDebugMS.usf" 2731
"../../../Engine/Shaders/Private/RayTracing/RayTracingDebugCHS.usf" 2732
"../../../Engine/Shaders/Private/RayTracing/RayTracingDebug.usf" 2733
"../../../Engine/Shaders/Private/RayTracing/RayTracingBuiltInShaders.usf" 2734
"../../../Engine/Shaders/Private/RayTracing/RayTracingBarycentrics.usf" 2735
"../../../Engine/Shaders/Private/RayTracing/RayTracingAmbientOcclusionRGS.usf" 2736
"../../../Engine/Shaders/Private/VisualizeShadingModels.usf" 2737
"../../../Engine/Shaders/Private/MotionBlur/VisualizeMotionVectors.usf" 2738
"../../../Engine/Shaders/Private/TemporalSuperResolution/TSRVisualize.usf" 2739
"../../../Engine/Shaders/Private/TemporalSuperResolution/TSRColorSpace.ush" 2740
"../../../Engine/Shaders/Private/TemporalSuperResolution/TSRCommon.ush" 2741
"../../../Engine/Shaders/Public/DualPixelVectorization.ush" 2742
"../../../Engine/Shaders/Private/TemporalSuperResolution/TSRReprojectionField.ush" 2743
"../../../Engine/Shaders/Private/TemporalSuperResolution/TSRResolveHistory.usf" 2744
"../../../Engine/Shaders/Private/TemporalSuperResolution/TSRConvolutionNetwork.ush" 2745
"../../../Engine/Shaders/Private/TemporalSuperResolution/TSRKernels.ush" 2746
"../../../Engine/Shaders/Public/LaneVectorization.ush" 2747
"../../../Engine/Shaders/Private/TemporalSuperResolution/TSRUpdateHistory.usf" 2748
"../../../Engine/Shaders/Private/TemporalSuperResolution/TSRSpatialAntiAliasing.ush" 2749
"../../../Engine/Shaders/Private/TemporalSuperResolution/TSRSpatialAntiAliasing.usf" 2750
"../../../Engine/Shaders/Private/TemporalSuperResolution/TSRRejectShading.usf" 2751
"../../../Engine/Shaders/Private/TemporalSuperResolution/TSRShadingAnalysis.ush" 2752
"../../../Engine/Shaders/Private/TemporalSuperResolution/TSRConvolutionNetworkPass.ush" 2753
"../../../Engine/Shaders/Private/TemporalSuperResolution/TSRDecimateHistory.usf" 2754
"../../../Engine/Shaders/Private/TemporalSuperResolution/TSRDepthVelocityAnalysis.ush" 2755
"../../../Engine/Shaders/Private/TemporalSuperResolution/TSRClosestOccluder.ush" 2756
"../../../Engine/Shaders/Private/TemporalSuperResolution/TSRWeightRelaxation.usf" 2757
"../../../Engine/Shaders/Private/TemporalSuperResolution/TSRThinGeometryCommon.ush" 2758
"../../../Engine/Shaders/Private/TemporalSuperResolution/TSRDetectThinGeometry.usf" 2759
"../../../Engine/Shaders/Private/TemporalSuperResolution/TSRDilateVelocity.usf" 2760
"../../../Engine/Shaders/Private/MotionBlur/MotionBlurVelocityFlatten.ush" 2761
"../../../Engine/Shaders/Private/MotionBlur/MotionBlurCommon.ush" 2762
"../../../Engine/Shaders/Private/TemporalSuperResolution/TSRClearPrevTextures.usf" 2763
"../../../Engine/Shaders/Private/TemporalSuperResolution/TSRMeasureCoverage.usf" 2764
"../../../Engine/Shaders/Private/TemporalSuperResolution/TSRMeasureFlickeringLuma.usf" 2765
"../../../Engine/Shaders/Private/TemporalAA.usf" 2766
"../../../Engine/Shaders/Private/SMAA/SMAADebugVisualization.usf" 2767
"../../../Engine/Shaders/Private/SMAA/SMAACommon.ush" 2768
"../../../Engine/Shaders/Private/SMAA/SMAA.ush" 2769
"../../../Engine/Shaders/Private/SMAA/SMAANeighborhoodBlendingShader.usf" 2770
"../../../Engine/Shaders/Private/SMAA/SMAABlendingWeightCalculationShader.usf" 2771
"../../../Engine/Shaders/Private/SMAA/SMAAEdgeDetectionShader.usf" 2772
"../../../Engine/Shaders/Private/FilterPixelShader.usf" 2773
"../../../Engine/Shaders/Private/FilterVertexShader.usf" 2774
"../../../Engine/Shaders/Private/VisualizeVirtualTexture.usf" 2775
"../../../Engine/Shaders/Private/PostProcessVisualizeBuffer.usf" 2776
"../../../Engine/Shaders/Private/PostProcessVisualizeLocalExposure.usf" 2777
"../../../Engine/Shaders/Private/PostProcessHistogramCommon.ush" 2778
"../../../Engine/Shaders/Private/PostProcessVisualizeLevelInstance.usf" 2779
"../../../Engine/Shaders/Private/PostProcessVisualizeHDR.usf" 2780
"../../../Engine/Shaders/Private/ShaderComplexityApplyPixelShader.usf" 2781
"../../../Engine/Shaders/Private/QuadOverdraw.ush" 2782
"../../../Engine/Shaders/Private/PostProcessUpscale.usf" 2783
"../../../Engine/Shaders/Private/PostProcessTonemap.usf" 2784
"../../../Engine/Shaders/Private/PostProcessing/FilmGrainPackConstants.usf" 2785
"../../../Engine/Shaders/Private/PostProcessing/FilmGrainReduce.usf" 2786
"../../../Engine/Shaders/Private/PostProcessTestImage.usf" 2787
"../../../Engine/Shaders/Private/PostProcessSubsurface.usf" 2788
"../../../Engine/Shaders/Private/SeparableSSS.ush" 2789
"../../../Engine/Shaders/Private/SubsurfaceBurleyNormalized.ush" 2790
"../../../Engine/Shaders/Private/PostProcessSelectionOutline.usf" 2791
"../../../Engine/Shaders/Private/MotionBlur/MotionBlurVisualize.usf" 2792
"../../../Engine/Shaders/Private/MotionBlur/MotionBlurApply.usf" 2793
"../../../Engine/Shaders/Private/MotionBlur/MotionBlurFilterTileClassify.usf" 2794
"../../../Engine/Shaders/Private/MotionBlur/MotionBlurTileScatter.usf" 2795
"../../../Engine/Shaders/Private/MotionBlur/MotionBlurTileGather.usf" 2796
"../../../Engine/Shaders/Private/MotionBlur/MotionBlurVelocityFlatten.usf" 2797
"../../../Engine/Shaders/Private/PostProcessMobile.usf" 2798
"../../../Engine/Shaders/Private/PostProcessMitchellNetravali.usf" 2799
"../../../Engine/Shaders/Private/PostProcessLocalExposure.usf" 2800
"../../../Engine/Shaders/Private/PostProcessLensFlares.usf" 2801
"../../../Engine/Shaders/Private/PostProcessGBufferHints.usf" 2802
"../../../Engine/Shaders/Private/PostProcessHMD.usf" 2803
"../../../Engine/Shaders/Private/Histogram.usf" 2804
"../../../Engine/Shaders/Private/PostProcessExposureMaterial.ush" 2805
"../../../Engine/Shaders/Private/PostProcessHistogramReduce.usf" 2806
"../../../Engine/Shaders/Private/PostProcessHistogram.usf" 2807
"../../../Engine/Shaders/Private/Bloom/BloomFinalizeApplyConstants.usf" 2808
"../../../Engine/Shaders/Private/Bloom/BloomCommon.ush" 2809
"../../../Engine/Shaders/Private/Bloom/BloomResizeKernel.usf" 2810
"../../../Engine/Shaders/Private/Bloom/BloomDownsampleKernel.usf" 2811
"../../../Engine/Shaders/Private/Bloom/BloomClampKernel.usf" 2812
"../../../Engine/Shaders/Private/Bloom/BloomPackKernelConstants.usf" 2813
"../../../Engine/Shaders/Private/Bloom/BloomSumScatterDispersionEnergy.usf" 2814
"../../../Engine/Shaders/Private/Bloom/BloomReduceKernelSurvey.usf" 2815
"../../../Engine/Shaders/Private/Bloom/BloomSurveyKernelCenterEnergy.usf" 2816
"../../../Engine/Shaders/Private/Bloom/BloomSurveyMaxScatterDispersion.usf" 2817
"../../../Engine/Shaders/Private/Bloom/BloomFindKernelCenter.usf" 2818
"../../../Engine/Shaders/Private/PostProcessEyeAdaptation.usf" 2819
"../../../Engine/Shaders/Private/PostProcessEyeAdaptationUtils.usf" 2820
"../../../Engine/Shaders/Private/PostProcessDownsample.usf" 2821
"../../../Engine/Shaders/Private/PostProcessDOF.usf" 2822
"../../../Engine/Shaders/Private/PostProcessDeviceEncodingOnly.usf" 2823
"../../../Engine/Shaders/Private/PostProcessCompositePrimitives.usf" 2824
"../../../Engine/Shaders/Private/PostProcessCombineLUTs.usf" 2825
"../../../Engine/Shaders/Private/PostProcessVisualizeDOF.usf" 2826
"../../../Engine/Shaders/Private/PostProcessBloom.usf" 2827
"../../../Engine/Shaders/Private/PostProcessAmbientOcclusionMobile.usf" 2828
"../../../Engine/Shaders/Private/PostProcessAmbientOcclusionCommon.ush" 2829
"../../../Engine/Shaders/Private/FXAAShader.usf" 2830
"../../../Engine/Shaders/Private/Fxaa3_11.ush" 2831
"../../../Engine/Shaders/Private/PaniniProjection.usf" 2832
"../../../Engine/Shaders/Private/DiaphragmDOF/DOFRecombine.usf" 2833
"../../../Engine/Shaders/Private/DiaphragmDOF/DOFHybridScatterPixelShader.usf" 2834
"../../../Engine/Shaders/Private/DiaphragmDOF/DOFHybridScatterCommon.ush" 2835
"../../../Engine/Shaders/Private/DiaphragmDOF/DOFVignetteCommon.ush" 2836
"../../../Engine/Shaders/Private/DiaphragmDOF/DOFHybridScatterVertexShader.usf" 2837
"../../../Engine/Shaders/Private/DiaphragmDOF/DOFPostfiltering.usf" 2838
"../../../Engine/Shaders/Private/DiaphragmDOF/DOFGatherTileSuggest.ush" 2839
"../../../Engine/Shaders/Private/DiaphragmDOF/DOFCocTileCommon.ush" 2840
"../../../Engine/Shaders/Private/DiaphragmDOF/DOFGatherPass.usf" 2841
"../../../Engine/Shaders/Private/DiaphragmDOF/DOFGatherCommon.ush" 2842
"../../../Engine/Shaders/Private/DiaphragmDOF/DOFGatherAccumulator.ush" 2843
"../../../Engine/Shaders/Private/DiaphragmDOF/DOFGatherKernel.ush" 2844
"../../../Engine/Shaders/Private/DiaphragmDOF/DOFBokehLUT.usf" 2845
"../../../Engine/Shaders/Private/DiaphragmDOF/DOFHybridScatterCompilation.usf" 2846
"../../../Engine/Shaders/Private/DiaphragmDOF/DOFReduce.usf" 2847
"../../../Engine/Shaders/Private/DiaphragmDOF/DOFDownsample.ush" 2848
"../../../Engine/Shaders/Private/DiaphragmDOF/DOFHybridScatterCompilation.ush" 2849
"../../../Engine/Shaders/Private/DiaphragmDOF/DOFDownsample.usf" 2850
"../../../Engine/Shaders/Private/DiaphragmDOF/DOFCocTileDilate.usf" 2851
"../../../Engine/Shaders/Private/DiaphragmDOF/DOFCocTileFlatten.usf" 2852
"../../../Engine/Shaders/Private/DiaphragmDOF/DOFSetup.usf" 2853
"../../../Engine/Shaders/Private/Tools/DebugAlphaChannel.usf" 2854
"../../../Engine/Shaders/Private/PostProcessAlphaInvert.usf" 2855
"../../../Engine/Shaders/Private/PlanarReflectionShaders.usf" 2856
"../../../Engine/Shaders/Private/PhysicsFieldVisualizer.usf" 2857
"../../../Engine/Shaders/Private/PathTracing/PathTracingSpatialTemporalDenoising.usf" 2858
"../../../Engine/Shaders/Private/ColorDifference.ush" 2859
"../../../Engine/Shaders/Private/PathTracing/PathTracingCompositingPixelShader.usf" 2860
"../../../Engine/Shaders/Private/PathTracing/PathTracingAdaptiveUtils.ush" 2861
"../../../Engine/Shaders/Private/PathTracing/PathTracingDefaultHitShader.usf" 2862
"../../../Engine/Shaders/Private/PathTracing/PathTracingGPULightmassMaterialHitShader.usf" 2863
"../../../Engine/Shaders/Private/PathTracing/PathTracingMaterialHitShader.usf" 2864
"../../../Engine/Shaders/Private/PathTracing/Material/PathTracingSubstrateCommon.ush" 2865
"../../../Engine/Shaders/Private/PathTracing/PathTracingLightingMissShader.usf" 2866
"../../../Engine/Shaders/Private/PathTracing/PathTracingMissShader.usf" 2867
"../../../Engine/Shaders/Private/PathTracing/PathTracingAdaptiveStart.usf" 2868
"../../../Engine/Shaders/Private/PathTracing/PathTracingBuildAdaptiveError.usf" 2869
"../../../Engine/Shaders/Private/PathTracing/PathTracingVolumetricCloudMaterialShader.usf" 2870
"../../../Engine/Shaders/Private/PathTracing/Volume/PathTracingCloudsMaterialCommon.ush" 2871
"../../../Engine/Shaders/Private/PathTracing/Volume/PathTracingVolumeCommon.ush" 2872
"../../../Engine/Shaders/Private/PathTracing/Volume/PathTracingCloudsCommon.ush" 2873
"../../../Engine/Shaders/Private/PathTracing/Volume/PathTracingFog.ush" 2874
"../../../Engine/Shaders/Private/PathTracing/Volume/PathTracingAtmosphere.ush" 2875
"../../../Engine/Shaders/Private/PathTracing/Volume/PathTracingAtmosphereCommon.ush" 2876
"../../../Engine/Shaders/Private/PathTracing/Volume/PathTracingVolumeSampling.ush" 2877
"../../../Engine/Shaders/Private/PathTracing/PathTracingBuildCloudAccelerationMap.usf" 2878
"../../../Engine/Shaders/Private/PathTracing/PathTracingBuildAtmosphereLUT.usf" 2879
"../../../Engine/Shaders/Private/PathTracing/PathTracingSwizzleScanlines.usf" 2880
"../../../Engine/Shaders/Private/PathTracing/PathTracingInitExtinctionCoefficient.usf" 2881
"../../../Engine/Shaders/Private/PathTracing/PathTracingCopyDepth.usf" 2882
"../../../Engine/Shaders/Private/PathTracing/PathTracingDebug.usf" 2883
"../../../Engine/Shaders/Private/RayTracing/RayTracingDecalGrid.ush" 2884
"../../../Engine/Shaders/Private/PathTracing/Material/PathTracingMaterialSampling.ush" 2885
"../../../Engine/Shaders/Private/PathTracing/Material/PathTracingLambert.ush" 2886
"../../../Engine/Shaders/Private/PathTracing/Material/PathTracingSubstrate.ush" 2887
"../../../Engine/Shaders/Private/PathTracing/Material/PathTracingSubstrateFoliage.ush" 2888
"../../../Engine/Shaders/Private/PathTracing/Material/PathTracingSubstrateSolidGlass.ush" 2889
"../../../Engine/Shaders/Private/PathTracing/Material/PathTracingSubstrateThinGlass.ush" 2890
"../../../Engine/Shaders/Private/PathTracing/Material/PathTracingSolidGlass.ush" 2891
"../../../Engine/Shaders/Private/PathTracing/Material/PathTracingEnergyConservation.ush" 2892
"../../../Engine/Shaders/Private/PathTracing/Material/PathTracingThinGlass.ush" 2893
"../../../Engine/Shaders/Private/PathTracing/Material/PathTracingDefaultLit.ush" 2894
"../../../Engine/Shaders/Private/PathTracing/Material/PathTracingClearCoat.ush" 2895
"../../../Engine/Shaders/Private/PathTracing/Material/PathTracingTwoSidedFoliage.ush" 2896
"../../../Engine/Shaders/Private/PathTracing/Material/PathTracingCloth.ush" 2897
"../../../Engine/Shaders/Private/PathTracing/Material/PathTracingSubsurfaceProfile.ush" 2898
"../../../Engine/Shaders/Private/PathTracing/Material/PathTracingEye.ush" 2899
"../../../Engine/Shaders/Private/PathTracing/Material/PathTracingHair.ush" 2900
"../../../Engine/Shaders/Private/PathTracing/Material/PathTracingMedium.ush" 2901
"../../../Engine/Shaders/Private/PathTracing/Light/PathTracingLightSampling.ush" 2902
"../../../Engine/Shaders/Private/PathTracing/Light/PathTracingLightCommon.ush" 2903
"../../../Engine/Shaders/Private/PathTracing/Light/PathTracingDirectionalLight.ush" 2904
"../../../Engine/Shaders/Private/PathTracing/Light/PathTracingPointLight.ush" 2905
"../../../Engine/Shaders/Private/PathTracing/Light/PathTracingCapsuleLight.ush" 2906
"../../../Engine/Shaders/Private/PathTracing/Light/PathTracingRectLight.ush" 2907
"../../../Engine/Shaders/Private/PathTracing/Light/PathTracingSkyLight.ush" 2908
"../../../Engine/Shaders/Private/PathTracing/Light/PathTracingLightGrid.ush" 2909
"../../../Engine/Shaders/Private/PathTracing/PathTracing.usf" 2910
"../../../Engine/Shaders/Private/PathTracing/PathTracingCore.ush" 2911
"../../../Engine/Shaders/Private/HeterogeneousVolumes/HeterogeneousVolumesVoxelGridTypes.ush" 2912
"../../../Engine/Shaders/Private/PathTracing/Volume/PathTracingVolume.ush" 2913
"../../../Engine/Shaders/Private/PathTracing/Volume/PathTracingClouds.ush" 2914
"../../../Engine/Shaders/Private/PathTracing/Volume/PathTracingHeterogeneousVolumes.ush" 2915
"../../../Engine/Shaders/Private/HeterogeneousVolumes/HeterogeneousVolumesTracingUtils.ush" 2916
"../../../Engine/Shaders/Private/HeterogeneousVolumes/HeterogeneousVolumesVoxelGridTraversal.ush" 2917
"../../../Engine/Shaders/Private/HeterogeneousVolumes/HeterogeneousVolumesVoxelGridUtils.ush" 2918
"../../../Engine/Shaders/Private/HeterogeneousVolumes/HeterogeneousVolumesFrustumVoxelGridUtils.ush" 2919
"../../../Engine/Shaders/Private/PathTracing/PathTracingBuildLightGrid.usf" 2920
"../../../Engine/Shaders/Private/PathTracing/PathTracingSkylightMISCompensation.usf" 2921
"../../../Engine/Shaders/Private/PathTracing/PathTracingSkylightPrepare.usf" 2922
"../../../Engine/Shaders/Private/OIT/OITSorting.usf" 2923
"../../../Engine/Shaders/Private/OITCombine.usf" 2924
"../../../Engine/Shaders/Private/OITCommon.ush" 2925
"../../../Engine/Shaders/Private/Nanite/Voxel/RasterizeBricks.usf" 2926
"../../../Engine/Shaders/Private/Nanite/Voxel/Brick.ush" 2927
"../../../Engine/Shaders/Private/Nanite/Voxel/Voxel.ush" 2928
"../../../Engine/Shaders/Private/Nanite/Voxel/ScatterBricks.usf" 2929
"../../../Engine/Shaders/Private/Nanite/Voxel/TileBricks.usf" 2930
"../../../Engine/Shaders/Private/Nanite/Voxel/AutoVoxel.usf" 2931
"../../../Engine/Shaders/Private/Nanite/NaniteDebugViews.usf" 2932
"../../../Engine/Shaders/Private/Nanite/NaniteEditorCommon.ush" 2933
"../../../Engine/Shaders/Private/BinarySearch.ush" 2934
"../../../Engine/Shaders/Private/Nanite/NaniteDepthDecode.usf" 2935
"../../../Engine/Shaders/Private/HTileEncoding.ush" 2936
"../../../Engine/Shaders/Private/Nanite/NaniteVisualize.usf" 2937
"../../../Engine/Shaders/Private/Nanite/NaniteStreamOut.usf" 2938
"../../../Engine/Shaders/Private/Nanite/NaniteHierarchyTraversal.ush" 2939
"../../../Engine/Shaders/Private/Nanite/NaniteShadeBinning.usf" 2940
"../../../Engine/Shaders/Private/Nanite/NaniteShadeCommon.ush" 2941
"../../../Engine/Shaders/Private/Nanite/NaniteFastClear.usf" 2942
"../../../Engine/Shaders/Private/Nanite/NaniteRayTracing.usf" 2943
"../../../Engine/Shaders/Private/Nanite/NaniteExportGBuffer.usf" 2944
"../../../Engine/Shaders/Private/Nanite/NaniteClusterCulling.usf" 2945
"../../../Engine/Shaders/Private/Nanite/NanitePrintStats.usf" 2946
"../../../Engine/Shaders/Private/Nanite/NaniteRasterizer.usf" 2947
"../../../Engine/Shaders/Private/Nanite/NaniteRasterizationCommon.ush" 2948
"../../../Engine/Shaders/Private/Nanite/NaniteRasterizer.ush" 2949
"../../../Engine/Shaders/Private/Nanite/NaniteWritePixel.ush" 2950
"../../../Engine/Shaders/Private/Nanite/NaniteTessellation.ush" 2951
"../../../Engine/Shaders/Private/WorkDistribution.ush" 2952
"../../../Engine/Shaders/Private/Nanite/NaniteDice.ush" 2953
"../../../Engine/Shaders/Private/ShaderBundleWorkGraphCommon.ush" 2954
"../../../Engine/Shaders/Public/RootConstants.ush" 2955
"../../../Engine/Shaders/Public/Platform/D3D/D3DRootConstants.ush" 2956
"../../../Engine/Shaders/Private/Nanite/NaniteSplit.usf" 2957
"../../../Engine/Shaders/Private/Nanite/NaniteRasterBinning.usf" 2958
"../../../Engine/Shaders/Private/Nanite/NaniteInstanceCulling.usf" 2959
"../../../Engine/Shaders/Private/Nanite/NaniteImposter.ush" 2960
"../../../Engine/Shaders/Private/Nanite/NaniteInstanceHierarchyCulling.usf" 2961
"../../../Engine/Shaders/Private/WorkGroupLoadBalancer.ush" 2962
"../../../Engine/Shaders/Private/Nanite/NanitePrimitiveFilter.usf" 2963
"../../../Engine/Shaders/Private/Nanite/NaniteRasterClear.usf" 2964
"../../../Engine/Shaders/Private/Nanite/NaniteDepthExport.usf" 2965
"../../../Engine/Shaders/Private/Nanite/NaniteEmitShadow.usf" 2966
"../../../Engine/Shaders/Private/MobileDeferredUtils.usf" 2967
"../../../Engine/Shaders/Private/MobileLocalLightsBuffer.usf" 2968
"../../../Engine/Shaders/Private/MobileFog.usf" 2969
"../../../Engine/Shaders/Private/DistortApplyScreenPS.usf" 2970
"../../../Engine/Shaders/Private/MobileDeferredShading.usf" 2971
"../../../Engine/Shaders/Private/MobileBasePassPixelShader.usf" 2972
"../../../Engine/Shaders/Private/MobileBasePassCommon.ush" 2973
"../../../Engine/Shaders/Private/BasePassCommon.ush" 2974
"../../../Engine/Shaders/Private/ShadingModelsMaterial.ush" 2975
"../../../Engine/Shaders/Private/ThinTranslucentCommon.ush" 2976
"../../../Engine/Shaders/Private/SingleLayerWaterShading.ush" 2977
"../../../Engine/Shaders/Private/DistortionCommon.ush" 2978
"../../../Engine/Shaders/Private/Substrate/SubstrateMobileForwardLighting.ush" 2979
"../../../Engine/Shaders/Private/MobileBasePassVertexShader.usf" 2980
"../../../Engine/Shaders/Private/MeshEdges.usf" 2981
"../../../Engine/Shaders/Private/MegaLights/MegaLightsSampling.usf" 2982
"../../../Engine/Shaders/Shared/MegaLightsDefinitions.h" 2983
"../../../Engine/Shaders/Private/MegaLights/MegaLightsShading.ush" 2984
"../../../Engine/Shaders/Private/MegaLights/MegaLights.ush" 2985
"../../../Engine/Shaders/Private/MegaLights/MegaLightsMaterial.ush" 2986
"../../../Engine/Shaders/Private/MegaLights/MegaLightsRayTracing.ush" 2987
"../../../Engine/Shaders/Private/MegaLights/MegaLightsSampling.ush" 2988
"../../../Engine/Shaders/Private/MegaLights/MegaLightsVolumeSampling.usf" 2989
"../../../Engine/Shaders/Private/MegaLights/MegaLightsVolume.ush" 2990
"../../../Engine/Shaders/Private/MegaLights/MegaLights.usf" 2991
"../../../Engine/Shaders/Private/HairStrands/HairStrandsScreenTracing.ush" 2992
"../../../Engine/Shaders/Private/MegaLights/MegaLightsFilterVisibleLightHash.usf" 2993
"../../../Engine/Shaders/Private/MegaLights/MegaLightsShading.usf" 2994
"../../../Engine/Shaders/Private/Lumen/LumenReflectionDenoiserCommon.ush" 2995
"../../../Engine/Shaders/Private/MegaLights/MegaLightsVisibleLightHash.usf" 2996
"../../../Engine/Shaders/Private/MegaLights/MegaLightsVolumeShading.usf" 2997
"../../../Engine/Shaders/Private/MegaLights/MegaLightsVSMMarking.usf" 2998
"../../../Engine/Shaders/Private/MegaLights/MegaLightsVSMTracing.usf" 2999
"../../../Engine/Shaders/Private/MegaLights/MegaLightsRayTracing.usf" 3000
"../../../Engine/Shaders/Private/DistanceField/GlobalDistanceFieldUtils.ush" 3001
"../../../Engine/Shaders/Private/Lumen/LumenScreenTracing.ush" 3002
"../../../Engine/Shaders/Private/MegaLights/MegaLightsVolumeRayTracing.usf" 3003
"../../../Engine/Shaders/Private/MegaLights/MegaLightsVolumeHardwareRayTracing.usf" 3004
"../../../Engine/Shaders/Private/Lumen/LumenHardwareRayTracingCommon.ush" 3005
"../../../Engine/Shaders/Private/RayTracing/RayTracingReflectionEnvironment.ush" 3006
"../../../Engine/Shaders/Private/Lumen/LumenHardwareRayTracingPlatformCommon.ush" 3007
"../../../Engine/Shaders/Private/Lumen/LumenTracingCommon.ush" 3008
"../../../Engine/Shaders/Private/Lumen/SurfaceCache/LumenSurfaceCacheSampling.ush" 3009
"../../../Engine/Shaders/Private/Lumen/SurfaceCache/LumenSurfaceCache.ush" 3010
"../../../Engine/Shaders/Private/Lumen/LumenCardCommon.ush" 3011
"../../../Engine/Shaders/Private/Lumen/LumenCardTileShadowDownsampleFactor.ush" 3012
"../../../Engine/Shaders/Private/MegaLights/MegaLightsHardwareRayTracing.usf" 3013
"../../../Engine/Shaders/Private/MegaLights/MegaLightsDebug.usf" 3014
"../../../Engine/Shaders/Private/MegaLights/MegaLightsDenoiserSpatial.usf" 3015
"../../../Engine/Shaders/Private/MegaLights/MegaLightsDenoiserTemporal.usf" 3016
"../../../Engine/Shaders/Private/MaterialCache/MaterialCacheABufferPages.usf" 3017
"../../../Engine/Shaders/Private/MaterialCache/MaterialCacheShade.usf" 3018
"../../../Engine/Shaders/Private/MaterialCache/MaterialCacheShadeCommon.ush" 3019
"../../../Engine/Shaders/Private/MaterialCache/MaterialCacheUnwrapNaniteShade.usf" 3020
"../../../Engine/Shaders/Private/MaterialCache/MaterialCacheUnwrapPixelShader.usf" 3021
"../../../Engine/Shaders/Private/MaterialCache/MaterialCacheUnwrapVertexShader.usf" 3022
"../../../Engine/Shaders/Private/Lumen/LumenVisualizeRadianceCache.usf" 3023
"../../../Engine/Shaders/Private/Lumen/LumenRadianceCacheCommon.ush" 3024
"../../../Engine/Shaders/Private/Lumen/LumenVisualizeHardwareRayTracing.usf" 3025
"../../../Engine/Shaders/Private/Lumen/LumenVisualize.ush" 3026
"../../../Engine/Shaders/Private/Lumen/LumenHairTracing.ush" 3027
"../../../Engine/Shaders/Private/Lumen/LumenVisualize.usf" 3028
"../../../Engine/Shaders/Private/Lumen/LumenSoftwareRayTracing.ush" 3029
"../../../Engine/Shaders/Private/DistanceField/GlobalDistanceFieldObjectGrid.ush" 3030
"../../../Engine/Shaders/Private/DistanceFieldLightingShared.ush" 3031
"../../../Engine/Shaders/Private/Lumen/LumenVisualizeTraces.ush" 3032
"../../../Engine/Shaders/Private/Lumen/LumenTranslucencyVolumeLighting.usf" 3033
"../../../Engine/Shaders/Private/Lumen/LumenRadianceCacheMarkCommon.ush" 3034
"../../../Engine/Shaders/Private/Lumen/LumenTranslucencyVolumeLightingShared.ush" 3035
"../../../Engine/Shaders/Private/Lumen/LumenScreenProbeCommon.ush" 3036
"../../../Engine/Shaders/Private/RayTracing/RayGenUtils.ush" 3037
"../../../Engine/Shaders/Private/Lumen/LumenRadianceCacheTracingCommon.ush" 3038
"../../../Engine/Shaders/Private/Lumen/LumenTranslucencyVolumeHardwareRayTracing.usf" 3039
"../../../Engine/Shaders/Private/Lumen/LumenTranslucencyRadianceCacheMarkShaders.usf" 3040
"../../../Engine/Shaders/Private/Lumen/SurfaceCache/LumenSurfaceCache.usf" 3041
"../../../Engine/Shaders/Private/Lumen/LumenVirtualTextureCommon.ush" 3042
"../../../Engine/Shaders/Private/Lumen/LumenShortRangeAOHardwareRayTracing.usf" 3043
"../../../Engine/Shaders/Private/Lumen/LumenScreenSpaceBentNormal.ush" 3044
"../../../Engine/Shaders/Private/Lumen/LumenScreenSpaceBentNormal.usf" 3045
"../../../Engine/Shaders/Private/Lumen/LumenScreenProbeTracing.usf" 3046
"../../../Engine/Shaders/Private/Lumen/LumenScreenProbeTracingCommon.ush" 3047
"../../../Engine/Shaders/Private/Lumen/LumenFloatQuantization.ush" 3048
"../../../Engine/Shaders/Private/Lumen/LumenScreenProbeImportanceSampling.usf" 3049
"../../../Engine/Shaders/Private/Lumen/LumenScreenProbeImportanceSamplingShared.ush" 3050
"../../../Engine/Shaders/Private/Lumen/LumenScreenProbeHardwareRayTracing.usf" 3051
"../../../Engine/Shaders/Private/Lumen/LumenScreenProbeDebug.usf" 3052
"../../../Engine/Shaders/Private/Lumen/LumenScreenProbeGather.usf" 3053
"../../../Engine/Shaders/Private/Lumen/LumenScreenProbeGatherTemporal.usf" 3054
"../../../Engine/Shaders/Private/Lumen/LumenScreenProbeFiltering.usf" 3055
"../../../Engine/Shaders/Private/Lumen/LumenSceneLighting.usf" 3056
"../../../Engine/Shaders/Private/Lumen/LumenCardTile.ush" 3057
"../../../Engine/Shaders/Private/Lumen/LumenSceneLighting.ush" 3058
"../../../Engine/Shaders/Private/Lumen/Radiosity/LumenRadiosity.ush" 3059
"../../../Engine/Shaders/Private/Lumen/LumenSceneLightingDebug.usf" 3060
"../../../Engine/Shaders/Private/Lumen/LumenScene.usf" 3061
"../../../Engine/Shaders/Private/Lumen/LumenSceneDirectLightingHardwareRayTracing.usf" 3062
"../../../Engine/Shaders/Private/Lumen/LumenSceneDirectLightingStochastic.ush" 3063
"../../../Engine/Shaders/Private/Lumen/LumenSceneDirectLighting.ush" 3064
"../../../Engine/Shaders/Private/Lumen/LumenSceneDebugHardwareRayTracing.usf" 3065
"../../../Engine/Shaders/Private/Lumen/LumenSceneDirectLightingStochastic.usf" 3066
"../../../Engine/Shaders/Private/Lumen/LumenSceneDirectLightingSoftwareRayTracing.usf" 3067
"../../../Engine/Shaders/Private/DistanceFieldShadowingShared.ush" 3068
"../../../Engine/Shaders/Private/Lumen/LumenSceneDirectLightingPerLightShadowCommon.ush" 3069
"../../../Engine/Shaders/Private/Lumen/LumenSceneDirectLightingShadowMask.usf" 3070
"../../../Engine/Shaders/Private/Lumen/LumenSceneDirectLighting.usf" 3071
"../../../Engine/Shaders/Private/Lumen/LumenSceneDirectLightingCulling.usf" 3072
"../../../Engine/Shaders/Private/Lumen/LumenCardComputeShader.usf" 3073
"../../../Engine/Shaders/Private/Lumen/LumenCardBasePass.ush" 3074
"../../../Engine/Shaders/Private/Lumen/LumenCardPixelShader.usf" 3075
"../../../Engine/Shaders/Private/Lumen/LumenCardVertexShader.usf" 3076
"../../../Engine/Shaders/Private/Lumen/LumenReSTIRGather.usf" 3077
"../../../Engine/Shaders/Private/Lumen/LumenReflectionTracing.usf" 3078
"../../../Engine/Shaders/Private/Lumen/LumenReflectionDenoiserSpatial.usf" 3079
"../../../Engine/Shaders/Private/Lumen/LumenReflectionDenoiserClear.usf" 3080
"../../../Engine/Shaders/Private/Lumen/LumenReflectionDenoiserTemporal.usf" 3081
"../../../Engine/Shaders/Private/Lumen/LumenReflectionResolve.usf" 3082
"../../../Engine/Shaders/Private/Lumen/LumenReflections.usf" 3083
"../../../Engine/Shaders/Private/Lumen/RayTracedTranslucency.usf" 3084
"../../../Engine/Shaders/Private/Lumen/LumenReflectionHardwareRayTracing.usf" 3085
"../../../Engine/Shaders/Private/Lumen/Radiosity/LumenVisualizeRadiosityProbes.usf" 3086
"../../../Engine/Shaders/Private/Lumen/Radiosity/LumenRadiosity.usf" 3087
"../../../Engine/Shaders/Private/Lumen/Radiosity/LumenRadiosityHardwareRayTracing.usf" 3088
"../../../Engine/Shaders/Private/Lumen/Radiosity/LumenRadiosityCulling.usf" 3089
"../../../Engine/Shaders/Private/Lumen/LumenRadianceCacheHardwareRayTracing.usf" 3090
"../../../Engine/Shaders/Private/Lumen/LumenRadianceCache.usf" 3091
"../../../Engine/Shaders/Private/Lumen/LumenRadianceCacheUpdate.ush" 3092
"../../../Engine/Shaders/Private/Lumen/LumenRadianceCacheDebug.usf" 3093
"../../../Engine/Shaders/Private/Lumen/LumenRadianceCacheUpdate.usf" 3094
"../../../Engine/Shaders/Private/Lumen/LumenMeshSDFCulling.usf" 3095
"../../../Engine/Shaders/Private/HybridIndirectLighting.ush" 3096
"../../../Engine/Shaders/Private/MeshDistanceFieldCommon.ush" 3097
"../../../Engine/Shaders/Private/Lumen/LumenIrradianceFieldGather.usf" 3098
"../../../Engine/Shaders/Private/Lumen/LumenHardwareRayTracingMaterials.usf" 3099
"../../../Engine/Shaders/Private/Lumen/LumenFrontLayerTranslucency.usf" 3100
"../../../Engine/Shaders/Private/LocalFogVolumes/LocalFogVolumeSplat.usf" 3101
"../../../Engine/Shaders/Private/LocalFogVolumes/LocalFogVolumeTiledCulling.usf" 3102
"../../../Engine/Shaders/Private/LightShaftShader.usf" 3103
"../../../Engine/Shaders/Private/StationaryLightOverlapShaders.usf" 3104
"../../../Engine/Shaders/Private/DeferredLightPixelShaders.usf" 3105
"../../../Engine/Shaders/Private/DeferredLightVertexShaders.usf" 3106
"../../../Engine/Shaders/Private/LightMapDensityShader.usf" 3107
"../../../Engine/Shaders/Private/LightGridInjection.usf" 3108
"../../../Engine/Shaders/Shared/LightGridDefinitions.h" 3109
"../../../Engine/Shaders/Private/LightFunctionPixelShader.usf" 3110
"../../../Engine/Shaders/Private/LightFunctionVertexShader.usf" 3111
"../../../Engine/Shaders/Private/LightFunctionAtlas/LightFunctionAtlasRender.usf" 3112
"../../../Engine/Shaders/Private/InstanceCulling/InstanceCullingOcclusionQuery.usf" 3113
"../../../Engine/Shaders/Private/InstanceCulling/InstanceCullingSetup.ush" 3114
"../../../Engine/Shaders/Private/InstanceCulling/BuildInstanceDrawCommands.usf" 3115
"../../../Engine/Shaders/Private/InstanceCulling/InstanceCompactionCommon.ush" 3116
"../../../Engine/Shaders/Private/SceneDataMobileWriter.ush" 3117
"../../../Engine/Shaders/Private/InstanceCulling/CompactVisibleInstances.usf" 3118
"../../../Engine/Shaders/Private/ReflectionEnvironmentPixelShader.usf" 3119
"../../../Engine/Shaders/Private/AmbientCubemapComposite.usf" 3120
"../../../Engine/Shaders/Private/DiffuseIndirectComposite.usf" 3121
"../../../Engine/Shaders/Private/IESAtlas.usf" 3122
"../../../Engine/Shaders/Private/HeterogeneousVolumes/HeterogeneousVolumesVisualizeCascades.usf" 3123
"../../../Engine/Shaders/Private/HeterogeneousVolumes/HeterogeneousVolumesVoxelGridShadows.usf" 3124
"../../../Engine/Shaders/Private/HeterogeneousVolumes/HeterogeneousVolumesStochasticFiltering.ush" 3125
"../../../Engine/Shaders/Private/HeterogeneousVolumes/HeterogeneousVolumesVoxelGridRenderingUtils.ush" 3126
"../../../Engine/Shaders/Private/HeterogeneousVolumes/HeterogeneousVolumesLightingUtils.ush" 3127
"../../../Engine/Shaders/Private/HeterogeneousVolumes/HeterogeneousVolumesRayMarchingUtils.ush" 3128
"../../../Engine/Shaders/Private/HeterogeneousVolumes/HeterogeneousVolumesRayMarchingTypes.ush" 3129
"../../../Engine/Shaders/Private/HeterogeneousVolumes/HeterogeneousVolumesTransmittanceVolumeUtils.ush" 3130
"../../../Engine/Shaders/Private/HeterogeneousVolumes/HeterogeneousVolumesAdaptiveVolumetricShadowMapSampler.ush" 3131
"../../../Engine/Shaders/Private/HeterogeneousVolumes/HeterogeneousVolumesVoxelGridRendering.usf" 3132
"../../../Engine/Shaders/Private/HeterogeneousVolumes/HeterogeneousVolumesVoxelGridPipeline.usf" 3133
"../../../Engine/Shaders/Private/HeterogeneousVolumes/HeterogeneousVolumesMaterialBakingPipeline.usf" 3134
"../../../Engine/Shaders/Private/HeterogeneousVolumes/HeterogeneousVolumesLiveShadingUtils.ush" 3135
"../../../Engine/Shaders/Private/HeterogeneousVolumes/HeterogeneousVolumesFrustumVoxelGrid.usf" 3136
"../../../Engine/Shaders/Private/HeterogeneousVolumes/HeterogeneousVolumesSparseVoxelPipeline.usf" 3137
"../../../Engine/Shaders/Private/HeterogeneousVolumes/HeterogeneousVolumesSparseVoxelUtils.ush" 3138
"../../../Engine/Shaders/Private/HeterogeneousVolumes/HeterogeneousVolumesSparseVoxelUniformBufferUtils.ush" 3139
"../../../Engine/Shaders/Private/HeterogeneousVolumes/HeterogeneousVolumesPreshadingPipeline.usf" 3140
"../../../Engine/Shaders/Private/HeterogeneousVolumes/HeterogeneousVolumesShadowMask.usf" 3141
"../../../Engine/Shaders/Private/HeterogeneousVolumes/HeterogeneousVolumesLiveShadingShadows.usf" 3142
"../../../Engine/Shaders/Private/HeterogeneousVolumes/HeterogeneousVolumesLiveShadingGlobalPipeline.usf" 3143
"../../../Engine/Shaders/Private/HeterogeneousVolumes/HeterogeneousVolumesLiveShadingPipeline.usf" 3144
"../../../Engine/Shaders/Private/HeterogeneousVolumes/HeterogeneousVolumesHardwareRayTracing.usf" 3145
"../../../Engine/Shaders/Private/HeterogeneousVolumes/HeterogeneousVolumesAmbientOcclusionPipeline.usf" 3146
"../../../Engine/Shaders/Private/HeterogeneousVolumes/HeterogeneousVolumesComposite.usf" 3147
"../../../Engine/Shaders/Private/HdrCustomResolveShaders.usf" 3148
"../../../Engine/Shaders/Private/HairStrands/RenderCurveRaster.usf" 3149
"../../../Engine/Shaders/Shared/RenderCurveDefinitions.h" 3150
"../../../Engine/Shaders/Private/HairStrands/HairStrandsVoxelRasterCompute.usf" 3151
"../../../Engine/Shaders/Private/HairStrands/HairStrandsHitProxy.usf" 3152
"../../../Engine/Shaders/Private/HairStrands/HairStrandsVisibilityRasterComputeNaive.usf" 3153
"../../../Engine/Shaders/Private/HairStrands/HairStrandsVisibilityRasterHW.usf" 3154
"../../../Engine/Shaders/Private/HairStrands/HairStrandsVisibilityRasterCompute.usf" 3155
"../../../Engine/Shaders/Private/HairStrands/HairStrandsVisibilityRasterClassification.usf" 3156
"../../../Engine/Shaders/Private/HairStrands/HairStrandsCoverage.usf" 3157
"../../../Engine/Shaders/Private/HairStrands/HairStrandsVisibilityDepthPS.usf" 3158
"../../../Engine/Shaders/Private/HairStrands/HairStrandsVisibilityTransmittanceDepthPS.usf" 3159
"../../../Engine/Shaders/Private/HairStrands/HairStrandsVisibilityFillOpaqueDepthPS.usf" 3160
"../../../Engine/Shaders/Private/HairStrands/HairStrandsVisibilityCompactionComputeRaster.usf" 3161
"../../../Engine/Shaders/Private/HairStrands/HairStrandsVisibilityCompaction.usf" 3162
"../../../Engine/Shaders/Private/HairStrands/HairStrandsVisibilityCopyIndirectArg.usf" 3163
"../../../Engine/Shaders/Private/HairStrands/HairStrandsVisibilityClearPS.usf" 3164
"../../../Engine/Shaders/Private/HairStrands/HairStrandsVisibilityPS.usf" 3165
"../../../Engine/Shaders/Private/HairStrands/HairStrandsVisibilityVS.usf" 3166
"../../../Engine/Shaders/Private/HairStrands/HairStrandsVelocity.usf" 3167
"../../../Engine/Shaders/Private/HairStrands/HairStrandsVisibilityComputeSampleCoverage.usf" 3168
"../../../Engine/Shaders/Private/HairStrands/HairStrandsMaterialPS.usf" 3169
"../../../Engine/Shaders/Private/HairStrands/HairStrandsMaterialCommon.ush" 3170
"../../../Engine/Shaders/Private/HairStrands/HairStrandsMaterialVS.usf" 3171
"../../../Engine/Shaders/Private/HairStrands/HairStrandsLightSample.usf" 3172
"../../../Engine/Shaders/Private/HairStrands/HairStrandsDeepShadowMask.usf" 3173
"../../../Engine/Shaders/Private/HairStrands/HairStrandsDeepTransmittanceMask.usf" 3174
"../../../Engine/Shaders/Private/HairStrands/HairStrandsVisibilityTile.usf" 3175
"../../../Engine/Shaders/Private/HairStrands/HairStrandsDeepShadowPS.usf" 3176
"../../../Engine/Shaders/Private/HairStrands/HairStrandsDeepShadowVS.usf" 3177
"../../../Engine/Shaders/Private/HairStrands/HairStrandsAABB.usf" 3178
"../../../Engine/Shaders/Private/HairStrands/HairStrandsLUT.usf" 3179
"../../../Engine/Shaders/Private/HairStrands/HairStrandsForwardRaster.usf" 3180
"../../../Engine/Shaders/Private/HairStrands/HairStrandsForwardCulling.usf" 3181
"../../../Engine/Shaders/Private/HairStrands/HairStrandsEnvironmentLighting.usf" 3182
"../../../Engine/Shaders/Private/HairStrands/HairStrandsEnvironmentAO.usf" 3183
"../../../Engine/Shaders/Private/HairStrands/HairStrandsDeepShadowAllocation.usf" 3184
"../../../Engine/Shaders/Private/HairStrands/HairStrandsVoxelDebug.usf" 3185
"../../../Engine/Shaders/Private/HairStrands/HairStrandsComposition.usf" 3186
"../../../Engine/Shaders/Private/HairStrands/HairStrandsGBufferCommon.ush" 3187
"../../../Engine/Shaders/Private/GPUScene/GPUSceneDataManagement.usf" 3188
"../../../Engine/Shaders/Private/GPUSceneDebugRender.usf" 3189
"../../../Engine/Shaders/Private/GPUFeedbackCompaction.usf" 3190
"../../../Engine/Shaders/Private/GPUFastFourierTransform.usf" 3191
"../../../Engine/Shaders/Private/GPUFastFourierTransform2DCore.ush" 3192
"../../../Engine/Shaders/Private/GPUFastFourierTransformCore.ush" 3193
"../../../Engine/Shaders/Private/GPUBenchmark.usf" 3194
"../../../Engine/Shaders/Private/DistanceField/GlobalDistanceFieldDebug.usf" 3195
"../../../Engine/Shaders/Private/DistanceField/GlobalDistanceFieldUpdate.ush" 3196
"../../../Engine/Shaders/Private/DistanceField/GlobalDistanceFieldMip.usf" 3197
"../../../Engine/Shaders/Private/DistanceField/GlobalDistanceField.usf" 3198
"../../../Engine/Shaders/Private/DistanceField/GlobalDistanceFieldCompositeObjects.usf" 3199
"../../../Engine/Shaders/Private/DistanceField/GlobalDistanceFieldHeightfields.usf" 3200
"../../../Engine/Shaders/Private/HeightfieldLightingShared.ush" 3201
"../../../Engine/Shaders/Private/GenerateConservativeDepth.usf" 3202
"../../../Engine/Shaders/Private/HeightFogPixelShader.usf" 3203
"../../../Engine/Shaders/Private/HeightFogVertexShader.usf" 3204
"../../../Engine/Shaders/Private/DistortFiltering.usf" 3205
"../../../Engine/Shaders/Private/DistortAccumulatePS.usf" 3206
"../../../Engine/Shaders/Private/DistortAccumulateVS.usf" 3207
"../../../Engine/Shaders/Private/DistanceFieldVisualization.usf" 3208
"../../../Engine/Shaders/Private/DistanceFieldStreaming.usf" 3209
"../../../Engine/Shaders/Private/DistanceFieldShadowing.usf" 3210
"../../../Engine/Shaders/Private/DistanceFieldScreenGridLighting.usf" 3211
"../../../Engine/Shaders/Private/DistanceFieldObjectCulling.usf" 3212
"../../../Engine/Shaders/Private/DistanceFieldLightingPost.usf" 3213
"../../../Engine/Shaders/Private/DitheredTransitionStencil.usf" 3214
"../../../Engine/Shaders/Private/CopyDepthTexture.usf" 3215
"../../../Engine/Shaders/Private/CopyDepthTextureCS.usf" 3216
"../../../Engine/Shaders/Private/DeferredDecal.usf" 3217
"../../../Engine/Shaders/Private/DecalCommon.ush" 3218
"../../../Engine/Shaders/Private/DebugViewModeVertexShader.usf" 3219
"../../../Engine/Shaders/Private/DebugViewModeCommon.ush" 3220
"../../../Engine/Shaders/Private/DebugViewModePixelShader.usf" 3221
"../../../Engine/Shaders/Private/DebugProbes.usf" 3222
"../../../Engine/Shaders/Private/MeshDecals.usf" 3223
"../../../Engine/Shaders/Private/PostProcessAmbientOcclusion.usf" 3224
"../../../Engine/Shaders/Private/ClusteredDeferredShadingPixelShader.usf" 3225
"../../../Engine/Shaders/Private/ClusteredDeferredShadingVertexShader.usf" 3226
"../../../Engine/Shaders/Private/CapsuleShadowShaders.usf" 3227
"../../../Engine/Shaders/Private/BasePassPixelShader.usf" 3228
"../../../Engine/Shaders/Private/ForwardLightingCommon.ush" 3229
"../../../Engine/Shaders/Private/Substrate/SubstrateForwardLighting.ush" 3230
"../../../Engine/Shaders/Private/ComputeShaderOutputCommon.ush" 3231
"../../../Engine/Shaders/Private/BasePassVertexShader.usf" 3232
"../../../Engine/Shaders/Private/BasePassVertexCommon.ush" 3233
"../../../Engine/Shaders/Private/SimpleElementVolumeTexturePreviewPixelShader.usf" 3234
"../../../Engine/Shaders/Private/SimpleElementTexture2DPreviewPixelShader.usf" 3235
"../../../Engine/Shaders/Private/meshpaintdilatepixelshader.usf" 3236
"../../../Engine/Shaders/Private/meshpaintdilatevertexshader.usf" 3237
"../../../Engine/Shaders/Private/MeshPaintPixelShader.usf" 3238
"../../../Engine/Shaders/Private/MeshPaintVertexShader.usf" 3239
"../../../Engine/Shaders/Private/SlateElementPixelShader.usf" 3240
"../../../Engine/Shaders/Private/SlateShaderCommon.ush" 3241
"../../../Engine/Shaders/Private/SlateMaskingShader.usf" 3242
"../../../Engine/Shaders/Private/SlateVertexShader.usf" 3243
"../../../Engine/Shaders/Private/CompositeUIPixelShader.usf" 3244
"../../../Engine/Shaders/Private/ColorDeficiency.ush" 3245
"../../../Engine/Shaders/Private/SlatePostProcessColorDeficiencyPixelShader.usf" 3246
"../../../Engine/Shaders/Private/SlatePostProcessPixelShader.usf" 3247
"../../../Engine/Shaders/Private/Tools/VisualizeTexture.usf" 3248
"../../../Engine/Shaders/Private/UpdateDescriptorHandle.usf" 3249
"../../../Engine/Shaders/Private/ByteBuffer.usf" 3250
"../../../Engine/Shaders/Private/ShaderBundleWorkGraphDispatch.usf" 3251
"../../../Engine/Shaders/Private/ShaderBundleDispatch.usf" 3252
"../../../Engine/Shaders/Private/ResolveVertexShader.usf" 3253
"../../../Engine/Shaders/Private/ResolvePixelShader.usf" 3254
"../../../Engine/Shaders/Private/Tools/SetupIndirectArgs.usf" 3255
"../../../Engine/Shaders/Private/ClearReplacementShaders.usf" 3256
"../../../Engine/Shaders/Private/Tools/DrawTexture.usf" 3257
"../../../Engine/Shaders/Private/RayTracing/RayTracingValidation.usf" 3258
"../../../Engine/Shaders/Private/RenderGraphUtilities.usf" 3259
"../../../Engine/Shaders/Private/OneColorShader.usf" 3260
"../../../Engine/Shaders/Private/OculusShaders.usf" 3261
"../../../Engine/Shaders/Private/MediaShaders.usf" 3262
"../../../Engine/Shaders/Private/GPUMessaging.usf" 3263
"../../../Engine/Shaders/Private/Tools/GPUDebugCrashUtils.usf" 3264
"../../../Engine/Shaders/Private/NullPixelShader.usf" 3265
"../../../Engine/Shaders/Private/ComputeGenerateMips.usf" 3266
"../../../Engine/Shaders/Private/Tools/DumpTexture.usf" 3267
"../../../Engine/Shaders/Private/CopyTextureShaders.usf" 3268
"../../../Engine/Shaders/Private/Tools/FullscreenVertexShader.usf" 3269
"../../../Engine/Shaders/Private/RayTracing/RayTracingDispatchDesc.usf" 3270
"../../../Engine/Shaders/Private/Bink.usf" 3271
"../../../Engine/Shaders/Private/DepthOnlyPixelShader.usf" 3272
"../../../Engine/Shaders/Private/PositionOnlyDepthVertexShader.usf" 3273
"../../../Engine/Shaders/Private/DepthOnlyVertexShader.usf" 3274
"../../../Engine/Shaders/Private/AnisotropyPassShader.usf" 3275
"C:/Users/Anthony/Documents/GitHub/mechatronics-vr/Content/Demo_LVL.umap" 3276
"C:/Users/Anthony/Documents/GitHub/mechatronics-vr/Content/Demo_LVL_BuiltData.uasset" 3277
"/Engine/EngineResources/WhiteSquareTexture" 3278
"../../../Engine/Content/EngineResources/WhiteSquareTexture.uasset" 3279
"/Engine/EngineResources/GradientTexture0" 3280
"../../../Engine/Content/EngineResources/GradientTexture0.uasset" 3281
"/Engine/EngineResources/Black" 3282
"../../../Engine/Content/EngineResources/Black.uasset" 3283
"/Engine/EditorResources/S_Actor" 3284
"../../../Engine/Content/EditorResources/S_Actor.uasset" 3285
"/Engine/EngineFonts/RobotoDistanceField" 3286
"../../../Engine/Content/EngineFonts/RobotoDistanceField.uasset" 3287
"/Engine/EngineMaterials/DefaultTextMaterialOpaque" 3288
"../../../Engine/Content/EngineMaterials/DefaultTextMaterialOpaque.uasset" 3289
"/Engine/Functions/Engine_MaterialFunctions01/Shading/PowerToRoughness" 3290
"../../../Engine/Content/Functions/Engine_MaterialFunctions01/Shading/PowerToRoughness.uasset" 3291
"/Engine/Functions/Engine_MaterialFunctions01/Shading/ConvertFromDiffSpec" 3292
"../../../Engine/Content/Functions/Engine_MaterialFunctions01/Shading/ConvertFromDiffSpec.uasset" 3293
"/Engine/EngineMaterials/WorldGridMaterial" 3294
"../../../Engine/Content/EngineMaterials/WorldGridMaterial.uasset" 3295
"../../../Engine/Content/Functions/Engine_MaterialFunctions01/Opacity/CameraDepthFade.uasset" 3296
"../../../Engine/Content/EngineMaterials/T_Default_Material_Grid_M.uasset" 3297
"../../../Engine/Content/EngineMaterials/T_Default_Material_Grid_N.uasset" 3298
"/Engine/EngineMaterials/DefaultDeferredDecalMaterial" 3299
"../../../Engine/Content/EngineMaterials/DefaultDeferredDecalMaterial.uasset" 3300
"../../../Engine/Content/EngineMaterials/DefaultDiffuse.uasset" 3301
"/Engine/EngineMaterials/DefaultLightFunctionMaterial" 3302
"../../../Engine/Content/EngineMaterials/DefaultLightFunctionMaterial.uasset" 3303
"/Engine/EngineMaterials/DefaultPostProcessMaterial" 3304
"../../../Engine/Content/EngineMaterials/DefaultPostProcessMaterial.uasset" 3305
"../../../Engine/Content/Functions/Engine_MaterialFunctions02/Utility/BreakOutFloat2Components.uasset" 3306
"/Engine/EditorResources/S_Trigger" 3307
"../../../Engine/Content/EditorResources/S_Trigger.uasset" 3308
"/Engine/EditorResources/S_BoxReflectionCapture" 3309
"../../../Engine/Content/EditorResources/S_BoxReflectionCapture.uasset" 3310
"/Engine/EngineResources/DefaultTexture" 3311
"../../../Engine/Content/EngineResources/DefaultTexture.uasset" 3312
"/Engine/EditorResources/S_TriggerBox" 3313
"../../../Engine/Content/EditorResources/S_TriggerBox.uasset" 3314
"/Engine/EditorResources/S_TriggerCapsule" 3315
"../../../Engine/Content/EditorResources/S_TriggerCapsule.uasset" 3316
"/Engine/EditorResources/S_TriggerSphere" 3317
"../../../Engine/Content/EditorResources/S_TriggerSphere.uasset" 3318
"/Engine/EngineMeshes/Sphere" 3319
"../../../Engine/Content/EngineMeshes/Sphere.uasset" 3320
"/Engine/EngineDamageTypes/DmgTypeBP_Environmental" 3321
"../../../Engine/Content/EngineDamageTypes/DmgTypeBP_Environmental.uasset" 3322
"/Engine/EngineResources/DefaultTextureCube" 3323
"../../../Engine/Content/EngineResources/DefaultTextureCube.uasset" 3324
"/Engine/EngineResources/DefaultVolumeTexture" 3325
"../../../Engine/Content/EngineResources/DefaultVolumeTexture.uasset" 3326
"../../../Engine/Content/EngineResources/DefaultVolumeTexture2D.uasset" 3327
"/ARUtilities/Materials/M_PassthroughCamera" 3328
"../../Plugins/Runtime/AR/ARUtilities/Content/Materials/M_PassthroughCamera.uasset" 3329
"../../Plugins/Runtime/AR/ARUtilities/Content/Materials/DummyExternalTexture.uasset" 3330
"/AppleARKit/MI_DepthOcclusionOverlay" 3331
"../../Plugins/Runtime/AR/AppleAR/AppleARKit/Content/MI_DepthOcclusionOverlay.uasset" 3332
"../../Plugins/Runtime/AR/AppleAR/AppleARKit/Content/M_OcclusionOverlay.uasset" 3333
"/AppleARKit/MI_MatteOcclusionOverlay" 3334
"../../Plugins/Runtime/AR/AppleAR/AppleARKit/Content/MI_MatteOcclusionOverlay.uasset" 3335
"/AppleARKit/M_SceneDepthOcclusion" 3336
"../../Plugins/Runtime/AR/AppleAR/AppleARKit/Content/M_SceneDepthOcclusion.uasset" 3337
"/ARUtilities/Materials/M_DepthColoration" 3338
"../../Plugins/Runtime/AR/ARUtilities/Content/Materials/M_DepthColoration.uasset" 3339
"../../Plugins/Runtime/AR/ARUtilities/Content/Materials/MF_DistanceColorLerp.uasset" 3340
"/Engine/EditorResources/S_Solver" 3341
"../../../Engine/Content/EditorResources/S_Solver.uasset" 3342
"/Engine/EngineDebugMaterials/VolumeToRender" 3343
"../../../Engine/Content/EngineDebugMaterials/VolumeToRender.uasset" 3344
"/Engine/EngineDebugMaterials/M_VolumeRenderSphereTracePP" 3345
"../../../Engine/Content/EngineDebugMaterials/M_VolumeRenderSphereTracePP.uasset" 3346
"../../../Engine/Content/Functions/Engine_MaterialFunctions02/Utility/CameraDirectionVector.uasset" 3347
"/Engine/EditorMeshes/Camera/SM_CraneRig_Base" 3348
"../../../Engine/Content/EditorMeshes/Camera/SM_CraneRig_Base.uasset" 3349
"../../../Engine/Content/EditorMaterials/Camera/MI_CineMat_Rig.uasset" 3350
"../../../Engine/Content/EditorMaterials/Camera/CineMat.uasset" 3351
"/Engine/EditorMeshes/Camera/SM_CraneRig_Arm" 3352
"../../../Engine/Content/EditorMeshes/Camera/SM_CraneRig_Arm.uasset" 3353
"/Engine/EditorMeshes/Camera/SM_CraneRig_Mount" 3354
"../../../Engine/Content/EditorMeshes/Camera/SM_CraneRig_Mount.uasset" 3355
"/Engine/EditorMeshes/Camera/SM_CraneRig_Body" 3356
"../../../Engine/Content/EditorMeshes/Camera/SM_CraneRig_Body.uasset" 3357
"/Engine/EditorMeshes/Camera/SM_RailRig_Track" 3358
"../../../Engine/Content/EditorMeshes/Camera/SM_RailRig_Track.uasset" 3359
"/Engine/EditorMeshes/Camera/SM_RailRig_Mount" 3360
"../../../Engine/Content/EditorMeshes/Camera/SM_RailRig_Mount.uasset" 3361
"/Engine/EditorLandscapeResources/SplineEditorMesh" 3362
"../../../Engine/Content/EditorLandscapeResources/SplineEditorMesh.uasset" 3363
"../../../Engine/Content/EditorLandscapeResources/SplineEditorMeshMat.uasset" 3364
"/Engine/BasicShapes/Cube" 3365
"../../../Engine/Content/BasicShapes/Cube.uasset" 3366
"/CameraCalibrationCore/Materials/M_DefaultOddSquare" 3367
"../../Plugins/VirtualProduction/CameraCalibrationCore/Content/Materials/M_DefaultOddSquare.uasset" 3368
"/CameraCalibrationCore/Materials/M_DefaultEvenSquare" 3369
"../../Plugins/VirtualProduction/CameraCalibrationCore/Content/Materials/M_DefaultEvenSquare.uasset" 3370
"/HairStrands/Materials/HairDebugMaterial" 3371
"../../Plugins/Runtime/HairStrands/Content/Materials/HairDebugMaterial.uasset" 3372
"../../../Engine/Content/Functions/Engine_MaterialFunctions02/Utility/MakeFloat2.uasset" 3373
"../../../Engine/Content/Functions/Engine_MaterialFunctions02/Utility/MakeFloat3.uasset" 3374
"../../../Engine/Content/EngineMaterials/HairColorMap.uasset" 3375
"../../../Engine/Content/EngineMaterials/HairDebugColor.uasset" 3376
"../../Plugins/Runtime/HairStrands/Content/Materials/HairGroupColors.uasset" 3377
"/HairStrands/Materials/HairDefaultMaterial" 3378
"../../Plugins/Runtime/HairStrands/Content/Materials/HairDefaultMaterial.uasset" 3379
"/HairStrands/Materials/HairCardsDefaultMaterial" 3380
"../../Plugins/Runtime/HairStrands/Content/Materials/HairCardsDefaultMaterial.uasset" 3381
"/HairStrands/Materials/HairMeshesDefaultMaterial" 3382
"../../Plugins/Runtime/HairStrands/Content/Materials/HairMeshesDefaultMaterial.uasset" 3383
"/ARUtilities/Materials/M_ScreenSpacePassthroughCamera" 3384
"../../Plugins/Runtime/AR/ARUtilities/Content/Materials/M_ScreenSpacePassthroughCamera.uasset" 3385
"/ARUtilities/Materials/MI_ScreenSpacePassthroughCameraExternalTexture" 3386
"../../Plugins/Runtime/AR/ARUtilities/Content/Materials/MI_ScreenSpacePassthroughCameraExternalTexture.uasset" 3387
"/Engine/EngineMaterials/Widget3DPassThrough_Translucent" 3388
"../../../Engine/Content/EngineMaterials/Widget3DPassThrough_Translucent.uasset" 3389
"../../../Engine/Content/EngineMaterials/Widget3DPassThrough.uasset" 3390
"/Engine/EngineMaterials/Widget3DPassThrough_Translucent_OneSided" 3391
"../../../Engine/Content/EngineMaterials/Widget3DPassThrough_Translucent_OneSided.uasset" 3392
"/Engine/EngineMaterials/Widget3DPassThrough_Opaque" 3393
"../../../Engine/Content/EngineMaterials/Widget3DPassThrough_Opaque.uasset" 3394
"/Engine/EngineMaterials/Widget3DPassThrough_Opaque_OneSided" 3395
"../../../Engine/Content/EngineMaterials/Widget3DPassThrough_Opaque_OneSided.uasset" 3396
"/Engine/EngineMaterials/Widget3DPassThrough_Masked" 3397
"../../../Engine/Content/EngineMaterials/Widget3DPassThrough_Masked.uasset" 3398
"/Engine/EngineMaterials/Widget3DPassThrough_Masked_OneSided" 3399
"../../../Engine/Content/EngineMaterials/Widget3DPassThrough_Masked_OneSided.uasset" 3400
"/Engine/VREditor/ViewportInteractionAssetContainerData" 3401
"../../../Engine/Content/VREditor/ViewportInteractionAssetContainerData.uasset" 3402
"../../../Engine/Content/VREditor/SnapGrid/SnapGridMaterial.uasset" 3403
"../../../Engine/Content/VREditor/TransformGizmo/TransformGizmoMaterial_Inst.uasset" 3404
"../../../Engine/Content/VREditor/TransformGizmo/TranslucentTransformGizmoMaterial_Inst.uasset" 3405
"../../../Engine/Content/VREditor/SnapGrid/SnapGridPlaneMesh.uasset" 3406
"../../../Engine/Content/VREditor/Sounds/UI/Drop_Item_From_ContentBrowser.uasset" 3407
"../../../Engine/Content/VREditor/Sounds/UI/Gizmo_Handle_Clicked.uasset" 3408
"../../../Engine/Content/VREditor/Sounds/UI/Object_PickUp.uasset" 3409
"../../../Engine/Content/VREditor/Sounds/UI/Object_Snaps_To_Another_Actor.uasset" 3410
"../../../Engine/Content/VREditor/Sounds/UI/Object_Snaps_To_Grid.uasset" 3411
"../../../Engine/Content/VREditor/Sounds/UI/Scaling_Down.uasset" 3412
"../../../Engine/Content/VREditor/Sounds/UI/Scaling_Up.uasset" 3413
"../../../Engine/Content/VREditor/Sounds/UI/Selection_Changes.uasset" 3414
"../../../Engine/Content/VREditor/TransformGizmo/PlaneTranslationHandle.uasset" 3415
"../../../Engine/Content/VREditor/TransformGizmo/RotationHandleFull.uasset" 3416
"../../../Engine/Content/VREditor/TransformGizmo/RotationHandleIndicator.uasset" 3417
"../../../Engine/Content/VREditor/TransformGizmo/RotationHandleQuarter.uasset" 3418
"../../../Engine/Content/VREditor/TransformGizmo/StartRotationHandleIndicator.uasset" 3419
"../../../Engine/Content/VREditor/TransformGizmo/TransformGizmoFreeRotation.uasset" 3420
"../../../Engine/Content/VREditor/TransformGizmo/TranslateArrowHandle.uasset" 3421
"../../../Engine/Content/VREditor/TransformGizmo/UniformScaleHandle.uasset" 3422
"../../../Engine/Content/Functions/Engine_MaterialFunctions02/Math/Transform3x3Matrix.uasset" 3423
"../../../Engine/Content/Functions/Engine_MaterialFunctions02/SplitComponents.uasset" 3424
"../../../Engine/Content/VREditor/TransformGizmo/TransformGizmoMaterial.uasset" 3425
"../../../Engine/Content/VREditor/TransformGizmo/TranslucentTransformGizmoMaterial.uasset" 3426
"../../../Engine/Content/Functions/Engine_MaterialFunctions02/Utility/BreakOutFloat3Components.uasset" 3427
"../../../Engine/Content/VREditor/LaserPointer/VR_LaserPower_01.uasset" 3428
"/Engine/VREditor/TransformGizmo/BoundingBoxCorner" 3429
"../../../Engine/Content/VREditor/TransformGizmo/BoundingBoxCorner.uasset" 3430
"/Engine/VREditor/TransformGizmo/BoundingBoxEdge" 3431
"../../../Engine/Content/VREditor/TransformGizmo/BoundingBoxEdge.uasset" 3432
"/Engine/ArtTools/RenderToTexture/Meshes/S_1_Unit_Plane" 3433
"../../../Engine/Content/ArtTools/RenderToTexture/Meshes/S_1_Unit_Plane.uasset" 3434
"/Engine/EngineDebugMaterials/M_SimpleUnlitTranslucent" 3435
"../../../Engine/Content/EngineDebugMaterials/M_SimpleUnlitTranslucent.uasset" 3436
"/Engine/EngineFonts/Roboto" 3437
"../../../Engine/Content/EngineFonts/Roboto.uasset" 3438
"../../../Engine/Content/EngineFonts/Faces/DroidSansFallback.uasset" 3439
"../../../Engine/Content/EngineFonts/Faces/RobotoBold.uasset" 3440
"../../../Engine/Content/EngineFonts/Faces/RobotoBoldItalic.uasset" 3441
"../../../Engine/Content/EngineFonts/Faces/RobotoItalic.uasset" 3442
"../../../Engine/Content/EngineFonts/Faces/RobotoLight.uasset" 3443
"../../../Engine/Content/EngineFonts/Faces/RobotoRegular.uasset" 3444
"/Engine/EditorMaterials/ParticleSystems/PSysThumbnail_NoImage" 3445
"../../../Engine/Content/EditorMaterials/ParticleSystems/PSysThumbnail_NoImage.uasset" 3446
"/Engine/EditorMaterials/ParticleSystems/PSysThumbnail_OOD" 3447
"../../../Engine/Content/EditorMaterials/ParticleSystems/PSysThumbnail_OOD.uasset" 3448
"/Engine/EngineResources/LandscapeVisibilityLayerInfo" 3449
"../../../Engine/Content/EngineResources/LandscapeVisibilityLayerInfo.uasset" 3450
"../../../../../../Users/Anthony/Documents/GitHub/mechatronics-vr/Intermediate/ShaderAutogen/PCD3D_SM5/AutogenShaderHeaders.ush" 3451
"/ACLPlugin/ACLAnimBoneCompressionSettings" 3452
"../../Plugins/Animation/ACLPlugin/Content/ACLAnimBoneCompressionSettings.uasset" 3453
"/Engine/Animation/DefaultRecorderBoneCompression" 3454
"../../../Engine/Content/Animation/DefaultRecorderBoneCompression.uasset" 3455
"/ACLPlugin/ACLAnimCurveCompressionSettings" 3456
"../../Plugins/Animation/ACLPlugin/Content/ACLAnimCurveCompressionSettings.uasset" 3457
"/Engine/Animation/DefaultVariableFrameStrippingSettings" 3458
"../../../Engine/Content/Animation/DefaultVariableFrameStrippingSettings.uasset" 3459
"/ControlRig/Controls/ControlRigXRayMaterial" 3460
"../../Plugins/Animation/ControlRig/Content/Controls/ControlRigXRayMaterial.uasset" 3461
"/ControlRig/Controls/DefaultGizmoLibraryNormalized" 3462
"../../Plugins/Animation/ControlRig/Content/Controls/DefaultGizmoLibraryNormalized.uasset" 3463
"/Paper2D/MaskedUnlitSpriteMaterial" 3464
"../../Plugins/2D/Paper2D/Content/MaskedUnlitSpriteMaterial.uasset" 3465
"../../Plugins/2D/Paper2D/Content/DefaultSpriteMaterial.uasset" 3466
"../../Plugins/2D/Paper2D/Content/PlaceholderTextures/DummySpriteTexture.uasset" 3467
"/Paper2D/OpaqueUnlitSpriteMaterial" 3468
"../../Plugins/2D/Paper2D/Content/OpaqueUnlitSpriteMaterial.uasset" 3469
"/Paper2D/DefaultPaperTerrainMaterial" 3470
"../../Plugins/2D/Paper2D/Content/DefaultPaperTerrainMaterial.uasset" 3471
"../../Plugins/2D/Paper2D/Content/DummySprite.uasset" 3472
"/ControlRig/M_Manip" 3473
"../../Plugins/Animation/ControlRig/Content/M_Manip.uasset" 3474
"../../../Engine/Content/Functions/Engine_MaterialFunctions02/WorldPositionOffset/CameraOffset.uasset" 3475
"/AudioWidgets/Resources/ScrubHandleDown_Clamped" 3476
"../../Plugins/Runtime/AudioWidgets/Content/Resources/ScrubHandleDown_Clamped.uasset" 3477
"/Game/Materials/M_Highlight" 3478
"../../../../../../Users/Anthony/Documents/GitHub/mechatronics-vr/Content/Materials/M_Highlight.uasset" 3479
"/Game/M_GhostPreview" 3480
"../../../../../../Users/Anthony/Documents/GitHub/mechatronics-vr/Content/M_GhostPreview.uasset" 3481
"/Game/Materials/M_GrabbableOutline" 3482
"../../../../../../Users/Anthony/Documents/GitHub/mechatronics-vr/Content/Materials/M_GrabbableOutline.uasset" 3483
"/Game/VRTemplate/Blueprints/VRPawn" 3484
"../../../../../../Users/Anthony/Documents/GitHub/mechatronics-vr/Content/VRTemplate/Blueprints/VRPawn.uasset" 3485
"../../../../../../Users/Anthony/Documents/GitHub/mechatronics-vr/Content/Characters/MannequinsXR/Meshes/ABP_MannequinsXR.uasset" 3486
"../../../Engine/Content/EditorBlueprintResources/StandardMacros.uasset" 3487
"../../../../../../Users/Anthony/Documents/GitHub/mechatronics-vr/Content/Characters/MannequinsXR/B_MannequinsXR.uasset" 3488
"../../../../../../Users/Anthony/Documents/GitHub/mechatronics-vr/Content/VRTemplate/Blueprints/B_AssetGuideline.uasset" 3489
"../../../../../../Users/Anthony/Documents/GitHub/mechatronics-vr/Content/VRTemplate/Blueprints/Menu.uasset" 3490
"../../../../../../Users/Anthony/Documents/GitHub/mechatronics-vr/Content/VRTemplate/Blueprints/VRTeleportVisualizer.uasset" 3491
"../../../../../../Users/Anthony/Documents/GitHub/mechatronics-vr/Content/VRTemplate/Input/Actions/Hands/IA_Hand_Grasp_Left.uasset" 3492
"../../../../../../Users/Anthony/Documents/GitHub/mechatronics-vr/Content/VRTemplate/Input/Actions/Hands/IA_Hand_Grasp_Right.uasset" 3493
"../../../../../../Users/Anthony/Documents/GitHub/mechatronics-vr/Content/VRTemplate/Input/Actions/Hands/IA_Hand_IndexCurl_Left.uasset" 3494
"../../../../../../Users/Anthony/Documents/GitHub/mechatronics-vr/Content/VRTemplate/Input/Actions/Hands/IA_Hand_IndexCurl_Right.uasset" 3495
"../../../../../../Users/Anthony/Documents/GitHub/mechatronics-vr/Content/VRTemplate/Input/Actions/Hands/IA_Hand_Point_Left.uasset" 3496
"../../../../../../Users/Anthony/Documents/GitHub/mechatronics-vr/Content/VRTemplate/Input/Actions/Hands/IA_Hand_Point_Right.uasset" 3497
"../../../../../../Users/Anthony/Documents/GitHub/mechatronics-vr/Content/VRTemplate/Input/Actions/Hands/IA_Hand_ThumbUp_Left.uasset" 3498
"../../../../../../Users/Anthony/Documents/GitHub/mechatronics-vr/Content/VRTemplate/Input/Actions/Hands/IA_Hand_ThumbUp_Right.uasset" 3499
"../../../../../../Users/Anthony/Documents/GitHub/mechatronics-vr/Content/VRTemplate/Input/Actions/IA_Grab_Left.uasset" 3500
"../../../../../../Users/Anthony/Documents/GitHub/mechatronics-vr/Content/VRTemplate/Input/Actions/IA_Grab_Right.uasset" 3501
"../../../../../../Users/Anthony/Documents/GitHub/mechatronics-vr/Content/VRTemplate/Input/Actions/IA_Menu_Toggle_Left.uasset" 3502
"../../../../../../Users/Anthony/Documents/GitHub/mechatronics-vr/Content/VRTemplate/Input/Actions/IA_Menu_Toggle_Right.uasset" 3503
"../../../../../../Users/Anthony/Documents/GitHub/mechatronics-vr/Content/VRTemplate/Input/Actions/IA_Move.uasset" 3504
"../../../../../../Users/Anthony/Documents/GitHub/mechatronics-vr/Content/VRTemplate/Input/Actions/IA_Turn.uasset" 3505
"../../../../../../Users/Anthony/Documents/GitHub/mechatronics-vr/Content/VRTemplate/Input/IMC_Default.uasset" 3506
"../../../../../../Users/Anthony/Documents/GitHub/mechatronics-vr/Content/VRTemplate/Input/IMC_Hands.uasset" 3507
"../../../../../../Users/Anthony/Documents/GitHub/mechatronics-vr/Content/M_PP_Vignette.uasset" 3508
"../../../../../../Users/Anthony/Documents/GitHub/mechatronics-vr/Content/VRTemplate/VFX/NS_TeleportTrace.uasset" 3509
"../../../Engine/Content/VREditor/Devices/Generic/GenericHMD.uasset" 3510
"../../../../../../Users/Anthony/Documents/GitHub/mechatronics-vr/Content/Characters/MannequinsXR/Meshes/SKM_MannyXR_right.uasset" 3511
"../../../../../../Users/Anthony/Documents/GitHub/mechatronics-vr/Content/Characters/MannequinsXR/Animations/A_MannequinsXR_Grasp_Right.uasset" 3512
"../../../../../../Users/Anthony/Documents/GitHub/mechatronics-vr/Content/Characters/MannequinsXR/Animations/A_MannequinsXR_Idle_Right.uasset" 3513
"../../../../../../Users/Anthony/Documents/GitHub/mechatronics-vr/Content/Characters/MannequinsXR/Animations/A_MannequinsXR_IndexCurl_Right.uasset" 3514
"../../../../../../Users/Anthony/Documents/GitHub/mechatronics-vr/Content/Characters/MannequinsXR/Animations/A_MannequinsXR_Point_Right.uasset" 3515
"../../../../../../Users/Anthony/Documents/GitHub/mechatronics-vr/Content/Characters/MannequinsXR/Animations/A_MannequinsXR_ThumbUp_Right.uasset" 3516
"../../../../../../Users/Anthony/Documents/GitHub/mechatronics-vr/Content/Characters/MannequinsXR/Animations/MDT_MannequinsXR.uasset" 3517
"../../../../../../Users/Anthony/Documents/GitHub/mechatronics-vr/Content/Characters/MannequinsXR/Meshes/SK_MannequinsXR.uasset" 3518
"../../../../../../Users/Anthony/Documents/GitHub/mechatronics-vr/Content/Characters/MannequinsXR/Meshes/SKM_MannyXR_left.uasset" 3519
"../../../../../../Users/Anthony/Documents/GitHub/mechatronics-vr/Content/VRTemplate/Input/Actions/IA_Menu_Cursor_Left.uasset" 3520
"../../../../../../Users/Anthony/Documents/GitHub/mechatronics-vr/Content/VRTemplate/Input/Actions/IA_Menu_Cursor_Right.uasset" 3521
"../../../../../../Users/Anthony/Documents/GitHub/mechatronics-vr/Content/VRTemplate/Input/Actions/IA_Menu_Interact_Left.uasset" 3522
"../../../../../../Users/Anthony/Documents/GitHub/mechatronics-vr/Content/VRTemplate/Input/Actions/IA_Menu_Interact_Right.uasset" 3523
"../../../../../../Users/Anthony/Documents/GitHub/mechatronics-vr/Content/VRTemplate/Input/IMC_Menu.uasset" 3524
"../../../../../../Users/Anthony/Documents/GitHub/mechatronics-vr/Content/VRTemplate/Materials/M_VRCursor.uasset" 3525
"../../../../../../Users/Anthony/Documents/GitHub/mechatronics-vr/Content/VRTemplate/VFX/NS_MenuLaser.uasset" 3526
"../../../Engine/Content/BasicShapes/Sphere.uasset" 3527
"../../../../../../Users/Anthony/Documents/GitHub/mechatronics-vr/Content/VRTemplate/Blueprints/WidgetMenu.uasset" 3528
"../../../../../../Users/Anthony/Documents/GitHub/mechatronics-vr/Content/VRTemplate/VFX/NS_PlayAreaBounds.uasset" 3529
"../../../../../../Users/Anthony/Documents/GitHub/mechatronics-vr/Content/VRTemplate/VFX/NS_TeleportRing.uasset" 3530
"../../../../../../Users/Anthony/Documents/GitHub/mechatronics-vr/Content/VRTemplate/Materials/DefaultRibbonMaterial_NoGradient.uasset" 3531
"../../Plugins/FX/Niagara/Content/DynamicInputs/Helpers/SimulationPosition.uasset" 3532
"../../Plugins/FX/Niagara/Content/DynamicInputs/Multiply/Multiply_VectorByFloat.uasset" 3533
"../../Plugins/FX/Niagara/Content/DynamicInputs/ValueFromCurve/ColorFromCurve.uasset" 3534
"../../Plugins/FX/Niagara/Content/DynamicInputs/ValueFromCurve/FloatFromCurve.uasset" 3535
"../../Plugins/FX/Niagara/Content/Functions/Localspace/SimulationPosition.uasset" 3536
"../../Plugins/FX/Niagara/Content/Modules/Beams/BeamEmitterSetup.uasset" 3537
"../../Plugins/FX/Niagara/Content/Modules/Beams/BeamWidth.uasset" 3538
"../../Plugins/FX/Niagara/Content/Modules/Beams/SpawnBeam.uasset" 3539
"../../Plugins/FX/Niagara/Content/Modules/Emitter/EmitterState.uasset" 3540
"../../Plugins/FX/Niagara/Content/Modules/Emitter/SpawnBurst_Instantaneous.uasset" 3541
"../../Plugins/FX/Niagara/Content/Modules/Solvers/SolveForcesAndVelocity.uasset" 3542
"../../Plugins/FX/Niagara/Content/Modules/Spawn/Initialization/InitializeParticle.uasset" 3543
"../../Plugins/FX/Niagara/Content/Modules/System/SystemState.uasset" 3544
"../../Plugins/FX/Niagara/Content/Modules/Update/Color/Color.uasset" 3545
"../../Plugins/FX/Niagara/Content/Modules/Update/Lifetime/ParticleState.uasset" 3546
"../../Plugins/FX/Niagara/Content/Enums/ENiagara_EmitterStateOptions.uasset" 3547
"../../Plugins/FX/Niagara/Content/Enums/ENiagara_InfiniteLoopDuration.uasset" 3548
"../../Plugins/FX/Niagara/Content/Enums/ENiagaraEmitterLifeCycleMode.uasset" 3549
"../../Plugins/FX/Niagara/Content/Enums/ENiagaraEmitterScalabilityMode_Limited.uasset" 3550
"../../Plugins/FX/Niagara/Content/Enums/ENiagaraInactiveMode.uasset" 3551
"../../Plugins/FX/Niagara/Content/Enums/ENiagaraSystemInactiveMode.uasset" 3552
"../../../Engine/Content/VREditor/Devices/Generic/GenericHMDMaterial.uasset" 3553
"../../../../../../Users/Anthony/Documents/GitHub/mechatronics-vr/Content/Characters/MannequinsXR/Materials/Instances/Manny/MI_Manny_02.uasset" 3554
"../../../../../../Users/Anthony/Documents/GitHub/mechatronics-vr/Content/Characters/MannequinsXR/Meshes/SkeletalMeshLODSettings_MannequinsXR.uasset" 3555
"../../../Engine/Content/Animation/DefaultAnimCurveCompressionSettings.uasset" 3556
"../../Plugins/FX/Niagara/Content/ParameterDefinitions/CoreParameters.uasset" 3557
"../../Plugins/FX/Niagara/Content/ParameterDefinitions/RibbonRenderer.uasset" 3558
"../../Plugins/FX/Niagara/Content/Modules/Spawn/Initialization/V2/InitializeParticle.uasset" 3559
"../../Plugins/FX/Niagara/Content/Enums/ENiagara_ColorInitializationMode.uasset" 3560
"../../Plugins/FX/Niagara/Content/Enums/ENiagara_LifetimeMode.uasset" 3561
"../../Plugins/FX/Niagara/Content/Enums/ENiagara_MassInitializationMode.uasset" 3562
"../../Plugins/FX/Niagara/Content/Enums/ENiagara_PositionInitializationMode.uasset" 3563
"../../Plugins/FX/Niagara/Content/Enums/ENiagara_SizeScaleMode.uasset" 3564
"../../Plugins/FX/Niagara/Content/Enums/ENiagara_SpriteRotationMode.uasset" 3565
"../../Plugins/FX/Niagara/Content/Enums/ENiagara_UVFlippingMode.uasset" 3566
"../../Plugins/FX/Niagara/Content/Enums/ENiagaraChannelCorrelation.uasset" 3567
"../../Plugins/FX/Niagara/Content/Enums/ENiagaraRandomnessMode.uasset" 3568
"../../Plugins/FX/Niagara/Content/Enums/Ribbons/ENiagara_UnsetDirectSet.uasset" 3569
"../../Plugins/FX/Niagara/Content/Enums/Ribbons/ENiagara_UnsetDirectSetRandom.uasset" 3570
"../../../Engine/Content/EngineMaterials/DefaultMaterial.uasset" 3571
"../../../../../../Users/Anthony/Documents/GitHub/mechatronics-vr/Content/VRTemplate/Materials/M_TeleportNoise.uasset" 3572
"../../../../../../Users/Anthony/Documents/GitHub/mechatronics-vr/Content/VRTemplate/VFX/NPC_VRTemplate.uasset" 3573
"../../Plugins/FX/Niagara/Content/ParameterDefinitions/SpriteRenderer.uasset" 3574
"../../Plugins/FX/Niagara/Content/DynamicInputs/Arrays/SelectVectorFromArray.uasset" 3575
"../../Plugins/FX/Niagara/Content/DynamicInputs/Execution/ReturnExecIndex.uasset" 3576
"../../Plugins/FX/Niagara/Content/DynamicInputs/Execution/ReturnNormalizedExecIndex.uasset" 3577
"../../Plugins/FX/Niagara/Content/DynamicInputs/Multiply/Multiply_Vector.uasset" 3578
"../../Plugins/FX/Niagara/Content/Modules/Spawn/Initialization/InitializeRibbon.uasset" 3579
"../../Plugins/FX/Niagara/Content/Enums/ENiagara_WrapClamp.uasset" 3580
"../../Plugins/FX/Niagara/Content/Enums/ENiagaraArraySamplingMode.uasset" 3581
"../../Plugins/FX/Niagara/Content/Enums/ENiagaraRandomnessEvaluation.uasset" 3582
"../../../../../../Users/Anthony/Documents/GitHub/mechatronics-vr/Content/VRTemplate/Materials/M_TeleportCylinder.uasset" 3583
"../../Plugins/FX/Niagara/Content/Modules/Spawn/Location/TorusLocation.uasset" 3584
"../../../Engine/Content/BasicShapes/Cylinder.uasset" 3585
"../../Plugins/FX/Niagara/Content/Enums/ENiagaraTorusDistributionMode.uasset" 3586
"../../Plugins/FX/Niagara/Content/Enums/ENiagaraTorusMode.uasset" 3587
"../../Plugins/FX/Niagara/Content/Functions/Localspace/TransformVector.uasset" 3588
"../../Plugins/FX/Niagara/Content/Functions/DirectionAndLengthSafe.uasset" 3589
"../../Plugins/FX/Niagara/Content/Functions/Localspace/TransformPosition.uasset" 3590
"../../Plugins/FX/Niagara/Content/Functions/NormalizedExecutionIndex.uasset" 3591
"../../Plugins/FX/Niagara/Content/Functions/Spline/FindPositionOnBezierSpline.uasset" 3592
"../../Plugins/FX/Niagara/Content/Functions/Emitter/EmitterChangeState.uasset" 3593
"../../Plugins/FX/Niagara/Content/Icons/Modules/T_Icon_Scalability_Emitter.uasset" 3594
"../../Plugins/FX/Niagara/Content/Icons/Modules/T_Icon_Scalability_System.uasset" 3595
"../../Plugins/FX/Niagara/Content/Functions/V2/CalculateRandomRangeFloat.uasset" 3596
"../../Plugins/FX/Niagara/Content/ParameterDefinitions/MeshRenderer.uasset" 3597
"../../Plugins/FX/Niagara/Content/Functions/Drag/DragVelocity.uasset" 3598
"../../Plugins/FX/Niagara/Content/Functions/Math/CentimeterMeterConversion.uasset" 3599
"../../Plugins/FX/Niagara/Content/Functions/Rotation/MultiplyVectorWithQuaternion.uasset" 3600
"../../Plugins/FX/Niagara/Content/Modules/Solvers/ApplyRotationVector.uasset" 3601
"../../Plugins/FX/Niagara/Content/Icons/Modules/T_Icon_Solver_LimitAccel.uasset" 3602
"../../Plugins/FX/Niagara/Content/Icons/Modules/T_Icon_Solver_LimitSpeed.uasset" 3603
"../../Plugins/FX/Niagara/Content/Icons/Modules/T_Icon_Solver_RotationalSolve.uasset" 3604
"../../Plugins/FX/Niagara/Content/Functions/RandomRangeFloat.uasset" 3605
"../../Plugins/FX/Niagara/Content/Functions/System/SystemChangeState.uasset" 3606
"../../Plugins/FX/Niagara/Content/Functions/Math/SaturateFloat.uasset" 3607
"../../Plugins/FX/Niagara/Content/Icons/Modules/T_Icon_Particle_InfiniteLife.uasset" 3608
"../../../../../../Users/Anthony/Documents/GitHub/mechatronics-vr/Content/Characters/MannequinsXR/Materials/Instances/Manny/MI_Manny_01.uasset" 3609
"../../../../../../Users/Anthony/Documents/GitHub/mechatronics-vr/Content/Characters/MannequinsXR/Textures/Manny/T_Manny_02_ASAOPMASK_MSK.uasset" 3610
"../../../../../../Users/Anthony/Documents/GitHub/mechatronics-vr/Content/Characters/MannequinsXR/Textures/Manny/T_Manny_02_BN.uasset" 3611
"../../../../../../Users/Anthony/Documents/GitHub/mechatronics-vr/Content/Characters/MannequinsXR/Textures/Manny/T_Manny_02_CCRCCPlastic_MSK.uasset" 3612
"../../../../../../Users/Anthony/Documents/GitHub/mechatronics-vr/Content/Characters/MannequinsXR/Textures/Manny/T_Manny_02_D.uasset" 3613
"../../../../../../Users/Anthony/Documents/GitHub/mechatronics-vr/Content/Characters/MannequinsXR/Textures/Manny/T_Manny_02_MSR_MSK.uasset" 3614
"../../../../../../Users/Anthony/Documents/GitHub/mechatronics-vr/Content/Characters/MannequinsXR/Textures/Manny/T_Manny_02_N.uasset" 3615
"../../../../../../Users/Anthony/Documents/GitHub/mechatronics-vr/Content/Characters/MannequinsXR/Textures/Manny/T_Manny_02_Tan.uasset" 3616
"../../Plugins/FX/Niagara/Content/Functions/LinearColor/HueShiftLinearColor.uasset" 3617
"../../Plugins/FX/Niagara/Content/Functions/V2/CalculateRandomBool.uasset" 3618
"../../Plugins/FX/Niagara/Content/Functions/V2/CalculateRandomRange.uasset" 3619
"../../Plugins/FX/Niagara/Content/Functions/V2/CalculateRandomRangeInteger.uasset" 3620
"../../../Engine/Content/Functions/Engine_MaterialFunctions02/Utility/DepthFromWorldPosition.uasset" 3621
"../../../../../../Users/Anthony/Documents/GitHub/mechatronics-vr/Content/VRTemplate/Materials/Functions/MF_OccludedPixels.uasset" 3622
"../../../Engine/Content/EngineMaterials/Good64x64TilingNoiseHighFreq.uasset" 3623
"../../Plugins/FX/Niagara/Content/Functions/Localspace/PositionToVector.uasset" 3624
"../../Plugins/FX/Niagara/Content/Functions/ParametricTorus.uasset" 3625
"../../Plugins/FX/Niagara/Content/Functions/ParametricTorusKnot.uasset" 3626
"../../Plugins/FX/Niagara/Content/Functions/PolarToCartesianCoordinates.uasset" 3627
"../../Plugins/FX/Niagara/Content/Functions/RandomRange.uasset" 3628
"../../Plugins/FX/Niagara/Content/Functions/Rotation/AxisAngleToQuaternion.uasset" 3629
"../../Plugins/FX/Niagara/Content/Functions/Rotation/FindQuatBetween.uasset" 3630
"../../Plugins/FX/Niagara/Content/Functions/Rotation/MultiplyQuaternion.uasset" 3631
"../../Plugins/FX/Niagara/Content/Functions/Localspace/TransformBase.uasset" 3632
"../../Plugins/FX/Niagara/Content/Functions/GetRandomInfo.uasset" 3633
"../../../../../../Users/Anthony/Documents/GitHub/mechatronics-vr/Content/Characters/MannequinsXR/Materials/M_Mannequin.uasset" 3634
"../../../../../../Users/Anthony/Documents/GitHub/mechatronics-vr/Content/Characters/MannequinsXR/Textures/Manny/T_Manny_01_ASAOPMASK_MSK.uasset" 3635
"../../../../../../Users/Anthony/Documents/GitHub/mechatronics-vr/Content/Characters/MannequinsXR/Textures/Manny/T_Manny_01_BN.uasset" 3636
"../../../../../../Users/Anthony/Documents/GitHub/mechatronics-vr/Content/Characters/MannequinsXR/Textures/Manny/T_Manny_01_CCRCCPlastic_MSK.uasset" 3637
"../../../../../../Users/Anthony/Documents/GitHub/mechatronics-vr/Content/Characters/MannequinsXR/Textures/Manny/T_Manny_01_D.uasset" 3638
"../../../../../../Users/Anthony/Documents/GitHub/mechatronics-vr/Content/Characters/MannequinsXR/Textures/Manny/T_Manny_01_MSR_MSK.uasset" 3639
"../../../../../../Users/Anthony/Documents/GitHub/mechatronics-vr/Content/Characters/MannequinsXR/Textures/Manny/T_Manny_01_N.uasset" 3640
"../../../../../../Users/Anthony/Documents/GitHub/mechatronics-vr/Content/Characters/MannequinsXR/Textures/Manny/T_Manny_01_Tan.uasset" 3641
"../../Plugins/FX/Niagara/Content/Functions/ChannelMasks/SelectV4Channel.uasset" 3642
"../../Plugins/FX/Niagara/Content/Enums/ENiagaraVector4_Channels.uasset" 3643
"../../../../../../Users/Anthony/Documents/GitHub/mechatronics-vr/Content/Characters/MannequinsXR/Materials/Functions/CA_Mannequin.uasset" 3644
"../../../Engine/Content/Functions/Engine_MaterialFunctions01/Texturing/ScaleUVsByCenter.uasset" 3645
"../../../../../../Users/Anthony/Documents/GitHub/mechatronics-vr/Content/Characters/MannequinsXR/Materials/Functions/MF_Diffraction.uasset" 3646
"../../../../../../Users/Anthony/Documents/GitHub/mechatronics-vr/Content/Characters/MannequinsXR/Materials/Functions/MF_logo3layers.uasset" 3647
"../../../../../../Users/Anthony/Documents/GitHub/mechatronics-vr/Content/Characters/MannequinsXR/Materials/Functions/ML_BaseColorFallOff.uasset" 3648
"../../../../../../Users/Anthony/Documents/GitHub/mechatronics-vr/Content/Characters/MannequinsXR/Textures/Shared/T_UE_Logo_M.uasset" 3649
"../../../../../../Users/Anthony/Documents/GitHub/mechatronics-vr/Content/Characters/MannequinsXR/Materials/Functions/ChromaticCurve.uasset" 3650
"../../../Engine/Plugins/FX/Niagara/Shaders/Private/NiagaraDataInterfaceCurveTemplate.ush" 3651
"../../../Engine/Plugins/FX/Niagara/Shaders/Private/NiagaraDataInterfaceArrayTemplate.ush" 3652
"../../../Engine/Plugins/FX/Niagara/Shaders/Private/NiagaraDataInterfaceArrayRWTemplate.ush" 3653
"../../../Engine/Plugins/FX/Niagara/Shaders/Private/NiagaraDataInterfaceMeshRendererInfoTemplate.ush" 3654
"../../../Engine/Plugins/FX/Niagara/Shaders/Private/NiagaraDataInterfaceDebugDraw.ush" 3655
"../../../Engine/Plugins/FX/Niagara/Shaders/Private/NiagaraDataInterfaceDebugDrawTemplate.ush" 3656
"../../../Engine/Plugins/FX/Niagara/Shaders/Private/NiagaraDataInterfaceTexture2DArrayTemplate.ush" 3657
"../../../Engine/Plugins/FX/Niagara/Shaders/Private/NiagaraDataInterfaceActorComponentTemplate.ush" 3658
"../../../Engine/Plugins/FX/Niagara/Shaders/Private/NiagaraDataInterfaceArrayDistributionIntTemplate.ush" 3659
"../../../Engine/Plugins/FX/Niagara/Shaders/Private/NiagaraDataInterfaceAsyncGpuTrace.ush" 3660
"../../../Engine/Plugins/FX/Niagara/Shaders/Private/NiagaraDataInterfaceAsyncGpuTraceTemplate.ush" 3661
"../../../Engine/Plugins/FX/Niagara/Shaders/Private/NiagaraDataInterfaceCamera.ush" 3662
"../../../Engine/Plugins/FX/Niagara/Shaders/Private/NiagaraDataInterfaceCollisionQuery.ush" 3663
"C:/Users/Anthony/Documents/GitHub/mechatronics-vr/Intermediate/ShaderAutogen/PCD3D_SM5/AutogenShaderHeaders.ush" 3664
"../../../Engine/Plugins/FX/Niagara/Shaders/Private/NiagaraDataInterfaceCollisionQueryTemplate.ush" 3665
"../../../Engine/Plugins/FX/Niagara/Shaders/Private/NiagaraDataInterfaceCubeTextureTemplate.ush" 3666
"../../../Engine/Plugins/FX/Niagara/Shaders/Private/DataChannel/NiagaraDataInterfaceDataChannelCommon.ush" 3667
"../../../Engine/Plugins/FX/Niagara/Shaders/Private/DataChannel/NiagaraDataInterfaceDataChannelTemplateCommon.ush" 3668
"../../../Engine/Plugins/FX/Niagara/Shaders/Private/DataChannel/NiagaraDataInterfaceDataChannelTemplateReadCommon.ush" 3669
"../../../Engine/Plugins/FX/Niagara/Shaders/Private/DataChannel/NiagaraDataInterfaceDataChannelTemplate_Read.ush" 3670
"../../../Engine/Plugins/FX/Niagara/Shaders/Private/DataChannel/NiagaraDataInterfaceDataChannelTemplate_Consume.ush" 3671
"../../../Engine/Plugins/FX/Niagara/Shaders/Private/DataChannel/NiagaraDataInterfaceDataChannelTemplateWriteCommon.ush" 3672
"../../../Engine/Plugins/FX/Niagara/Shaders/Private/DataChannel/NiagaraDataInterfaceDataChannelTemplate_Append.ush" 3673
"../../../Engine/Plugins/FX/Niagara/Shaders/Private/NiagaraDataInterfaceDataTableTemplate.ush" 3674
"../../../Engine/Plugins/FX/Niagara/Shaders/Private/NiagaraDataInterfaceDynamicMeshTemplate.ush" 3675
"../../../Engine/Plugins/FX/Niagara/Shaders/Private/NiagaraDataInterfaceEmitterPropertiesTemplate.ush" 3676
"../../../Engine/Plugins/FX/Niagara/Shaders/Private/NiagaraDataInterfaceExportTemplate.ush" 3677
"../../../Engine/Plugins/FX/Niagara/Shaders/Private/NiagaraDataInterfaceGBufferTemplate.ush" 3678
"../../../Engine/Plugins/Runtime/HairStrands/Shaders/Private/NiagaraStrandsExternalForce.ush" 3679
"../../../Engine/Plugins/Runtime/HairStrands/Shaders/Private/NiagaraHookeSpringMaterial.ush" 3680
"../../../Engine/Plugins/Runtime/HairStrands/Shaders/Private/NiagaraAngularSpringMaterial.ush" 3681
"../../../Engine/Plugins/Runtime/HairStrands/Shaders/Private/NiagaraConstantVolumeMaterial.ush" 3682
"../../../Engine/Plugins/Runtime/HairStrands/Shaders/Private/NiagaraCosseratRodMaterial.ush" 3683
"../../../Engine/Plugins/Runtime/HairStrands/Shaders/Private/NiagaraStaticCollisionConstraint.ush" 3684
"../../../Engine/Plugins/Runtime/HairStrands/Shaders/Private/NiagaraDataInterfaceHairStrands.ush" 3685
"../../../Engine/Plugins/Runtime/HairStrands/Shaders/Private/NiagaraDataInterfaceHairStrandsTemplate.ush" 3686
"../../../Engine/Plugins/FX/Niagara/Shaders/Private/NiagaraDataInterfaceIntRenderTarget2D.ush" 3687
"../../../Engine/Plugins/FX/Niagara/Shaders/Private/NiagaraDataInterfaceLandscape.ush" 3688
"../../../Engine/Plugins/FX/Niagara/Shaders/Private/NiagaraDataInterfaceMemoryBufferTemplate.ush" 3689
"../../../Engine/Plugins/FX/Niagara/Shaders/Private/NiagaraDataInterfaceOcclusion.ush" 3690
"../../../Engine/Plugins/FX/Niagara/Shaders/Private/NiagaraDataInterfacePhysicsAsset.ush" 3691
"../../../Engine/Plugins/FX/Niagara/Shaders/Private/NiagaraDataInterfacePlatformSetTemplate.ush" 3692
"../../../Engine/Plugins/Runtime/HairStrands/Shaders/Private/NiagaraDataInterfaceVelocityGrid.ush" 3693
"../../../Engine/Plugins/Runtime/HairStrands/Shaders/Private/NiagaraDataInterfaceVelocityGridTemplate.ush" 3694
"../../../Engine/Plugins/Runtime/HairStrands/Shaders/Private/NiagaraDataInterfacePressureGrid.ush" 3695
"../../../Engine/Plugins/Runtime/HairStrands/Shaders/Private/NiagaraDataInterfacePressureGridTemplate.ush" 3696
"../../../Engine/Plugins/FX/Niagara/Shaders/Private/NiagaraDataInterfaceRenderTarget2DTemplate.ush" 3697
"../../../Engine/Plugins/FX/Niagara/Shaders/Private/NiagaraDataInterfaceRenderTarget2DArrayTemplate.ush" 3698
"../../../Engine/Plugins/FX/Niagara/Shaders/Private/NiagaraDataInterfaceRenderTargetCubeTemplate.ush" 3699
"../../../Engine/Plugins/FX/Niagara/Shaders/Private/NiagaraDataInterfaceRenderTargetVolumeTemplate.ush" 3700
"../../../Engine/Plugins/FX/Niagara/Shaders/Private/NiagaraDataInterfaceRigidMeshCollisionQuery.ush" 3701
"../../../Engine/Plugins/FX/Niagara/Shaders/Private/NiagaraDistanceFieldQueries.ush" 3702
"../../../Engine/Plugins/FX/Niagara/Shaders/Private/NiagaraDataInterfaceSceneCapture2DTemplate.ush" 3703
"../../../Engine/Plugins/FX/Niagara/Shaders/Private/NiagaraDataInterfaceSimCacheReaderTemplate.ush" 3704
"../../../Engine/Plugins/FX/Niagara/Shaders/Private/NiagaraDataInterfaceSimpleCounterTemplate.ush" 3705
"../../../Engine/Plugins/FX/Niagara/Shaders/Private/NiagaraDataInterfaceSkeletalMesh.ush" 3706
"../../../Engine/Plugins/FX/Niagara/Shaders/Private/NiagaraBaryCentricUtils.ush" 3707
"../../../Engine/Plugins/FX/Niagara/Shaders/Private/NiagaraDataInterfaceSkeletalMeshTemplate.ush" 3708
"../../../Engine/Plugins/FX/Niagara/Shaders/Private/NiagaraDataInterfaceSocketReaderTemplate.ush" 3709
"../../../Engine/Plugins/FX/Niagara/Shaders/Private/NiagaraTransformUtils.ush" 3710
"../../../Engine/Plugins/FX/Niagara/Shaders/Private/NiagaraDataInterfaceSparseVolumeTextureTemplate.ush" 3711
"../../../Engine/Plugins/FX/Niagara/Shaders/Private/NiagaraDataInterfaceSplineTemplate.ush" 3712
"../../../Engine/Plugins/FX/Niagara/Shaders/Private/NiagaraDataInterfaceSpriteRendererInfoTemplate.ush" 3713
"../../../Engine/Plugins/FX/Niagara/Shaders/Private/NiagaraDataInterfaceStaticMeshTemplate.ush" 3714
"../../../Engine/Plugins/FX/Niagara/Shaders/Private/NiagaraDataInterfaceTextureTemplate.ush" 3715
"../../../Engine/Plugins/FX/Niagara/Shaders/Private/NiagaraDataInterfaceVirtualTexture.ush" 3716
"../../../Engine/Plugins/FX/Niagara/Shaders/Private/NiagaraDataInterfaceVirtualTextureTemplate.ush" 3717
"../../../Engine/Plugins/FX/Niagara/Shaders/Private/NiagaraDataInterfaceVirtualTextureSampleTemplate.ush" 3718
"../../../Engine/Plugins/FX/Niagara/Shaders/Private/NiagaraDataInterfaceVolumeCache.ush" 3719
"../../../Engine/Plugins/FX/Niagara/Shaders/Private/NiagaraDataInterfaceVolumeTextureTemplate.ush" 3720
"../../../Engine/Config/BaseUnrealInsightsSettings.ini" 3721
"/Engine/BasicShapes/Plane" 3722
"../../../Engine/Content/BasicShapes/Plane.uasset" 3723
"/MetaHuman/GenericTracker/GenericFaceContourTracker" 3724
"../../Plugins/MetaHuman/MetaHumanAnimator/Content/GenericTracker/GenericFaceContourTracker.uasset" 3725
"/MetaHumanCoreTech/RealtimeMono/DefaultSmoothing" 3726
"../../Plugins/MetaHuman/MetaHumanCoreTechLib/Content/RealtimeMono/DefaultSmoothing.uasset" 3727
"/MetaHuman/Solver/GenericFaceAnimationSolver" 3728
"../../Plugins/MetaHuman/MetaHumanAnimator/Content/Solver/GenericFaceAnimationSolver.uasset" 3729
"../../../Engine/Intermediate/ProjectFiles/PrimaryProjectPath.txt" 3730
"/MediaPlate/SM_MediaPlateScreen" 3731
"../../Plugins/Media/MediaPlate/Content/SM_MediaPlateScreen.uasset" 3732
"/SpeedTreeImporter/SpeedTree9/SpeedTreeMaster" 3733
"../../Plugins/Editor/SpeedTreeImporter/Content/SpeedTree9/SpeedTreeMaster.uasset" 3734
"../../../Engine/Content/Functions/Engine_MaterialFunctions02/ObjectLocalBounds.uasset" 3735
"../../../Engine/Content/Functions/Engine_MaterialFunctions02/SafeNormalize.uasset" 3736
"../../../Engine/Content/Functions/Engine_MaterialFunctions02/Utility/VectorLength.uasset" 3737
"../../../Engine/Content/Functions/Engine_MaterialFunctions02/UVs/BoundingBoxBased_0-1_UVW.uasset" 3738
"../../../Engine/Content/Functions/Engine_MaterialFunctions02/WorldPositionOffset/ObjectScale.uasset" 3739
"../../Plugins/Editor/SpeedTreeImporter/Content/SpeedTree9/SpeedTreeBranchMotion.uasset" 3740
"../../Plugins/Editor/SpeedTreeImporter/Content/SpeedTree9/SpeedTreeCameraFacing.uasset" 3741
"../../Plugins/Editor/SpeedTreeImporter/Content/SpeedTree9/SpeedTreeWind.uasset" 3742
"../../Plugins/Editor/SpeedTreeImporter/Content/SpeedTree9/SpeedTreeWindMotion.uasset" 3743
"../../Plugins/Editor/SpeedTreeImporter/Content/SpeedTree9/UnpackDirection.uasset" 3744
"../../Plugins/Editor/SpeedTreeImporter/Content/SpeedTree9/UnpackInteger3.uasset" 3745
"../../Plugins/Editor/SpeedTreeImporter/Content/SpeedTree9/Empty.uasset" 3746
"../../Plugins/Editor/SpeedTreeImporter/Content/SpeedTree9/EmptyNormal.uasset" 3747
"../../Plugins/Editor/SpeedTreeImporter/Content/SpeedTree9/game_wind_noise.uasset" 3748
"/SpeedTreeImporter/SpeedTree9/SpeedTreeBillboardMaster" 3749
"../../Plugins/Editor/SpeedTreeImporter/Content/SpeedTree9/SpeedTreeBillboardMaster.uasset" 3750
"../../Plugins/Editor/SpeedTreeImporter/Content/SpeedTree9/SpeedTreeBillboard.uasset" 3751
"/OpenXR/Devices/HTCVive/HTCViveController" 3752
"../../Plugins/Runtime/OpenXR/Content/Devices/HTCVive/HTCViveController.uasset" 3753
"../../Plugins/Runtime/OpenXR/Content/Devices/HTCVive/MI_HTCVive.uasset" 3754
"../../Plugins/Runtime/OpenXR/Content/Devices/M_XRController.uasset" 3755
"../../../Engine/Content/EngineMaterials/BaseFlattenNormalMap.uasset" 3756
"../../Plugins/Runtime/OpenXR/Content/Devices/HTCVive/BaseTexture.uasset" 3757
"/OpenXR/Devices/MicrosoftMixedReality/Left/left_MicrosoftMixedRealityController" 3758
"../../Plugins/Runtime/OpenXR/Content/Devices/MicrosoftMixedReality/Left/left_MicrosoftMixedRealityController.uasset" 3759
"../../Plugins/Runtime/OpenXR/Content/Devices/MicrosoftMixedReality/MI_MicrosoftMixedReality.uasset" 3760
"../../Plugins/Runtime/OpenXR/Content/Devices/MicrosoftMixedReality/BaseTexture.uasset" 3761
"../../Plugins/Runtime/OpenXR/Content/Devices/MicrosoftMixedReality/EmissiveTexture.uasset" 3762
"../../Plugins/Runtime/OpenXR/Content/Devices/MicrosoftMixedReality/MRTexture.uasset" 3763
"../../Plugins/Runtime/OpenXR/Content/Devices/MicrosoftMixedReality/NormalTexture.uasset" 3764
"/OpenXR/Devices/MicrosoftMixedReality/Right/right_MicrosoftMixedRealityController" 3765
"../../Plugins/Runtime/OpenXR/Content/Devices/MicrosoftMixedReality/Right/right_MicrosoftMixedRealityController.uasset" 3766
"/OpenXR/Devices/OculusGo/OculusGoController" 3767
"../../Plugins/Runtime/OpenXR/Content/Devices/OculusGo/OculusGoController.uasset" 3768
"../../Plugins/Runtime/OpenXR/Content/Devices/OculusGo/MI_OculusGo.uasset" 3769
"../../Plugins/Runtime/OpenXR/Content/Devices/OculusGo/BaseTexture.uasset" 3770
"/OpenXR/Devices/OculusTouch/Left/left_OculusTouchController" 3771
"../../Plugins/Runtime/OpenXR/Content/Devices/OculusTouch/Left/left_OculusTouchController.uasset" 3772
"../../Plugins/Runtime/OpenXR/Content/Devices/OculusTouch/MI_OculusTouch.uasset" 3773
"../../Plugins/Runtime/OpenXR/Content/Devices/OculusTouch/BaseTexture.uasset" 3774
"../../Plugins/Runtime/OpenXR/Content/Devices/OculusTouch/MRTexture.uasset" 3775
"/OpenXR/Devices/OculusTouch/Right/right_OculusTouchController" 3776
"../../Plugins/Runtime/OpenXR/Content/Devices/OculusTouch/Right/right_OculusTouchController.uasset" 3777
"/OpenXR/Devices/ValveIndex/Left/left_ValveIndexController" 3778
"../../Plugins/Runtime/OpenXR/Content/Devices/ValveIndex/Left/left_ValveIndexController.uasset" 3779
"../../Plugins/Runtime/OpenXR/Content/Devices/ValveIndex/Left/MI_left_ValveIndex.uasset" 3780
"../../Plugins/Runtime/OpenXR/Content/Devices/ValveIndex/BaseTexture.uasset" 3781
"../../Plugins/Runtime/OpenXR/Content/Devices/ValveIndex/MRTexture.uasset" 3782
"/OpenXR/Devices/ValveIndex/Right/right_ValveIndexController" 3783
"../../Plugins/Runtime/OpenXR/Content/Devices/ValveIndex/Right/right_ValveIndexController.uasset" 3784
"../../Plugins/Runtime/OpenXR/Content/Devices/ValveIndex/Right/MI_right_ValveIndex.uasset" 3785
"/OpenXR/Devices/OculusTouch_v2/Left/left_OculusTouch_v2Controller" 3786
"../../Plugins/Runtime/OpenXR/Content/Devices/OculusTouch_v2/Left/left_OculusTouch_v2Controller.uasset" 3787
"../../Plugins/Runtime/OpenXR/Content/Devices/OculusTouch_v2/MI_OculusTouch_v2.uasset" 3788
"../../Plugins/Runtime/OpenXR/Content/Devices/OculusTouch_v2/BaseTexture.uasset" 3789
"../../Plugins/Runtime/OpenXR/Content/Devices/OculusTouch_v2/MRTexture.uasset" 3790
"/OpenXR/Devices/OculusTouch_v2/Right/right_OculusTouch_v2Controller" 3791
"../../Plugins/Runtime/OpenXR/Content/Devices/OculusTouch_v2/Right/right_OculusTouch_v2Controller.uasset" 3792
"/OpenXR/Devices/OculusTouch_v3/Left/left_OculusTouch_v3Controller" 3793
"../../Plugins/Runtime/OpenXR/Content/Devices/OculusTouch_v3/Left/left_OculusTouch_v3Controller.uasset" 3794
"../../Plugins/Runtime/OpenXR/Content/Devices/OculusTouch_v3/MI_OculusTouch_v3.uasset" 3795
"../../Plugins/Runtime/OpenXR/Content/Devices/OculusTouch_v3/BaseTexture.uasset" 3796
"../../Plugins/Runtime/OpenXR/Content/Devices/OculusTouch_v3/MRTexture.uasset" 3797
"/OpenXR/Devices/OculusTouch_v3/Right/right_OculusTouch_v3Controller" 3798
"../../Plugins/Runtime/OpenXR/Content/Devices/OculusTouch_v3/Right/right_OculusTouch_v3Controller.uasset" 3799
"/Engine/BasicShapes/BasicShapeMaterial" 3800
"../../../Engine/Content/BasicShapes/BasicShapeMaterial.uasset" 3801
"/Engine/EditorMaterials/Dataflow/DataflowVertexMaterial" 3802
"../../../Engine/Content/EditorMaterials/Dataflow/DataflowVertexMaterial.uasset" 3803
"/Engine/EditorMaterials/Dataflow/DataflowTwoSidedVertexMaterial" 3804
"../../../Engine/Content/EditorMaterials/Dataflow/DataflowTwoSidedVertexMaterial.uasset" 3805
"/MeshModelingToolsetExp/Materials/PointSetOverlaidComponentMaterial" 3806
"../../Plugins/Experimental/MeshModelingToolsetExp/Content/Materials/PointSetOverlaidComponentMaterial.uasset" 3807
"../../../Engine/Content/Functions/Engine_MaterialFunctions02/Utility/FOV.uasset" 3808
"../../../Engine/Content/Functions/Engine_MaterialFunctions02/WorldPositionOffset/V2/ObjectScale.uasset" 3809
"../../../Engine/Content/Functions/Engine_MaterialFunctions03/Viewport/MF_OrthoWidth.uasset" 3810
"../../Plugins/Experimental/MeshModelingToolsetExp/Content/Materials/GetDisplacementVectorForDepthBias.uasset" 3811
"/Engine/EditorLandscapeResources/LayerVisMaterial" 3812
"../../../Engine/Content/EditorLandscapeResources/LayerVisMaterial.uasset" 3813
"../../../Engine/Content/EditorLandscapeResources/WhiteSquareTexture.uasset" 3814
"/Engine/EditorLandscapeResources/SelectBrushMaterial_Selected" 3815
"../../../Engine/Content/EditorLandscapeResources/SelectBrushMaterial_Selected.uasset" 3816
"../../../Engine/Content/EditorLandscapeResources/SelectBrushMaterial.uasset" 3817
"../../../Engine/Content/Functions/Engine_MaterialFunctions03/Math/WithinRangeFloat2.uasset" 3818
"../../../Engine/Content/EditorLandscapeResources/DefaultAlphaTexture.uasset" 3819
"/Engine/EditorLandscapeResources/SelectBrushMaterial_SelectedRegion" 3820
"../../../Engine/Content/EditorLandscapeResources/SelectBrushMaterial_SelectedRegion.uasset" 3821
"/Engine/EditorLandscapeResources/MaskBrushMaterial_MaskedRegion" 3822
"../../../Engine/Content/EditorLandscapeResources/MaskBrushMaterial_MaskedRegion.uasset" 3823
"../../../Engine/Content/EditorLandscapeResources/MaskBrushMaterial.uasset" 3824
"/Engine/EditorLandscapeResources/ColorMaskBrushMaterial_MaskedRegion" 3825
"../../../Engine/Content/EditorLandscapeResources/ColorMaskBrushMaterial_MaskedRegion.uasset" 3826
"../../../Engine/Content/EditorLandscapeResources/ColorMaskBrushMaterial.uasset" 3827
"/Engine/EditorLandscapeResources/LandscapeDirtyMaterial" 3828
"../../../Engine/Content/EditorLandscapeResources/LandscapeDirtyMaterial.uasset" 3829
"/Engine/EditorLandscapeResources/LandscapeLayerUsageMaterial" 3830
"../../../Engine/Content/EditorLandscapeResources/LandscapeLayerUsageMaterial.uasset" 3831
"../../../Engine/Content/Functions/Engine_MaterialFunctions01/Debug/DebugIntValues.uasset" 3832
"../../../Engine/Content/Functions/Engine_MaterialFunctions02/WorldPositionOffset/LocalPosition.uasset" 3833
"../../../Engine/Content/Functions/Engine_MaterialFunctions01/Texturing/TextureCropping.uasset" 3834
"../../../Engine/Content/Functions/Engine_MaterialFunctions02/ExampleContent/DebugNumberStrip.uasset" 3835
"C:/Users/Anthony/AppData/Local/UnrealEngine/Editor/UInteractiveToolsPresetCollectionAsset_DefaultCollection.json" 3836
"/Engine/EngineMaterials/NaniteHiddenSectionMaterial" 3837
"../../../Engine/Content/EngineMaterials/NaniteHiddenSectionMaterial.uasset" 3838
"/Engine/EngineMaterials/RemoveSurfaceMaterial" 3839
"../../../Engine/Content/EngineMaterials/RemoveSurfaceMaterial.uasset" 3840
"/Engine/EngineDebugMaterials/DebugMeshMaterial" 3841
"../../../Engine/Content/EngineDebugMaterials/DebugMeshMaterial.uasset" 3842
"/Engine/EngineMaterials/EmissiveMeshMaterial" 3843
"../../../Engine/Content/EngineMaterials/EmissiveMeshMaterial.uasset" 3844
"../../../Engine/Content/EngineMaterials/DefaultWhiteGrid_Low.uasset" 3845
"/Engine/EngineMaterials/M_InvalidLightmapSettings" 3846
"../../../Engine/Content/EngineMaterials/M_InvalidLightmapSettings.uasset" 3847
"../../../Engine/Content/EngineMaterials/InvalidLightmapSettings.uasset" 3848
"/Engine/EngineMaterials/GizmoMaterial" 3849
"../../../Engine/Content/EngineMaterials/GizmoMaterial.uasset" 3850
"/Engine/EngineMaterials/PhAT_JointLimitMaterial" 3851
"../../../Engine/Content/EngineMaterials/PhAT_JointLimitMaterial.uasset" 3852
"/Engine/EngineMaterials/FlattenMaterial" 3853
"../../../Engine/Content/EngineMaterials/FlattenMaterial.uasset" 3854
"../../../Engine/Content/EngineMaterials/BaseFlattenDiffuseMap.uasset" 3855
"../../../Engine/Content/EngineMaterials/BaseFlattenEmissiveMap.uasset" 3856
"../../../Engine/Content/EngineMaterials/BaseFlattenGrayscaleMap.uasset" 3857
"../../../Engine/Content/EngineMaterials/BaseFlattenLinearColor.uasset" 3858
"../../../Engine/Content/Functions/Engine_MaterialFunctions02/PivotPainter2/Black_1x1_EXR_Texture.uasset" 3859
"/Engine/EngineMaterials/FlattenMaterial_VT" 3860
"../../../Engine/Content/EngineMaterials/FlattenMaterial_VT.uasset" 3861
"../../../Engine/Content/EngineMaterials/BaseFlattenDiffuseMap_VT.uasset" 3862
"../../../Engine/Content/EngineMaterials/BaseFlattenEmissiveMap_VT.uasset" 3863
"../../../Engine/Content/EngineMaterials/BaseFlattenGrayscaleMap_VT.uasset" 3864
"../../../Engine/Content/EngineMaterials/BaseFlattenLinearColor_VT.uasset" 3865
"../../../Engine/Content/EngineMaterials/BaseFlattenNormalMap_VT.uasset" 3866
"../../../Engine/Content/EngineMaterials/Black_1x1_EXR_Texture_VT.uasset" 3867
"/Engine/EngineMaterials/FlattenMaterial_WS_Normal_VT" 3868
"../../../Engine/Content/EngineMaterials/FlattenMaterial_WS_Normal_VT.uasset" 3869
"/Engine/EngineMaterials/DefaultBokeh" 3870
"../../../Engine/Content/EngineMaterials/DefaultBokeh.uasset" 3871
"/Engine/EngineMaterials/MiniFont" 3872
"../../../Engine/Content/EngineMaterials/MiniFont.uasset" 3873
"/Engine/EngineMaterials/WeightMapPlaceholderTexture" 3874
"../../../Engine/Content/EngineMaterials/WeightMapPlaceholderTexture.uasset" 3875
"/Engine/EngineMaterials/WeightMapArrayPlaceholderTexture" 3876
"../../../Engine/Content/EngineMaterials/WeightMapArrayPlaceholderTexture.uasset" 3877
"/Engine/EngineMaterials/DefaultWhiteGrid" 3878
"../../../Engine/Content/EngineMaterials/DefaultWhiteGrid.uasset" 3879
"/Engine/EngineMaterials/PreintegratedSkinBRDF" 3880
"../../../Engine/Content/EngineMaterials/PreintegratedSkinBRDF.uasset" 3881
"/Engine/EngineMaterials/LTC/GGX_LTCAmp" 3882
"../../../Engine/Content/EngineMaterials/LTC/GGX_LTCAmp.uasset" 3883
"/Engine/EngineMaterials/LTC/GGX_LTCMat" 3884
"../../../Engine/Content/EngineMaterials/LTC/GGX_LTCMat.uasset" 3885
"/Engine/EngineMaterials/EnergyConservation/GGX_ReflectionEnergy" 3886
"../../../Engine/Content/EngineMaterials/EnergyConservation/GGX_ReflectionEnergy.uasset" 3887
"/Engine/EngineMaterials/EnergyConservation/GGX_TransmissionEnergyArray" 3888
"../../../Engine/Content/EngineMaterials/EnergyConservation/GGX_TransmissionEnergyArray.uasset" 3889
"/Engine/EngineMaterials/EnergyConservation/SheenLegacy_Energy" 3890
"../../../Engine/Content/EngineMaterials/EnergyConservation/SheenLegacy_Energy.uasset" 3891
"/Engine/EngineMaterials/DefaultPhysicalMaterial" 3892
"../../../Engine/Content/EngineMaterials/DefaultPhysicalMaterial.uasset" 3893
"/Engine/EngineMaterials/DefaultDestructiblePhysicalMaterial" 3894
"../../../Engine/Content/EngineMaterials/DefaultDestructiblePhysicalMaterial.uasset" 3895
"/Niagara/ParameterDefinitions/DecalRenderer" 3896
"../../Plugins/FX/Niagara/Content/ParameterDefinitions/DecalRenderer.uasset" 3897
"/Niagara/ParameterDefinitions/LightRenderer" 3898
"../../Plugins/FX/Niagara/Content/ParameterDefinitions/LightRenderer.uasset" 3899
"/DeformerGraph/Deformers/DG_LinearBlendSkin_Morph_Cloth" 3900
"../../Plugins/Animation/DeformerGraph/Content/Deformers/DG_LinearBlendSkin_Morph_Cloth.uasset" 3901
"../../Plugins/Animation/DeformerGraph/Content/DeformerFunctions/DG_Function_LinearBlendSkin_Morph_Cloth.uasset" 3902
"/DeformerGraph/Deformers/DG_LinearBlendSkin_Morph_Cloth_RecomputeNormals" 3903
"../../Plugins/Animation/DeformerGraph/Content/Deformers/DG_LinearBlendSkin_Morph_Cloth_RecomputeNormals.uasset" 3904
"../../Plugins/Animation/DeformerGraph/Content/DeformerFunctions/DG_Function_ComputeNormalsTangents.uasset" 3905
"../../Plugins/Animation/DeformerGraph/Content/DeformerFunctions/DG_Function_LinearBlendSkin_Morph_Cloth_PositionOnly.uasset" 3906
"/Engine/EditorResources/SequenceRecorder/Countdown" 3907
"../../../Engine/Content/EditorResources/SequenceRecorder/Countdown.uasset" 3908
"/Engine/EditorResources/SequenceRecorder/RecordingIndicator" 3909
"../../../Engine/Content/EditorResources/SequenceRecorder/RecordingIndicator.uasset" 3910
"/Engine/EditorMaterials/PhAT_UnselectedMaterial" 3911
"../../../Engine/Content/EditorMaterials/PhAT_UnselectedMaterial.uasset" 3912
"/Engine/EditorMaterials/PhAT_NoCollisionMaterial" 3913
"../../../Engine/Content/EditorMaterials/PhAT_NoCollisionMaterial.uasset" 3914
"/Engine/BasicShapes/Cone" 3915
"../../../Engine/Content/BasicShapes/Cone.uasset" 3916
"../../../Engine/Documentation/Source/Shared/Types/ABrush/ABrush.INT.udn" 3917
"../../../Engine/Content/Internationalization/icudt64l/brkitr/en_US.res" 3918
"../../../Engine/Content/Internationalization/icudt64l/brkitr/en.res" 3919
"../../../Engine/Content/Internationalization/icudt64l/brkitr/root.res" 3920
"../../../Engine/Content/Internationalization/icudt64l/brkitr/char.brk" 3921
"../../../Engine/Content/Internationalization/icudt64l/brkitr/word.brk" 3922
"/Engine/EditorResources/S_Terrain" 3923
"../../../Engine/Content/EditorResources/S_Terrain.uasset" 3924
"C:/Users/Anthony/Documents/GitHub/mechatronics-vr/Content/Audio/TestingStash/TestMetahumanLessonStepAudio.uasset" 3925
"C:/Users/Anthony/Documents/GitHub/mechatronics-vr/Content/Audio/DemoLesson_Spring2026/AS_DLPostAssembly.uasset" 3926
"C:/Users/Anthony/Documents/GitHub/mechatronics-vr/Content/Audio/DemoLesson_Spring2026/AS_DLToQuiz.uasset" 3927
"C:/Users/Anthony/Documents/GitHub/mechatronics-vr/Content/Audio/DemoLesson_Spring2026/DemoLesson_Intro.uasset" 3928
"C:/Users/Anthony/Documents/GitHub/mechatronics-vr/Content/Audio/TestingStash/AS_TestLessonEnd.uasset" 3929
"C:/Users/Anthony/Documents/GitHub/mechatronics-vr/Content/Audio/DemoLesson_Spring2026/AS_DLIntro.uasset" 3930
"C:/Users/Anthony/Documents/GitHub/mechatronics-vr/Content/Blueprint/WidgetActors/BP_InstructionText.uasset" 3931
"C:/Users/Anthony/Documents/GitHub/mechatronics-vr/Content/Blueprint/DA_DemoLessonFull.uasset" 3932
"C:/Users/Anthony/Documents/GitHub/mechatronics-vr/Content/Blueprint/GM_TestLesson.uasset" 3933
"C:/Users/Anthony/Documents/GitHub/mechatronics-vr/Content/Widgets/W_LessonInstructions.uasset" 3934
"C:/Users/Anthony/Documents/GitHub/mechatronics-vr/Content/Audio/DemoLesson_Spring2026/DemoLesson_PostAssembly.uasset" 3935
"C:/Users/Anthony/Documents/GitHub/mechatronics-vr/Content/Blueprint/PartActors/BP_DCBrushingSpacer.uasset" 3936
"C:/Users/Anthony/Documents/GitHub/mechatronics-vr/Content/FBX/StaticMesh/Brushing__Spacer.uasset" 3937
"C:/Users/Anthony/Documents/GitHub/mechatronics-vr/Content/VRTemplate/Haptics/GrabHapticEffect.uasset" 3938
"C:/Users/Anthony/Documents/GitHub/mechatronics-vr/Content/FBX/StaticMesh/Bottom_Spacer.uasset" 3939
"C:/Users/Anthony/Documents/GitHub/mechatronics-vr/Content/Blueprint/PartActors/BP_BottomSpacer.uasset" 3940
"C:/Users/Anthony/Documents/GitHub/mechatronics-vr/Content/FBX/StaticMesh/Spacer.uasset" 3941
"C:/Users/Anthony/Documents/GitHub/mechatronics-vr/Content/Blueprint/DA_TestLesson.uasset" 3942
"C:/Users/Anthony/Documents/GitHub/mechatronics-vr/Content/Audio/DemoLesson_Spring2026/AS_DLMagnets.uasset" 3943
"C:/Users/Anthony/Documents/GitHub/mechatronics-vr/Content/Blueprint/PartActors/BP_Spacer.uasset" 3944
"C:/Users/Anthony/Documents/GitHub/mechatronics-vr/Content/Audio/DemoLesson_Spring2026/DemoLesson_Magnets.uasset" 3945
"C:/Users/Anthony/Documents/GitHub/mechatronics-vr/Content/FBX/Materials/cast_iron.uasset" 3946
"C:/Users/Anthony/Documents/GitHub/mechatronics-vr/Content/FBX/StaticMesh/Magnets.uasset" 3947
"C:/Users/Anthony/Documents/GitHub/mechatronics-vr/Content/Audio/DemoLesson_Spring2026/DemoLesson_ToQuiz.uasset" 3948
"C:/Users/Anthony/Documents/GitHub/mechatronics-vr/Content/Blueprint/PartActors/BP_Magnets.uasset" 3949
"C:/Users/Anthony/Documents/GitHub/mechatronics-vr/Content/Audio/TestingStash/SampleSpeechTopShell.uasset" 3950
"C:/Users/Anthony/Documents/GitHub/mechatronics-vr/Content/Blueprint/PartActors/BP_EndContact.uasset" 3951
"C:/Users/Anthony/Documents/GitHub/mechatronics-vr/Content/Audio/TestingStash/AS_TopShell.uasset" 3952
"C:/Users/Anthony/Documents/GitHub/mechatronics-vr/Content/FBX/StaticMesh/Top_Shell.uasset" 3953
"C:/Users/Anthony/Documents/GitHub/mechatronics-vr/Content/FBX/Materials/polished_brass.uasset" 3954
"C:/Users/Anthony/Documents/GitHub/mechatronics-vr/Content/FBX/StaticMesh/End_Contact_1.uasset" 3955
"/Game/Demo_LVL_BuiltData" 3956
"/Game/Blueprint/DA_TestLesson" 3957
"../../../../../../Users/Anthony/Documents/GitHub/mechatronics-vr/Content/Blueprint/BP_DCAssembly.uasset" 3958
"../../../../../../Users/Anthony/Documents/GitHub/mechatronics-vr/Content/Blueprint/PartActors/BP_Core.uasset" 3959
"../../../../../../Users/Anthony/Documents/GitHub/mechatronics-vr/Content/Blueprint/PartActors/BP_DCBottomShell.uasset" 3960
"../../../../../../Users/Anthony/Documents/GitHub/mechatronics-vr/Content/Blueprint/PartActors/BP_DCTopShell.uasset" 3961
"../../../../../../Users/Anthony/Documents/GitHub/mechatronics-vr/Content/MetaHumans/Common/Face/Face_Archetype_Skeleton.uasset" 3962
"../../../../../../Users/Anthony/Documents/GitHub/mechatronics-vr/Content/Audio/DemoLesson_Spring2026/click.uasset" 3963
"../../../../../../Users/Anthony/Documents/GitHub/mechatronics-vr/Content/Audio/DemoLesson_Spring2026/AS_DLCore.uasset" 3964
"../../../../../../Users/Anthony/Documents/GitHub/mechatronics-vr/Content/Audio/DemoLesson_Spring2026/DemoLesson_Core.uasset" 3965
"../../../../../../Users/Anthony/Documents/GitHub/mechatronics-vr/Content/FBX/StaticMesh/Spacer1.uasset" 3966
"../../../../../../Users/Anthony/Documents/GitHub/mechatronics-vr/Content/StarterContent/Materials/M_Glass.uasset" 3967
"../../../../../../Users/Anthony/Documents/GitHub/mechatronics-vr/Content/FBX/StaticMesh/Bottom_Shell.uasset" 3968
"../../../../../../Users/Anthony/Documents/GitHub/mechatronics-vr/Content/Widgets/W_ObjectText.uasset" 3969
"../../../../../../Users/Anthony/Documents/GitHub/mechatronics-vr/Content/FBX/Materials/polished_copper.uasset" 3970
"../../../../../../Users/Anthony/Documents/GitHub/mechatronics-vr/Content/FBX/Materials/polished_gold.uasset" 3971
"../../../../../../Users/Anthony/Documents/GitHub/mechatronics-vr/Content/FBX/Materials/satin_finish_titanium.uasset" 3972
"../../../../../../Users/Anthony/Documents/GitHub/mechatronics-vr/Content/FBX/Materials/white_medium_gloss_plastic_ncl_1.uasset" 3973
"../../Plugins/Interchange/Assets/Content/Functions/MF_PhongToMetalRoughness.uasset" 3974
"/Game/Audio/DemoLesson_Spring2026/DemoLesson_ToQuiz" 3975
"/Game/Audio/DemoLesson_Spring2026/DemoLesson_PostAssembly" 3976
"/Game/Audio/DemoLesson_Spring2026/DemoLesson_Intro" 3977
"/Game/Audio/DemoLesson_Spring2026/AS_DLToQuiz" 3978
"/Game/Audio/DemoLesson_Spring2026/AS_DLPostAssembly" 3979
"/Game/Audio/DemoLesson_Spring2026/AS_DLIntro" 3980
"/Game/Blueprint/DA_DemoLessonFull" 3981
"/Game/Blueprint/WidgetActors/BP_InstructionText" 3982
"/Game/Blueprint/GM_TestLesson" 3983
"../../../Engine/Plugins/Interchange/Assets/Content/gltf/MaterialFunctions/MF_TransformUVs.uasset" 3984
"../../../Engine/Plugins/Interchange/Assets/Content/gltf/MaterialFunctions/MF_Occlusion.uasset" 3985
"C:/Users/Anthony/Documents/GitHub/mechatronics-vr/Content/StarterContent/Materials/M_Basic_Wall.uasset" 3986
"../../../Engine/Plugins/Interchange/Assets/Content/gltf/MaterialBodies/MF_Default_Body.uasset" 3987
"../../../Engine/Plugins/Interchange/Assets/Content/gltf/MaterialFunctions/MF_Specular.uasset" 3988
"../../../Engine/Plugins/Interchange/Assets/Content/gltf/MaterialFunctions/MF_SpecularAnisotropy.uasset" 3989
"../../../Engine/Plugins/Interchange/Assets/Content/gltf/Textures/T_Generic_N.uasset" 3990
"C:/Users/Anthony/Documents/GitHub/mechatronics-vr/Content/StarterContent/Shapes/Shape_Plane.uasset" 3991
"../../../Engine/Plugins/Interchange/Assets/Content/gltf/MaterialFunctions/MF_ScaleNormal.uasset" 3992
"../../../Engine/Plugins/Interchange/Assets/Content/gltf/Textures/T_Anisotropy_Direction_Linear.uasset" 3993
"../../../Engine/Plugins/Interchange/Assets/Content/gltf/MaterialFunctions/MF_RotateV2.uasset" 3994
"../../../Engine/Plugins/Interchange/Assets/Content/gltf/MaterialFunctions/MF_RotateNormals_TS.uasset" 3995
"../../../Engine/Plugins/Interchange/Assets/Content/gltf/MaterialFunctions/MF_MetallicRoughness.uasset" 3996
"../../../Engine/Plugins/Interchange/Assets/Content/gltf/Textures/T_White_Linear.uasset" 3997
"../../../Engine/Plugins/Interchange/Assets/Content/gltf/MaterialFunctions/MF_Iridescence.uasset" 3998
"../../../Engine/Plugins/Interchange/Assets/Content/gltf/MaterialFunctions/MF_Normals.uasset" 3999
"../../../Engine/Plugins/Interchange/Assets/Content/gltf/MaterialFunctions/MF_Emissive.uasset" 4000
"../../../Engine/Plugins/Interchange/Assets/Content/gltf/MaterialFunctions/MF_IOR.uasset" 4001
"../../../Engine/Plugins/Interchange/Assets/Content/gltf/Textures/T_White_srgb.uasset" 4002
"../../../Engine/Plugins/Interchange/Assets/Content/Functions/MF_IridescenceNoLUT.uasset" 4003
"../../../Engine/Plugins/Interchange/Assets/Content/gltf/MaterialFunctions/MF_BaseColor.uasset" 4004
"../../../Engine/Plugins/Interchange/Assets/Content/gltf/M_Default.uasset" 4005
"C:/Users/Anthony/Documents/GitHub/mechatronics-vr/Content/ClassroomAssets/black_plastic.uasset" 4006
"C:/Users/Anthony/Documents/GitHub/mechatronics-vr/Content/StarterContent/Textures/T_ground_Moss_D.uasset" 4007
"C:/Users/Anthony/Documents/GitHub/mechatronics-vr/Content/StarterContent/Textures/T_Perlin_Noise_M.uasset" 4008
"C:/Users/Anthony/Documents/GitHub/mechatronics-vr/Content/Blueprint/BP_QuizActor.uasset" 4009
"C:/Users/Anthony/Documents/GitHub/mechatronics-vr/Content/StarterContent/Textures/T_MacroVariation.uasset" 4010
"../../../Engine/Plugins/Interchange/Assets/Content/gltf/MaterialInstances/MI_Default_Opaque_DS.uasset" 4011
"C:/Users/Anthony/Documents/GitHub/mechatronics-vr/Content/StarterContent/Materials/M_Ground_Moss.uasset" 4012
"C:/Users/Anthony/Documents/GitHub/mechatronics-vr/Content/StarterContent/Textures/T_Ground_Moss_N.uasset" 4013
"C:/Users/Anthony/Documents/GitHub/mechatronics-vr/Content/MetaHumans/Common/Female/Medium/NormalWeight/Shoes/Flats/Meshes/f_med_nrw_shs_flats_Cinematic.uasset" 4014
"C:/Users/Anthony/Documents/GitHub/mechatronics-vr/Content/MetaHumans/Common/Female/Medium/NormalWeight/Tops/Shirt/f_med_nrw_top_shirt_nrm_CtrlRig.uasset" 4015
"/InterchangeAssets/gltf/Textures/T_White_srgb" 4016
"/InterchangeAssets/gltf/MaterialFunctions/MF_Emissive" 4017
"/InterchangeAssets/gltf/MaterialFunctions/MF_IOR" 4018
"/InterchangeAssets/gltf/MaterialFunctions/MF_Iridescence" 4019
"/InterchangeAssets/gltf/MaterialFunctions/MF_MetallicRoughness" 4020
"/InterchangeAssets/gltf/MaterialFunctions/MF_Normals" 4021
"/InterchangeAssets/gltf/MaterialFunctions/MF_Occlusion" 4022
"/InterchangeAssets/gltf/MaterialFunctions/MF_RotateV2" 4023
"/InterchangeAssets/gltf/MaterialFunctions/MF_Specular" 4024
"/InterchangeAssets/gltf/MaterialFunctions/MF_SpecularAnisotropy" 4025
"/InterchangeAssets/gltf/MaterialFunctions/MF_TransformUVs" 4026
"/InterchangeAssets/gltf/MaterialBodies/MF_Default_Body" 4027
"/Game/StarterContent/Shapes/Shape_Plane" 4028
"/InterchangeAssets/gltf/M_Default" 4029
"/InterchangeAssets/gltf/MaterialInstances/MI_Default_Opaque_DS" 4030
"/Game/ClassroomAssets/black_plastic" 4031
"/Game/Blueprint/BP_QuizActor" 4032
"/Game/StarterContent/Textures/T_Ground_Moss_N" 4033
"/Game/StarterContent/Textures/T_ground_Moss_D" 4034
"/Game/StarterContent/Textures/T_Perlin_Noise_M" 4035
"/Game/StarterContent/Textures/T_MacroVariation" 4036
"/Game/StarterContent/Materials/M_Ground_Moss" 4037
"/Game/MetaHumans/Common/Female/Medium/NormalWeight/Shoes/Flats/Meshes/f_med_nrw_shs_flats_Cinematic" 4038
"../../../../../../Users/Anthony/Documents/GitHub/mechatronics-vr/Content/MetaHumans/Common/Materials/Flats/M_shs_flats.uasset" 4039
"../../../../../../Users/Anthony/Documents/GitHub/mechatronics-vr/Content/MetaHumans/Common/Common/MetaHuman_Clothing_LODSettings_Cinematic.uasset" 4040
"../../../../../../Users/Anthony/Documents/GitHub/mechatronics-vr/Content/MetaHumans/Common/Female/Medium/NormalWeight/Body/metahuman_base_skel.uasset" 4041
"../../../../../../Users/Anthony/Documents/GitHub/mechatronics-vr/Content/MetaHumans/Common/Materials/M_fabric_simpler.uasset" 4042
"../../../../../../Users/Anthony/Documents/GitHub/mechatronics-vr/Content/MetaHumans/Common/Materials/Flats/shs_flats_AO.uasset" 4043
"../../../../../../Users/Anthony/Documents/GitHub/mechatronics-vr/Content/MetaHumans/Common/Materials/Flats/shs_flats_Mask.uasset" 4044
"../../../../../../Users/Anthony/Documents/GitHub/mechatronics-vr/Content/MetaHumans/Common/Materials/Flats/shs_flats_N.uasset" 4045
"../../../Engine/Content/Functions/Engine_MaterialFunctions01/Shading/MetallicShading.uasset" 4046
"../../../Engine/Content/Functions/Engine_MaterialFunctions02/Lerp_Multiple_Float.uasset" 4047
"../../../Engine/Content/Functions/Engine_MaterialFunctions02/Math/TimeWithSpeedVariable.uasset" 4048
"../../../Engine/Content/Functions/Engine_MaterialFunctions02/Utility/BlendAngleCorrectedNormals.uasset" 4049
"../../../Engine/Content/Functions/Engine_MaterialFunctions03/Blends/Blend_Lighten.uasset" 4050
"../../../Engine/Content/Functions/Engine_MaterialFunctions03/Blends/Blend_Overlay.uasset" 4051
"../../../../../../Users/Anthony/Documents/GitHub/mechatronics-vr/Content/MetaHumans/Common/Materials/MF_Passthrough.uasset" 4052
"../../../../../../Users/Anthony/Documents/GitHub/mechatronics-vr/Content/MetaHumans/Common/Materials/Textures/Clothing/MaterialFunction/MatLayerBlend_Aniso.uasset" 4053
"../../../../../../Users/Anthony/Documents/GitHub/mechatronics-vr/Content/MetaHumans/Common/Materials/Textures/Clothing/MaterialFunction/MF_AvgColorReplace.uasset" 4054
"../../../../../../Users/Anthony/Documents/GitHub/mechatronics-vr/Content/MetaHumans/Common/Materials/Textures/Clothing/MaterialFunction/MF_PowerVariation.uasset" 4055
"../../../../../../Users/Anthony/Documents/GitHub/mechatronics-vr/Content/MetaHumans/Common/Materials/Textures/Clothing/MaterialFunction/MF_PrintGraphic.uasset" 4056
"../../../../../../Users/Anthony/Documents/GitHub/mechatronics-vr/Content/MetaHumans/Common/Materials/Textures/Clothing/MaterialFunction/MF_PrintRepeats.uasset" 4057
"../../../../../../Users/Anthony/Documents/GitHub/mechatronics-vr/Content/MetaHumans/Common/Materials/Textures/Clothing/upresTest/MF_NormalStrength.uasset" 4058
"../../../Engine/Content/EngineMaterials/BlendFunc_DefBase.uasset" 4059
"../../../Engine/Content/EngineMaterials/BlendFunc_DefBlend.uasset" 4060
"../../../../../../Users/Anthony/Documents/GitHub/mechatronics-vr/Content/MetaHumans/Common/Materials/Textures/Clothing/clothing_AO.uasset" 4061
"../../../../../../Users/Anthony/Documents/GitHub/mechatronics-vr/Content/MetaHumans/Common/Materials/Textures/Clothing/clothing_N.uasset" 4062
"../../../../../../Users/Anthony/Documents/GitHub/mechatronics-vr/Content/MetaHumans/Common/Materials/Textures/Clothing/DefaultMaps/black_masks.uasset" 4063
"../../../../../../Users/Anthony/Documents/GitHub/mechatronics-vr/Content/MetaHumans/Common/Materials/Textures/Clothing/DefaultMaps/Clothing_Default_Mask.uasset" 4064
"../../../../../../Users/Anthony/Documents/GitHub/mechatronics-vr/Content/MetaHumans/Common/Materials/Textures/Clothing/DefaultMaps/color_spectrum.uasset" 4065
"../../../../../../Users/Anthony/Documents/GitHub/mechatronics-vr/Content/MetaHumans/Common/Materials/Textures/Clothing/DefaultMaps/WhiteSquareTexture.uasset" 4066
"../../../../../../Users/Anthony/Documents/GitHub/mechatronics-vr/Content/MetaHumans/Common/Materials/Textures/Clothing/Macros/macro_linen_rbess3s_4K.uasset" 4067
"../../../../../../Users/Anthony/Documents/GitHub/mechatronics-vr/Content/MetaHumans/Common/Materials/Textures/Clothing/Macros/macro_pilling_A.uasset" 4068
"../../../../../../Users/Anthony/Documents/GitHub/mechatronics-vr/Content/MetaHumans/Common/Materials/Textures/Clothing/Macros/macro_pilling_N.uasset" 4069
"../../../../../../Users/Anthony/Documents/GitHub/mechatronics-vr/Content/MetaHumans/Common/Materials/Textures/Clothing/Micros/micro_weave_denim_diffuse.uasset" 4070
"../../../../../../Users/Anthony/Documents/GitHub/mechatronics-vr/Content/MetaHumans/Common/Materials/Textures/Clothing/Micros/micro_weave_denim_N.uasset" 4071
"../../../../../../Users/Anthony/Documents/GitHub/mechatronics-vr/Content/MetaHumans/Common/Materials/Textures/Clothing/Wrinkles/memory_wrinkles_normal.uasset" 4072
"/Game/MetaHumans/Common/Female/Medium/NormalWeight/Tops/Shirt/f_med_nrw_top_shirt_nrm_CtrlRig" 4073
"C:/Users/Anthony/Documents/GitHub/mechatronics-vr/Content/MetaHumans/Common/Female/Medium/NormalWeight/Tops/Shirt/f_med_nrw_top_shirt_nrm_Skeleton_AnimBlueprint_Cinematic.uasset" 4074
"C:/Users/Anthony/Documents/GitHub/mechatronics-vr/Content/MetaHumans/Common/Shared/Animation/ABP_Clothing_PostProcess.uasset" 4075
"C:/Users/Anthony/Documents/GitHub/mechatronics-vr/Content/MetaHumans/Common/Materials/Shirt/Female/M_f_top_shirt.uasset" 4076
"C:/Users/Anthony/Documents/GitHub/mechatronics-vr/Content/MetaHumans/Common/Materials/Textures/Clothing/Micros/micro_pp_oxford_N.uasset" 4077
"C:/Users/Anthony/Documents/GitHub/mechatronics-vr/Content/MetaHumans/Common/Female/Medium/NormalWeight/Tops/Shirt/f_med_nrw_top_shirt_nrm_PhysicsAsset.uasset" 4078
"C:/Users/Anthony/Documents/GitHub/mechatronics-vr/Content/MetaHumans/Common/Female/Medium/NormalWeight/Bottoms/Jeans/f_med_nrw_btm_jeans_nrm_Cinematic.uasset" 4079
"C:/Users/Anthony/Documents/GitHub/mechatronics-vr/Content/MetaHumans/Common/Female/Medium/NormalWeight/Tops/Shirt/f_med_nrw_top_shirt_nrm_Cinematic.uasset" 4080
"C:/Users/Anthony/Documents/GitHub/mechatronics-vr/Content/MetaHumans/Common/Female/Medium/NormalWeight/Tops/Shirt/f_med_nrw_top_shirt_nrm_Skeleton.uasset" 4081
"C:/Users/Anthony/Documents/GitHub/mechatronics-vr/Content/MetaHumans/Payton/Materials/Shirt/Female/M_f_top_shirt.uasset" 4082
"C:/Users/Anthony/Documents/GitHub/mechatronics-vr/Content/MetaHumans/Common/Female/Medium/NormalWeight/Bottoms/Jeans/f_med_nrw_btm_jeans_nrm_Physics.uasset" 4083
"C:/Users/Anthony/Documents/GitHub/mechatronics-vr/Content/MetaHumans/Common/Materials/Shirt/Female/f_top_shirt_Mask.uasset" 4084
"C:/Users/Anthony/Documents/GitHub/mechatronics-vr/Content/MetaHumans/Common/Materials/Shirt/Female/f_top_shirt_N.uasset" 4085
"C:/Users/Anthony/Documents/GitHub/mechatronics-vr/Content/MetaHumans/Common/Materials/Shirt/Female/f_top_shirt_AO.uasset" 4086
"C:/Users/Anthony/Documents/GitHub/mechatronics-vr/Content/MetaHumans/Common/Materials/ClothingPrints/Prints/T_Herringbone.uasset" 4087
"C:/Users/Anthony/Documents/GitHub/mechatronics-vr/Content/MetaHumans/Common/Shared/Animation/CR_PlaceHolder.uasset" 4088
"C:/Users/Anthony/Documents/GitHub/mechatronics-vr/Content/MetaHumans/Common/Materials/Textures/Clothing/Micros/micro_weave_plain_normal.uasset" 4089
"/Game/MetaHumans/Common/Materials/Textures/Clothing/Micros/micro_pp_oxford_N" 4090
"C:/Users/Anthony/Documents/GitHub/mechatronics-vr/Content/MetaHumans/Common/Materials/Textures/Clothing/Micros/micro_weave_plain.uasset" 4091
"C:/Users/Anthony/Documents/GitHub/mechatronics-vr/Content/MetaHumans/Common/Materials/Textures/Clothing/Micros/micro_jeans_tile_M.uasset" 4092
"../../../Engine/Content/Functions/Engine_MaterialFunctions01/Texturing/DetailTexturing.uasset" 4093
"../../../Engine/Content/Functions/Engine_MaterialFunctions02/Texturing/CustomRotator.uasset" 4094
"../../../Engine/Content/Functions/Engine_MaterialFunctions02/Gradients/SmoothCurve.uasset" 4095
"C:/Users/Anthony/Documents/GitHub/mechatronics-vr/Content/MetaHumans/Common/Materials/Jeans/btm_jeans_nrm_roughness_mask.uasset" 4096
"C:/Users/Anthony/Documents/GitHub/mechatronics-vr/Content/MetaHumans/Common/Materials/Jeans/M_btm_jeans_nrm.uasset" 4097
"C:/Users/Anthony/Documents/GitHub/mechatronics-vr/Content/MetaHumans/Common/Materials/Textures/Clothing/Micros/micro_jeans_tile_N.uasset" 4098
"C:/Users/Anthony/Documents/GitHub/mechatronics-vr/Content/MetaHumans/Common/Materials/Jeans/btm_jeans_nrm_tile_overlay_D.uasset" 4099
"C:/Users/Anthony/Documents/GitHub/mechatronics-vr/Content/MetaHumans/Common/Materials/Jeans/btm_jeans_nrm_N.uasset" 4100
"C:/Users/Anthony/Documents/GitHub/mechatronics-vr/Content/MetaHumans/Common/Materials/Jeans/btm_jeans_nrm_Mask.uasset" 4101
"C:/Users/Anthony/Documents/GitHub/mechatronics-vr/Content/MetaHumans/Common/Materials/Jeans/btm_jeans_nrm_D.uasset" 4102
"C:/Users/Anthony/Documents/GitHub/mechatronics-vr/Content/MetaHumans/Common/Materials/Jeans/btm_jeans_nrm_fuzz_M.uasset" 4103
"C:/Users/Anthony/Documents/GitHub/mechatronics-vr/Content/MetaHumans/Common/Materials/Jeans/btm_jeans_nrm_memory_fold_N.uasset" 4104
"../../../Engine/Content/Functions/Engine_MaterialFunctions03/Blends/Blend_SoftLight.uasset" 4105
"C:/Users/Anthony/Documents/GitHub/mechatronics-vr/Content/MetaHumans/Common/Materials/M_jeans_nrm_custom_master.uasset" 4106
"/Game/MetaHumans/Common/Female/Medium/NormalWeight/Tops/Shirt/f_med_nrw_top_shirt_nrm_PhysicsAsset" 4107
"/Game/MetaHumans/Common/Female/Medium/NormalWeight/Tops/Shirt/f_med_nrw_top_shirt_nrm_Skeleton" 4108
"C:/Users/Anthony/Documents/GitHub/mechatronics-vr/Content/MetaHumans/Payton/Materials/Jeans/M_btm_jeans_nrm.uasset" 4109
"C:/Users/Anthony/Documents/GitHub/mechatronics-vr/Content/MetaHumans/Common/Materials/Jeans/btm_jeans_nrm_AO.uasset" 4110
"C:/Users/Anthony/Documents/GitHub/mechatronics-vr/Content/MetaHumans/Payton/Materials/Flats/M_shs_flats.uasset" 4111
"/Game/MetaHumans/Common/Materials/Jeans/btm_jeans_nrm_D" 4112
"/Game/MetaHumans/Common/Materials/Jeans/btm_jeans_nrm_Mask" 4113
"/Game/MetaHumans/Common/Materials/Jeans/btm_jeans_nrm_N" 4114
"/Game/MetaHumans/Common/Materials/Textures/Clothing/Micros/micro_jeans_tile_N" 4115
"/Game/MetaHumans/Common/Materials/Jeans/btm_jeans_nrm_tile_overlay_D" 4116
"/Engine/Functions/Engine_MaterialFunctions02/Texturing/CustomRotator" 4117
"/Engine/Functions/Engine_MaterialFunctions01/Texturing/DetailTexturing" 4118
"/Engine/Functions/Engine_MaterialFunctions02/Gradients/SmoothCurve" 4119
"../../../Engine/Content/Functions/Engine_MaterialFunctions01/Gradient/LinearGradient.uasset" 4120
"/Engine/Functions/Engine_MaterialFunctions03/Blends/Blend_SoftLight" 4121
"/Game/MetaHumans/Common/Materials/Jeans/btm_jeans_nrm_fuzz_M" 4122
"/Game/MetaHumans/Common/Materials/Jeans/btm_jeans_nrm_memory_fold_N" 4123
"/Game/MetaHumans/Common/Materials/Jeans/btm_jeans_nrm_roughness_mask" 4124
"/Game/MetaHumans/Common/Materials/Textures/Clothing/Micros/micro_jeans_tile_M" 4125
"/Game/MetaHumans/Common/Materials/Textures/Clothing/Micros/micro_weave_plain" 4126
"/Game/MetaHumans/Common/Materials/Textures/Clothing/Micros/micro_weave_plain_normal" 4127
"/Game/MetaHumans/Payton/Materials/Shirt/Female/M_f_top_shirt" 4128
"/Game/MetaHumans/Common/Female/Medium/NormalWeight/Bottoms/Jeans/f_med_nrw_btm_jeans_nrm_Physics" 4129
"/Game/MetaHumans/Common/Female/Medium/NormalWeight/Tops/Shirt/f_med_nrw_top_shirt_nrm_Cinematic" 4130
"C:/Users/Anthony/Documents/GitHub/mechatronics-vr/Content/MetaHumans/Payton/MaleHair/Hair/Eyelashes_S_Thin.uasset" 4131
"C:/Users/Anthony/Documents/GitHub/mechatronics-vr/Content/MetaHumans/Payton/FemaleHair/Helmets/Hair_S_Updo_Helmet_LOD7.uasset" 4132
"C:/Users/Anthony/Documents/GitHub/mechatronics-vr/Content/MetaHumans/Payton/FemaleHair/Helmets/Hair_S_Updo_Helmet_LOD5.uasset" 4133
"C:/Users/Anthony/Documents/GitHub/mechatronics-vr/Content/MetaHumans/Payton/FemaleHair/GroomBinding/Peachfuzz_M_Thin_Binding.uasset" 4134
"C:/Users/Anthony/Documents/GitHub/mechatronics-vr/Content/MetaHumans/Common/FemaleHair/Textures/Helmets/Hair_S_Updo_RootUVSeedCoverage.uasset" 4135
"/Game/MetaHumans/Common/Materials/Jeans/M_btm_jeans_nrm" 4136
"C:/Users/Anthony/Documents/GitHub/mechatronics-vr/Content/MetaHumans/Common/FemaleHair/Textures/Helmets/Hair_S_Updo_ColorXYDepthGroupID.uasset" 4137
"C:/Users/Anthony/Documents/GitHub/mechatronics-vr/Content/MetaHumans/Common/FemaleHair/Textures/Helmets/Hair_S_Updo_TangentStrandU.uasset" 4138
"C:/Users/Anthony/Documents/GitHub/mechatronics-vr/Content/MetaHumans/Payton/FemaleHair/Helmets/Hair_S_Updo_Helmet_LOD6.uasset" 4139
"C:/Users/Anthony/Documents/GitHub/mechatronics-vr/Content/MetaHumans/Payton/FemaleHair/Hair/Hair_S_Updo_CardsMesh_Group1_LOD1.uasset" 4140
"C:/Users/Anthony/Documents/GitHub/mechatronics-vr/Content/MetaHumans/Payton/MaleHair/GroomBinding/Eyelashes_S_Thin_Binding.uasset" 4141
"C:/Users/Anthony/Documents/GitHub/mechatronics-vr/Content/MetaHumans/Payton/FemaleHair/Hair/Peachfuzz_M_Thin.uasset" 4142
"C:/Users/Anthony/Documents/GitHub/mechatronics-vr/Content/MetaHumans/Payton/FemaleHair/Hair/Hair_S_Updo_CardsMesh_Group0_LOD3.uasset" 4143
"C:/Users/Anthony/Documents/GitHub/mechatronics-vr/Content/MetaHumans/Payton/FemaleHair/Hair/Hair_S_Updo_CardsMesh_Group1_LOD3.uasset" 4144
"C:/Users/Anthony/Documents/GitHub/mechatronics-vr/Content/MetaHumans/Payton/FemaleHair/Hair/Hair_S_Updo_CardsMesh_Group0_LOD2.uasset" 4145
"C:/Users/Anthony/Documents/GitHub/mechatronics-vr/Content/MetaHumans/Payton/FemaleHair/Hair/Hair_S_Updo_CardsMesh_Group1_LOD4.uasset" 4146
"C:/Users/Anthony/Documents/GitHub/mechatronics-vr/Content/MetaHumans/Payton/FemaleHair/Hair/Hair_S_Updo_CardsMesh_Group0_LOD1.uasset" 4147
"C:/Users/Anthony/Documents/GitHub/mechatronics-vr/Content/MetaHumans/Payton/FemaleHair/Hair/Hair_S_Updo_CardsMesh_Group1_LOD2.uasset" 4148
"C:/Users/Anthony/Documents/GitHub/mechatronics-vr/Content/MetaHumans/Payton/FemaleHair/Hair/Hair_S_Updo_CardsMesh_Group1_LOD0.uasset" 4149
"C:/Users/Anthony/Documents/GitHub/mechatronics-vr/Content/MetaHumans/Common/FemaleHair/Textures/Hair_S_Updo_CardsAtlas_Attribute.uasset" 4150
"C:/Users/Anthony/Documents/GitHub/mechatronics-vr/Content/MetaHumans/Common/FemaleHair/Textures/Hair_S_Updo_CardsAtlas_Tangent.uasset" 4151
"C:/Users/Anthony/Documents/GitHub/mechatronics-vr/Content/MetaHumans/Payton/FemaleHair/Hair/Hair_S_Updo_CardsMesh_Group0_LOD4.uasset" 4152
"C:/Users/Anthony/Documents/GitHub/mechatronics-vr/Content/MetaHumans/Payton/FemaleHair/Hair/Hair_S_Updo.uasset" 4153
"C:/Users/Anthony/Documents/GitHub/mechatronics-vr/Content/MetaHumans/Payton/FemaleHair/Hair/Hair_S_Updo_CardsMesh_Group0_LOD0.uasset" 4154
"C:/Users/Anthony/Documents/GitHub/mechatronics-vr/Content/MetaHumans/Payton/FemaleHair/GroomBinding/Hair_S_Updo_Binding.uasset" 4155
"C:/Users/Anthony/Documents/GitHub/mechatronics-vr/Content/MetaHumans/Payton/FemaleHair/Hair/Eyebrows_M_Thick_CardsMesh_Group0_LOD4.uasset" 4156
"C:/Users/Anthony/Documents/GitHub/mechatronics-vr/Content/MetaHumans/Payton/FemaleHair/Hair/Eyebrows_M_Thick_CardsMesh_Group0_LOD3.uasset" 4157
"../../../Engine/Content/Functions/Engine_MaterialFunctions01/Texturing/FlattenNormal.uasset" 4158
"/Game/MetaHumans/Common/Female/Medium/NormalWeight/Bottoms/Jeans/f_med_nrw_btm_jeans_nrm_Cinematic" 4159
"/Game/MetaHumans/Payton/Materials/Jeans/M_btm_jeans_nrm" 4160
"/Game/MetaHumans/Payton/Materials/Flats/M_shs_flats" 4161
"C:/Users/Anthony/Documents/GitHub/mechatronics-vr/Content/MetaHumans/Payton/FemaleHair/Hair/Eyebrows_M_Thick_CardsMesh_Group0_LOD0.uasset" 4162
"C:/Users/Anthony/Documents/GitHub/mechatronics-vr/Content/MetaHumans/Common/FemaleHair/Textures/Eyebrows_M_Thick_CardsAtlas_Attribute.uasset" 4163
"C:/Users/Anthony/Documents/GitHub/mechatronics-vr/Content/MetaHumans/Payton/FemaleHair/Hair/Eyebrows_M_Thick.uasset" 4164
"C:/Users/Anthony/Documents/GitHub/mechatronics-vr/Content/MetaHumans/Common/FemaleHair/Textures/Eyebrows_M_Thick_CardsAtlas_Tangent.uasset" 4165
"/Game/MetaHumans/Payton/FemaleHair/Hair/Eyebrows_M_Thick_CardsMesh_Group0_LOD3" 4166
"C:/Users/Anthony/Documents/GitHub/mechatronics-vr/Content/MetaHumans/Payton/FemaleHair/Hair/Eyebrows_M_Thick_CardsMesh_Group0_LOD1.uasset" 4167
"C:/Users/Anthony/Documents/GitHub/mechatronics-vr/Content/MetaHumans/Payton/FemaleHair/Hair/Eyebrows_M_Thick_CardsMesh_Group0_LOD2.uasset" 4168
"/Game/MetaHumans/Payton/FemaleHair/Hair/Eyebrows_M_Thick_CardsMesh_Group0_LOD4" 4169
"/Game/MetaHumans/Payton/FemaleHair/GroomBinding/Hair_S_Updo_Binding" 4170
"../../../../../../Users/Anthony/Documents/GitHub/mechatronics-vr/Content/MetaHumans/Payton/Face/Payton_FaceMesh.uasset" 4171
"../../../../../../Users/Anthony/Documents/GitHub/mechatronics-vr/Content/MetaHumans/Common/Materials/MI_Hair.uasset" 4172
"../../../../../../Users/Anthony/Documents/GitHub/mechatronics-vr/Content/MetaHumans/Common/Materials/MI_Hair_Cards.uasset" 4173
"../../../../../../Users/Anthony/Documents/GitHub/mechatronics-vr/Content/MetaHumans/Common/Materials/MI_Hair_Helmet.uasset" 4174
"../../../../../../Users/Anthony/Documents/GitHub/mechatronics-vr/Content/MetaHumans/Payton/Face/ABP_Payton_FaceMesh_PostProcess.uasset" 4175
"../../../../../../Users/Anthony/Documents/GitHub/mechatronics-vr/Content/MetaHumans/Common/Face/Materials/M_Cartilage.uasset" 4176
"../../../../../../Users/Anthony/Documents/GitHub/mechatronics-vr/Content/MetaHumans/Common/Face/Materials/MI_EyeOcclusion_Inst.uasset" 4177
"../../../../../../Users/Anthony/Documents/GitHub/mechatronics-vr/Content/MetaHumans/Common/Face/Materials/MI_lacrimal_fluid_Inst.uasset" 4178
"../../../../../../Users/Anthony/Documents/GitHub/mechatronics-vr/Content/MetaHumans/Payton/Face/Materials/Baked/MI_HeadSynthesized_Baked.uasset" 4179
"../../../../../../Users/Anthony/Documents/GitHub/mechatronics-vr/Content/MetaHumans/Payton/Face/Materials/Baked/MI_HeadSynthesized_Baked_LOD1.uasset" 4180
"../../../../../../Users/Anthony/Documents/GitHub/mechatronics-vr/Content/MetaHumans/Payton/Face/Materials/Baked/MI_HeadSynthesized_Baked_LOD2.uasset" 4181
"../../../../../../Users/Anthony/Documents/GitHub/mechatronics-vr/Content/MetaHumans/Payton/Face/Materials/Baked/MI_HeadSynthesized_Baked_LOD3.uasset" 4182
"../../../../../../Users/Anthony/Documents/GitHub/mechatronics-vr/Content/MetaHumans/Payton/Face/Materials/Baked/MI_HeadSynthesized_Baked_LOD4.uasset" 4183
"../../../../../../Users/Anthony/Documents/GitHub/mechatronics-vr/Content/MetaHumans/Payton/Face/Materials/Baked/MI_HeadSynthesized_Baked_LOD5.uasset" 4184
"../../../../../../Users/Anthony/Documents/GitHub/mechatronics-vr/Content/MetaHumans/Payton/Face/Materials/MI_EyeRefractive_Inst_L.uasset" 4185
"../../../../../../Users/Anthony/Documents/GitHub/mechatronics-vr/Content/MetaHumans/Payton/Face/Materials/MI_EyeRefractive_Inst_R.uasset" 4186
"../../../../../../Users/Anthony/Documents/GitHub/mechatronics-vr/Content/MetaHumans/Payton/Materials/M_EyeLash_HigherLODs_Inst.uasset" 4187
"../../../../../../Users/Anthony/Documents/GitHub/mechatronics-vr/Content/MetaHumans/Payton/Materials/M_EyelashLowerLODs_Inst.uasset" 4188
"../../../../../../Users/Anthony/Documents/GitHub/mechatronics-vr/Content/MetaHumans/Payton/Materials/M_TeethCharacterCreator_Inst.uasset" 4189
"../../../../../../Users/Anthony/Documents/GitHub/mechatronics-vr/Content/MetaHumans/Common/Common/Face_Archetype_LODSettings_Cinematic.uasset" 4190
"../../../../../../Users/Anthony/Documents/GitHub/mechatronics-vr/Content/MetaHumans/Common/Face/Face_Archetype_Physics.uasset" 4191
"../../../../../../Users/Anthony/Documents/GitHub/mechatronics-vr/Content/MetaHumans/Common/Materials/M_hair_v4.uasset" 4192
"../../../../../../Users/Anthony/Documents/GitHub/mechatronics-vr/Content/MetaHumans/Common/Materials/T_Black_Linear.uasset" 4193
"../../../../../../Users/Anthony/Documents/GitHub/mechatronics-vr/Content/MetaHumans/Common/Face/Face_PostProcess_AnimBP.uasset" 4194
"../../../../../../Users/Anthony/Documents/GitHub/mechatronics-vr/Content/MetaHumans/Common/Face/neckPoses/neckCorr_f_med_nrw_RBFSolver_pose.uasset" 4195
"../../../../../../Users/Anthony/Documents/GitHub/mechatronics-vr/Content/MetaHumans/Common/Face/Materials/M_EyeOcclusion.uasset" 4196
"../../../../../../Users/Anthony/Documents/GitHub/mechatronics-vr/Content/MetaHumans/Common/Face/Materials/M_lacrimal_fluid.uasset" 4197
"../../../../../../Users/Anthony/Documents/GitHub/mechatronics-vr/Content/MetaHumans/Common/Face/Materials/Baked/MI_HeadSynthesized_Baked.uasset" 4198
"../../../../../../Users/Anthony/Documents/GitHub/mechatronics-vr/Content/MetaHumans/Common/Face/Textures/Default_SecColors.uasset" 4199
"../../../../../../Users/Anthony/Documents/GitHub/mechatronics-vr/Content/MetaHumans/Common/Materials/HighlightsTextures/HighlightMask_strips.uasset" 4200
"../../../../../../Users/Anthony/Documents/GitHub/mechatronics-vr/Content/MetaHumans/Common/Materials/Textures/T_SkinMicroNormal.uasset" 4201
"../../../../../../Users/Anthony/Documents/GitHub/mechatronics-vr/Content/MetaHumans/Common/Textures/T_FlatNormal.uasset" 4202
"../../../../../../Users/Anthony/Documents/GitHub/mechatronics-vr/Content/MetaHumans/Payton/Face/FaceBakedGroomAttributeMap.uasset" 4203
"../../../../../../Users/Anthony/Documents/GitHub/mechatronics-vr/Content/MetaHumans/Payton/Face/FaceBakedGroomRootTipGradientRegionMasks.uasset" 4204
"../../../../../../Users/Anthony/Documents/GitHub/mechatronics-vr/Content/MetaHumans/Payton/Face/FaceCavity_MAIN.uasset" 4205
"../../../../../../Users/Anthony/Documents/GitHub/mechatronics-vr/Content/MetaHumans/Payton/Face/FaceColor_CM1.uasset" 4206
"../../../../../../Users/Anthony/Documents/GitHub/mechatronics-vr/Content/MetaHumans/Payton/Face/FaceColor_CM2.uasset" 4207
"../../../../../../Users/Anthony/Documents/GitHub/mechatronics-vr/Content/MetaHumans/Payton/Face/FaceColor_CM3.uasset" 4208
"../../../../../../Users/Anthony/Documents/GitHub/mechatronics-vr/Content/MetaHumans/Payton/Face/FaceColor_MAIN.uasset" 4209
"../../../../../../Users/Anthony/Documents/GitHub/mechatronics-vr/Content/MetaHumans/Payton/Face/FaceEyeLipstickMask.uasset" 4210
"../../../../../../Users/Anthony/Documents/GitHub/mechatronics-vr/Content/MetaHumans/Payton/Face/FaceFoundationBlusherMask.uasset" 4211
"../../../../../../Users/Anthony/Documents/GitHub/mechatronics-vr/Content/MetaHumans/Payton/Face/FaceNormal_MAIN.uasset" 4212
"../../../../../../Users/Anthony/Documents/GitHub/mechatronics-vr/Content/MetaHumans/Payton/Face/FaceNormal_WM1.uasset" 4213
"../../../../../../Users/Anthony/Documents/GitHub/mechatronics-vr/Content/MetaHumans/Payton/Face/FaceNormal_WM2.uasset" 4214
"../../../../../../Users/Anthony/Documents/GitHub/mechatronics-vr/Content/MetaHumans/Payton/Face/FaceNormal_WM3.uasset" 4215
"../../../../../../Users/Anthony/Documents/GitHub/mechatronics-vr/Content/MetaHumans/Payton/Face/FaceRoughness_MAIN.uasset" 4216
"../../../../../../Users/Anthony/Documents/GitHub/mechatronics-vr/Content/MetaHumans/Payton/Face/FaceBakedGroomAttributeMap_LOD.uasset" 4217
"../../../../../../Users/Anthony/Documents/GitHub/mechatronics-vr/Content/MetaHumans/Payton/Face/FaceBakedGroomRootTipGradientRegionMasks_LOD.uasset" 4218
"../../../../../../Users/Anthony/Documents/GitHub/mechatronics-vr/Content/MetaHumans/Payton/Face/FaceColor_MAIN_LOD.uasset" 4219
"../../../../../../Users/Anthony/Documents/GitHub/mechatronics-vr/Content/MetaHumans/Payton/Face/FaceNormal_MAIN_LOD.uasset" 4220
"../../../../../../Users/Anthony/Documents/GitHub/mechatronics-vr/Content/MetaHumans/Payton/Face/FaceRoughness_MAIN_LOD.uasset" 4221
"../../../../../../Users/Anthony/Documents/GitHub/mechatronics-vr/Content/MetaHumans/Payton/Face/T_BakedNormal_LOD3.uasset" 4222
"../../../../../../Users/Anthony/Documents/GitHub/mechatronics-vr/Content/MetaHumans/Payton/Face/T_BakedNormal_LOD4.uasset" 4223
"../../../../../../Users/Anthony/Documents/GitHub/mechatronics-vr/Content/MetaHumans/Payton/Face/FaceBakedGroomAttributeMap_LOD1.uasset" 4224
"../../../../../../Users/Anthony/Documents/GitHub/mechatronics-vr/Content/MetaHumans/Payton/Face/FaceBakedGroomRootTipGradientRegionMasks_LOD1.uasset" 4225
"../../../../../../Users/Anthony/Documents/GitHub/mechatronics-vr/Content/MetaHumans/Payton/Face/FaceColor_MAIN_LOD1.uasset" 4226
"../../../../../../Users/Anthony/Documents/GitHub/mechatronics-vr/Content/MetaHumans/Payton/Face/FaceNormal_MAIN_LOD1.uasset" 4227
"../../../../../../Users/Anthony/Documents/GitHub/mechatronics-vr/Content/MetaHumans/Payton/Face/FaceRoughness_MAIN_LOD1.uasset" 4228
"../../../../../../Users/Anthony/Documents/GitHub/mechatronics-vr/Content/MetaHumans/Payton/Face/T_BakedNormal_LOD5.uasset" 4229
"../../../../../../Users/Anthony/Documents/GitHub/mechatronics-vr/Content/MetaHumans/Common/Face/Materials/MI_EyeRefractive_Inst_L.uasset" 4230
"../../../../../../Users/Anthony/Documents/GitHub/mechatronics-vr/Content/MetaHumans/Common/Face/Textures/IrisTextures/iris_008/T_Iris_A_H.uasset" 4231
"../../../../../../Users/Anthony/Documents/GitHub/mechatronics-vr/Content/MetaHumans/Common/Face/Textures/IrisTextures/iris_008/T_Iris_A_M.uasset" 4232
"../../../../../../Users/Anthony/Documents/GitHub/mechatronics-vr/Content/MetaHumans/Common/Face/Materials/MI_EyeRefractive_Inst_R.uasset" 4233
"../../../../../../Users/Anthony/Documents/GitHub/mechatronics-vr/Content/MetaHumans/Common/Materials/M_EyeLash_HigherLODs_Inst.uasset" 4234
"../../../../../../Users/Anthony/Documents/GitHub/mechatronics-vr/Content/MetaHumans/Common/MaleHair/Textures/Eyelashes_S_Thin_Coverage.uasset" 4235
"../../../../../../Users/Anthony/Documents/GitHub/mechatronics-vr/Content/MetaHumans/Common/Materials/M_EyelashLowerLODs_Inst.uasset" 4236
"../../../../../../Users/Anthony/Documents/GitHub/mechatronics-vr/Content/MetaHumans/Common/Materials/M_TeethCharacterCreator_Inst.uasset" 4237
"../../../Engine/Content/Functions/Engine_MaterialFunctions01/Coordinates/WorldUnitsInPixel.uasset" 4238
"../../../Engine/Content/Functions/Engine_MaterialFunctions01/ImageAdjustment/CheapContrast.uasset" 4239
"../../../Engine/Content/Functions/Engine_MaterialFunctions02/Math/CreateThirdOrthogonalVector.uasset" 4240
"../../../Engine/Content/Functions/Engine_MaterialFunctions02/Math/Pi.uasset" 4241
"../../../Engine/Content/Functions/Engine_MaterialFunctions02/SmoothStep.uasset" 4242
"../../../Engine/Content/Functions/Engine_MaterialFunctions02/Texturing/ScreenAlignedPixelToPixelUVs.uasset" 4243
"../../../Engine/Content/Functions/Engine_MaterialFunctions02/Utility/DitherTemporalAA.uasset" 4244
"../../../../../../Users/Anthony/Documents/GitHub/mechatronics-vr/Content/MetaHumans/Common/Materials/MF_Hair_Color.uasset" 4245
"../../../../../../Users/Anthony/Documents/GitHub/mechatronics-vr/Content/MetaHumans/Common/Materials/MF_Hair_ColorBlending.uasset" 4246
"../../../../../../Users/Anthony/Documents/GitHub/mechatronics-vr/Content/MetaHumans/Common/Materials/MF_Hair_SaltAndPeper.uasset" 4247
"../../../../../../Users/Anthony/Documents/GitHub/mechatronics-vr/Content/MetaHumans/Common/Materials/MF_Hair_SecondaryColors.uasset" 4248
"../../../../../../Users/Anthony/Documents/GitHub/mechatronics-vr/Content/MetaHumans/Common/Materials/MF_HairAnisotropic.uasset" 4249
"../../../../../../Users/Anthony/Documents/GitHub/mechatronics-vr/Content/MetaHumans/Common/Materials/MF_RedHairBoost.uasset" 4250
"../../../../../../Users/Anthony/Documents/GitHub/mechatronics-vr/Content/MetaHumans/Common/Materials/MF_RGB2YCbCr.uasset" 4251
"../../../../../../Users/Anthony/Documents/GitHub/mechatronics-vr/Content/MetaHumans/Common/Materials/MF_Variation.uasset" 4252
"../../../../../../Users/Anthony/Documents/GitHub/mechatronics-vr/Content/MetaHumans/Common/Materials/MF_YCbCr2RGB.uasset" 4253
"../../../../../../Users/Anthony/Documents/GitHub/mechatronics-vr/Content/MetaHumans/Common/Materials/MF_YCbCrAdjustments_BoostRedness.uasset" 4254
"../../../../../../Users/Anthony/Documents/GitHub/mechatronics-vr/Content/MetaHumans/Common/Materials/Textures/TilingNoise05.uasset" 4255
"../../../../../../Users/Anthony/Documents/GitHub/mechatronics-vr/Content/MetaHumans/Common/Textures/T_Black_Linear.uasset" 4256
"../../../../../../Users/Anthony/Documents/GitHub/mechatronics-vr/Content/MetaHumans/Common/Face/HeadMovementIK_Proc_CtrlRig.uasset" 4257
"../../../../../../Users/Anthony/Documents/GitHub/mechatronics-vr/Content/MetaHumans/Common/Face/Neck_CtrlRig.uasset" 4258
"../../../../../../Users/Anthony/Documents/GitHub/mechatronics-vr/Content/MetaHumans/Common/Face/neckPoses/neckCorr_f_med_nrw_RBFSolver_anim.uasset" 4259
"../../../../../../Users/Anthony/Documents/GitHub/mechatronics-vr/Content/MetaHumans/Common/Face/MaterialFunctions/MF_PathTracingQualitySwitch.uasset" 4260
"../../../../../../Users/Anthony/Documents/GitHub/mechatronics-vr/Content/MetaHumans/Common/Face/Textures/T_lacrimal_h.uasset" 4261
"../../../../../../Users/Anthony/Documents/GitHub/mechatronics-vr/Content/MetaHumans/Common/Face/Textures/T_lacrimal_n.uasset" 4262
"../../../../../../Users/Anthony/Documents/GitHub/mechatronics-vr/Content/MetaHumans/Common/Face/Materials/Baked/M_Head_Baked.uasset" 4263
"../../../../../../Users/Anthony/Documents/GitHub/mechatronics-vr/Content/MetaHumans/Common/Face/SubsurfaceProfiles/SSP_Head.uasset" 4264
"../../../../../../Users/Anthony/Documents/GitHub/mechatronics-vr/Content/MetaHumans/Common/Face/Materials/M_EyeRefractive.uasset" 4265
"../../../../../../Users/Anthony/Documents/GitHub/mechatronics-vr/Content/MetaHumans/Common/Face/SubsurfaceProfiles/SSP_Eye_Inner.uasset" 4266
"../../../../../../Users/Anthony/Documents/GitHub/mechatronics-vr/Content/MetaHumans/Common/Materials/M_Eyelashes_Cards.uasset" 4267
"../../../../../../Users/Anthony/Documents/GitHub/mechatronics-vr/Content/MetaHumans/Common/Materials/M_Teeth.uasset" 4268
"../../../../../../Users/Anthony/Documents/GitHub/mechatronics-vr/Content/MetaHumans/Common/Materials/SP_TeethCharacterCreator.uasset" 4269
"../../../../../../Users/Anthony/Documents/GitHub/mechatronics-vr/Content/MetaHumans/Common/Controls/MHGizmoLibrary.uasset" 4270
"../../../Engine/Content/Animation/DefaultAnimBoneCompressionSettings.uasset" 4271
"../../../Engine/Content/Functions/Engine_MaterialFunctions02/Utility/MakeFloat4.uasset" 4272
"../../../Engine/Content/Functions/Engine_MaterialFunctions03/Math/RemapValueRange.uasset" 4273
"../../../../../../Users/Anthony/Documents/GitHub/mechatronics-vr/Content/MetaHumans/Common/Face/MaterialFunctions/Grooms/MF_BakedGroomTexturesCombined.uasset" 4274
"../../../../../../Users/Anthony/Documents/GitHub/mechatronics-vr/Content/MetaHumans/Common/Face/MaterialFunctions/Head/MF_HeadMask_01.uasset" 4275
"../../../../../../Users/Anthony/Documents/GitHub/mechatronics-vr/Content/MetaHumans/Common/Face/MaterialFunctions/Head/MF_HeadMask_01A.uasset" 4276
"../../../../../../Users/Anthony/Documents/GitHub/mechatronics-vr/Content/MetaHumans/Common/Face/MaterialFunctions/Head/MF_HeadMask_02.uasset" 4277
"../../../../../../Users/Anthony/Documents/GitHub/mechatronics-vr/Content/MetaHumans/Common/Face/MaterialFunctions/Head/MF_HeadMask_02A.uasset" 4278
"../../../../../../Users/Anthony/Documents/GitHub/mechatronics-vr/Content/MetaHumans/Common/Face/MaterialFunctions/Head/MF_HeadMask_03.uasset" 4279
"../../../../../../Users/Anthony/Documents/GitHub/mechatronics-vr/Content/MetaHumans/Common/Face/MaterialFunctions/Head/MF_HeadMask_03A.uasset" 4280
"../../../../../../Users/Anthony/Documents/GitHub/mechatronics-vr/Content/MetaHumans/Common/Face/MaterialFunctions/Head/MF_HeadMask_TexArraySample.uasset" 4281
"../../../../../../Users/Anthony/Documents/GitHub/mechatronics-vr/Content/MetaHumans/Common/Face/MaterialFunctions/Head/MF_RoughnessMult.uasset" 4282
"../../../../../../Users/Anthony/Documents/GitHub/mechatronics-vr/Content/MetaHumans/Common/Face/MaterialFunctions/MF_AnimatedMaps.uasset" 4283
"../../../../../../Users/Anthony/Documents/GitHub/mechatronics-vr/Content/MetaHumans/Common/Face/ArtistDelights/SkinAccents/T_SkinAccentRegions_002.uasset" 4284
"../../../../../../Users/Anthony/Documents/GitHub/mechatronics-vr/Content/MetaHumans/Common/Face/Textures/RoughnessRegionsMasks/T_RoughnessRegions_001.uasset" 4285
"../../../../../../Users/Anthony/Documents/GitHub/mechatronics-vr/Content/MetaHumans/Common/Face/Textures/RoughnessRegionsMasks/T_RoughnessRegions_002.uasset" 4286
"../../../../../../Users/Anthony/Documents/GitHub/mechatronics-vr/Content/MetaHumans/Common/Face/Textures/RoughnessRegionsMasks/T_RoughnessRegions_003.uasset" 4287
"../../../../../../Users/Anthony/Documents/GitHub/mechatronics-vr/Content/MetaHumans/Common/Face/Textures/RoughnessRegionsMasks/T_RoughnessRegions_004.uasset" 4288
"../../../../../../Users/Anthony/Documents/GitHub/mechatronics-vr/Content/MetaHumans/Common/Face/Textures/RoughnessRegionsMasks/T_RoughnessRegions_005.uasset" 4289
"../../../../../../Users/Anthony/Documents/GitHub/mechatronics-vr/Content/MetaHumans/Common/Face/Textures/RoughnessRegionsMasks/T_RoughnessRegions_006.uasset" 4290
"../../../../../../Users/Anthony/Documents/GitHub/mechatronics-vr/Content/MetaHumans/Common/Face/Textures/RoughnessRegionsMasks/T_RoughnessRegions_007.uasset" 4291
"../../../../../../Users/Anthony/Documents/GitHub/mechatronics-vr/Content/MetaHumans/Common/Face/Textures/T_1x1_BakedGroomTextureBase.uasset" 4292
"../../../../../../Users/Anthony/Documents/GitHub/mechatronics-vr/Content/MetaHumans/Common/Face/Textures/T_DefaultTextureLinear.uasset" 4293
"../../../../../../Users/Anthony/Documents/GitHub/mechatronics-vr/Content/MetaHumans/Common/Face/Textures/T_MH_BentNormal_AO.uasset" 4294
"../../../../../../Users/Anthony/Documents/GitHub/mechatronics-vr/Content/MetaHumans/Common/Face/Textures/Utilities/AnimMasks/T_head_wm13_msk_01.uasset" 4295
"../../../../../../Users/Anthony/Documents/GitHub/mechatronics-vr/Content/MetaHumans/Common/Face/Textures/Utilities/AnimMasks/T_head_wm1_msk_01.uasset" 4296
"../../../../../../Users/Anthony/Documents/GitHub/mechatronics-vr/Content/MetaHumans/Common/Face/Textures/Utilities/AnimMasks/T_head_wm1_msk_02.uasset" 4297
"../../../../../../Users/Anthony/Documents/GitHub/mechatronics-vr/Content/MetaHumans/Common/Face/Textures/Utilities/AnimMasks/T_head_wm1_msk_03.uasset" 4298
"../../../../../../Users/Anthony/Documents/GitHub/mechatronics-vr/Content/MetaHumans/Common/Face/Textures/Utilities/AnimMasks/T_head_wm1_msk_04.uasset" 4299
"../../../../../../Users/Anthony/Documents/GitHub/mechatronics-vr/Content/MetaHumans/Common/Face/Textures/Utilities/AnimMasks/T_head_wm2_msk_01.uasset" 4300
"../../../../../../Users/Anthony/Documents/GitHub/mechatronics-vr/Content/MetaHumans/Common/Face/Textures/Utilities/AnimMasks/T_head_wm2_msk_02.uasset" 4301
"../../../../../../Users/Anthony/Documents/GitHub/mechatronics-vr/Content/MetaHumans/Common/Face/Textures/Utilities/AnimMasks/T_head_wm2_msk_03.uasset" 4302
"../../../../../../Users/Anthony/Documents/GitHub/mechatronics-vr/Content/MetaHumans/Common/Face/Textures/Utilities/AnimMasks/T_head_wm3_msk_01.uasset" 4303
"../../../../../../Users/Anthony/Documents/GitHub/mechatronics-vr/Content/MetaHumans/Common/Face/Textures/Utilities/AnimMasks/T_head_wm3_msk_02.uasset" 4304
"../../../../../../Users/Anthony/Documents/GitHub/mechatronics-vr/Content/MetaHumans/Common/Face/Textures/Utilities/AnimMasks/T_head_wm_msk_Array.uasset" 4305
"../../../Engine/Content/Functions/Engine_MaterialFunctions02/Lerp_3Color.uasset" 4306
"../../../Engine/Content/Functions/Engine_MaterialFunctions02/Math/InverseTransformMatrix.uasset" 4307
"../../../Engine/Content/Functions/Engine_MaterialFunctions02/Math/TransformToZVector.uasset" 4308
"../../../Engine/Content/Functions/Engine_MaterialFunctions02/TangentBasis.uasset" 4309
"../../../../../../Users/Anthony/Documents/GitHub/mechatronics-vr/Content/MetaHumans/Common/Face/MaterialFunctions/Eye/MF_EyeRefraction.uasset" 4310
"../../../../../../Users/Anthony/Documents/GitHub/mechatronics-vr/Content/MetaHumans/Common/Face/MaterialFunctions/Eye/MF_IrisGenerator.uasset" 4311
"../../../../../../Users/Anthony/Documents/GitHub/mechatronics-vr/Content/MetaHumans/Common/Face/MaterialFunctions/Eye/MF_IrisUVMask.uasset" 4312
"../../../../../../Users/Anthony/Documents/GitHub/mechatronics-vr/Content/MetaHumans/Common/Face/MaterialFunctions/Eye/MF_ParallaxOcclusionMappingEye.uasset" 4313
"../../../../../../Users/Anthony/Documents/GitHub/mechatronics-vr/Content/MetaHumans/Common/Face/MaterialFunctions/Eye/MF_RefractionDirection.uasset" 4314
"../../../Engine/Content/EngineVolumetrics/Fogsheet/Materials/T_EV_BlankWhite_01.uasset" 4315
"../../../../../../Users/Anthony/Documents/GitHub/mechatronics-vr/Content/MetaHumans/Common/Face/Textures/IrisTextures/iris_001/T_Iris_A_H.uasset" 4316
"../../../../../../Users/Anthony/Documents/GitHub/mechatronics-vr/Content/MetaHumans/Common/Face/Textures/IrisTextures/iris_001/T_Iris_A_M.uasset" 4317
"../../../../../../Users/Anthony/Documents/GitHub/mechatronics-vr/Content/MetaHumans/Common/Face/Textures/T_Eye_N.uasset" 4318
"../../../../../../Users/Anthony/Documents/GitHub/mechatronics-vr/Content/MetaHumans/Common/Face/Textures/T_EyeMidPlaneDisplacement.uasset" 4319
"../../../../../../Users/Anthony/Documents/GitHub/mechatronics-vr/Content/MetaHumans/Common/Face/Textures/T_iris_color_picker.uasset" 4320
"../../../../../../Users/Anthony/Documents/GitHub/mechatronics-vr/Content/MetaHumans/Common/Face/Textures/T_Sclera_D.uasset" 4321
"../../../../../../Users/Anthony/Documents/GitHub/mechatronics-vr/Content/MetaHumans/Common/Face/Textures/T_Sclera_N.uasset" 4322
"../../../../../../Users/Anthony/Documents/GitHub/mechatronics-vr/Content/MetaHumans/Common/Face/Textures/T_sclera_tint_picker.uasset" 4323
"../../../../../../Users/Anthony/Documents/GitHub/mechatronics-vr/Content/MetaHumans/Common/Face/Textures/T_TilingNoise_001.uasset" 4324
"../../../../../../Users/Anthony/Documents/GitHub/mechatronics-vr/Content/MetaHumans/Common/Face/Textures/T_Veins_D.uasset" 4325
"../../../Engine/Content/Functions/Engine_MaterialFunctions02/Masking/ThresholdWithRange.uasset" 4326
"../../../Engine/Content/Functions/Engine_MaterialFunctions02/Utility/CustomReflectionVector.uasset" 4327
"../../../../../../Users/Anthony/Documents/GitHub/mechatronics-vr/Content/MetaHumans/Common/Materials/Textures/gums_color_picker.uasset" 4328
"../../../../../../Users/Anthony/Documents/GitHub/mechatronics-vr/Content/MetaHumans/Common/Materials/Textures/gums_div_001.uasset" 4329
"../../../../../../Users/Anthony/Documents/GitHub/mechatronics-vr/Content/MetaHumans/Common/Materials/Textures/plaque_color_picker.uasset" 4330
"../../../../../../Users/Anthony/Documents/GitHub/mechatronics-vr/Content/MetaHumans/Common/Materials/Textures/skin_n.uasset" 4331
"../../../../../../Users/Anthony/Documents/GitHub/mechatronics-vr/Content/MetaHumans/Common/Materials/Textures/T_Teeth_mouthOcc.uasset" 4332
"../../../../../../Users/Anthony/Documents/GitHub/mechatronics-vr/Content/MetaHumans/Common/Materials/Textures/teeth_color_map_001.uasset" 4333
"../../../../../../Users/Anthony/Documents/GitHub/mechatronics-vr/Content/MetaHumans/Common/Materials/Textures/teeth_color_picker_001.uasset" 4334
"../../../../../../Users/Anthony/Documents/GitHub/mechatronics-vr/Content/MetaHumans/Common/Materials/Textures/teeth_masks_001.uasset" 4335
"../../../../../../Users/Anthony/Documents/GitHub/mechatronics-vr/Content/MetaHumans/Common/Materials/Textures/teeth_normal_map.uasset" 4336
"../../../../../../Users/Anthony/Documents/GitHub/mechatronics-vr/Content/MetaHumans/Common/Materials/Textures/teeth_sharpNormal_map.uasset" 4337
"../../../../../../Users/Anthony/Documents/GitHub/mechatronics-vr/Content/MetaHumans/Common/Materials/Textures/TeethGumsNormal.uasset" 4338
"../../../../../../Users/Anthony/Documents/GitHub/mechatronics-vr/Content/MetaHumans/Common/Face/Textures/Utilities/AnimMasks/T_head_wm1_msk_04a.uasset" 4339
"../../../../../../Users/Anthony/Documents/GitHub/mechatronics-vr/Content/MetaHumans/Common/Face/Textures/Utilities/AnimMasks/T_head_wm2_msk_03a.uasset" 4340
"/HairStrands/Emitters/StableSpringsSystem" 4341
"../../Plugins/Runtime/HairStrands/Content/Emitters/StableSpringsSystem.uasset" 4342
"../../Plugins/Runtime/HairStrands/Content/Materials/NiagaraHairMaterial.uasset" 4343
"../../Plugins/Runtime/HairStrands/Content/Emitters/StableSpringsEmitter.uasset" 4344
"../../Plugins/Runtime/HairStrands/Content/Emitters/AdvanceGroomState.uasset" 4345
"../../Plugins/Runtime/HairStrands/Content/Emitters/AttachGroomRoots.uasset" 4346
"../../Plugins/Runtime/HairStrands/Content/Emitters/ReportGroomPosition.uasset" 4347
"../../Plugins/Runtime/HairStrands/Content/Emitters/ResetGroomPoints.uasset" 4348
"../../Plugins/Runtime/HairStrands/Content/Emitters/RewindStableState.uasset" 4349
"../../Plugins/Runtime/HairStrands/Content/Emitters/SetGroomLocation.uasset" 4350
"../../Plugins/Runtime/HairStrands/Content/Emitters/SetupGridDatas.uasset" 4351
"../../Plugins/Runtime/HairStrands/Content/Emitters/SetupGroomPhysics.uasset" 4352
"../../Plugins/Runtime/HairStrands/Content/Emitters/SpawnStableNodes.uasset" 4353
"../../Plugins/Runtime/HairStrands/Content/Emitters/StoreGroomState.uasset" 4354
"../../Plugins/Runtime/HairStrands/Content/Emitters/TransferGridVelocity.uasset" 4355
"../../Plugins/Runtime/HairStrands/Content/Emitters/UpdateGridVelocity.uasset" 4356
"../../Plugins/Runtime/HairStrands/Content/Emitters/AdvectGroomState.uasset" 4357
"../../Plugins/Runtime/HairStrands/Content/Emitters/IncrementStepIndex.uasset" 4358
"../../Plugins/Runtime/HairStrands/Content/Emitters/InterpolateGroomRoots.uasset" 4359
"../../Plugins/Runtime/HairStrands/Content/Emitters/ProjectGroomState.uasset" 4360
"../../Plugins/Runtime/HairStrands/Content/Emitters/SolveGroomState.uasset" 4361
"../../Plugins/FX/Niagara/Content/Functions/Rotation/InvertQuaternion.uasset" 4362
"../../Plugins/FX/Niagara/Content/Functions/Rotation/SlerpQuaternion.uasset" 4363
"../../Plugins/Runtime/HairStrands/Content/Emitters/ExtractSharedOrientation.uasset" 4364
"../../Plugins/Runtime/HairStrands/Content/Emitters/ExtractSharedPosition.uasset" 4365
"../../Plugins/Runtime/HairStrands/Content/Emitters/ProjectRodConstraints.uasset" 4366
"../../Plugins/Runtime/HairStrands/Content/Emitters/ProjectSpringConstraints.uasset" 4367
"../../Plugins/Runtime/HairStrands/Content/Emitters/ReportSharedOrientation.uasset" 4368
"../../Plugins/Runtime/HairStrands/Content/Emitters/ReportSharedPosition.uasset" 4369
"../../Plugins/Runtime/HairStrands/Content/Emitters/SolveRodConstraints.uasset" 4370
"../../Plugins/Runtime/HairStrands/Content/Emitters/SolveSpringConstraints.uasset" 4371
"../../Plugins/FX/Niagara/Content/Functions/Rotation/AngleBetweenQuaternions.uasset" 4372
"../../Plugins/FX/Niagara/Content/Functions/Trig/SinXoverXinRadians.uasset" 4373
"/Game/MetaHumans/Payton/FemaleHair/GroomBinding/Peachfuzz_M_Thin_Binding" 4374
"../../../../../../Users/Anthony/Documents/GitHub/mechatronics-vr/Content/MetaHumans/Common/Materials/MI_PeachFuzz.uasset" 4375
"../../../../../../Users/Anthony/Documents/GitHub/mechatronics-vr/Content/MetaHumans/Common/Materials/M_PeachFuzzMaster.uasset" 4376
"../../../Engine/Content/MapTemplates/TilingNoise05.uasset" 4377
"../../../../../../Users/Anthony/Documents/GitHub/mechatronics-vr/Content/MetaHumans/Common/Materials/Textures/skin_bar_color_picker.uasset" 4378
"/Game/MetaHumans/Payton/MaleHair/GroomBinding/Eyelashes_S_Thin_Binding" 4379
"C:/Users/Anthony/Documents/GitHub/mechatronics-vr/Content/MetaHumans/Payton/FemaleHair/GroomBinding/Eyebrows_M_Thick_Binding.uasset" 4380
"C:/Users/Anthony/Documents/GitHub/mechatronics-vr/Content/MetaHumans/Payton/Materials/MI_PeachFuzz.uasset" 4381
"C:/Users/Anthony/Documents/GitHub/mechatronics-vr/Content/MetaHumans/Common/Materials/MI_Facial_Hair.uasset" 4382
"C:/Users/Anthony/Documents/GitHub/mechatronics-vr/Content/MetaHumans/Payton/Materials/MI_Hair_Helmet.uasset" 4383
"C:/Users/Anthony/Documents/GitHub/mechatronics-vr/Content/MetaHumans/Payton/Materials/MI_Facial_Hair.uasset" 4384
"C:/Users/Anthony/Documents/GitHub/mechatronics-vr/Content/MetaHumans/Payton/Materials/MI_Hair1.uasset" 4385
"C:/Users/Anthony/Documents/GitHub/mechatronics-vr/Content/MetaHumans/Common/Materials/M_Facial_Hair.uasset" 4386
"C:/Users/Anthony/Documents/GitHub/mechatronics-vr/Content/MetaHumans/Common/Common/Mocap/mh_arkit_mapping_anim.uasset" 4387
"C:/Users/Anthony/Documents/GitHub/mechatronics-vr/Content/MetaHumans/Common/Face/Face_AnimBP.uasset" 4388
"C:/Users/Anthony/Documents/GitHub/mechatronics-vr/Content/MetaHumans/Common/Common/Mocap/mh_arkit_mapping_pose.uasset" 4389
"C:/Users/Anthony/Documents/GitHub/mechatronics-vr/Content/MetaHumans/Payton/Materials/MI_Hair.uasset" 4390
"C:/Users/Anthony/Documents/GitHub/mechatronics-vr/Content/MetaHumans/Payton/Materials/MI_Hair_Cards.uasset" 4391
"C:/Users/Anthony/Documents/GitHub/mechatronics-vr/Content/MetaHumans/Common/Female/Medium/NormalWeight/Body/f_med_nrw_body_Physics.uasset" 4392
"C:/Users/Anthony/Documents/GitHub/mechatronics-vr/Content/MetaHumans/Payton/Materials/MI_Hair2.uasset" 4393
"C:/Users/Anthony/Documents/GitHub/mechatronics-vr/Content/MetaHumans/Common/Female/Medium/NormalWeight/Poses/f_med_nrw_upperarm_l_pose.uasset" 4394
"C:/Users/Anthony/Documents/GitHub/mechatronics-vr/Content/MetaHumans/Common/Common/MetaHuman_LODSettings_Cinematic.uasset" 4395
"C:/Users/Anthony/Documents/GitHub/mechatronics-vr/Content/MetaHumans/Common/Female/Medium/NormalWeight/Poses/f_med_nrw_upperarm_l_anim.uasset" 4396
"C:/Users/Anthony/Documents/GitHub/mechatronics-vr/Content/MetaHumans/Common/Female/Medium/NormalWeight/Poses/f_med_nrw_thumb_03_r_anim.uasset" 4397
"C:/Users/Anthony/Documents/GitHub/mechatronics-vr/Content/MetaHumans/Common/Female/Medium/NormalWeight/Poses/f_med_nrw_upperarm_r_pose.uasset" 4398
"C:/Users/Anthony/Documents/GitHub/mechatronics-vr/Content/MetaHumans/Common/Female/Medium/NormalWeight/Poses/f_med_nrw_upperarm_r_anim.uasset" 4399
"C:/Users/Anthony/Documents/GitHub/mechatronics-vr/Content/MetaHumans/Common/Female/Medium/NormalWeight/Poses/f_med_nrw_thumb_03_l_anim.uasset" 4400
"C:/Users/Anthony/Documents/GitHub/mechatronics-vr/Content/MetaHumans/Common/Female/Medium/NormalWeight/Poses/f_med_nrw_thumb_03_r_pose.uasset" 4401
"C:/Users/Anthony/Documents/GitHub/mechatronics-vr/Content/MetaHumans/Common/Female/Medium/NormalWeight/Poses/f_med_nrw_thumb_02_r_pose.uasset" 4402
"C:/Users/Anthony/Documents/GitHub/mechatronics-vr/Content/MetaHumans/Common/Female/Medium/NormalWeight/Poses/f_med_nrw_thumb_02_l_anim.uasset" 4403
"C:/Users/Anthony/Documents/GitHub/mechatronics-vr/Content/MetaHumans/Common/Female/Medium/NormalWeight/Poses/f_med_nrw_thumb_03_l_pose.uasset" 4404
"C:/Users/Anthony/Documents/GitHub/mechatronics-vr/Content/MetaHumans/Common/Female/Medium/NormalWeight/Poses/f_med_nrw_thumb_02_r_anim.uasset" 4405
"/Game/MetaHumans/Payton/FemaleHair/Hair/Eyebrows_M_Thick" 4406
"/Game/MetaHumans/Payton/Materials/MI_Facial_Hair" 4407
"/Game/MetaHumans/Payton/Materials/MI_Hair" 4408
"/Game/MetaHumans/Payton/Materials/MI_Hair1" 4409
"../../../Engine/Plugins/Interchange/Assets/Shaders/ThinFilmFunctions.usf" 4410
"/Game/MetaHumans/Payton/Materials/MI_Hair2" 4411
"/Game/MetaHumans/Payton/Materials/MI_Hair_Cards" 4412
"/Game/MetaHumans/Payton/Materials/MI_Hair_Helmet" 4413
"/Game/MetaHumans/Payton/Materials/MI_PeachFuzz" 4414
"/Game/MetaHumans/Payton/FemaleHair/GroomBinding/Eyebrows_M_Thick_Binding" 4415
"/Game/MetaHumans/Common/Female/Medium/NormalWeight/Body/f_med_nrw_body_Physics" 4416
"/Game/MetaHumans/Common/Common/MetaHuman_LODSettings_Cinematic" 4417
"/Game/MetaHumans/Common/Female/Medium/NormalWeight/Poses/f_med_nrw_upperarm_r_anim" 4418
"/Game/MetaHumans/Common/Female/Medium/NormalWeight/Poses/f_med_nrw_upperarm_r_pose" 4419
"/Game/MetaHumans/Common/Female/Medium/NormalWeight/Poses/f_med_nrw_upperarm_l_anim" 4420
"/Game/MetaHumans/Common/Female/Medium/NormalWeight/Poses/f_med_nrw_upperarm_l_pose" 4421
"/Game/MetaHumans/Common/Female/Medium/NormalWeight/Poses/f_med_nrw_thumb_03_r_anim" 4422
"/Game/MetaHumans/Common/Female/Medium/NormalWeight/Poses/f_med_nrw_thumb_03_r_pose" 4423
"/Game/MetaHumans/Common/Female/Medium/NormalWeight/Poses/f_med_nrw_thumb_03_l_anim" 4424
"/Game/MetaHumans/Common/Female/Medium/NormalWeight/Poses/f_med_nrw_thumb_03_l_pose" 4425
"/Game/MetaHumans/Common/Female/Medium/NormalWeight/Poses/f_med_nrw_thumb_02_r_anim" 4426
"/Game/MetaHumans/Common/Female/Medium/NormalWeight/Poses/f_med_nrw_thumb_02_r_pose" 4427
"/Game/MetaHumans/Common/Female/Medium/NormalWeight/Poses/f_med_nrw_thumb_02_l_anim" 4428
"C:/Users/Anthony/Documents/GitHub/mechatronics-vr/Content/MetaHumans/Common/Female/Medium/NormalWeight/Poses/f_med_nrw_thumb_02_l_pose.uasset" 4429
"C:/Users/Anthony/Documents/GitHub/mechatronics-vr/Content/MetaHumans/Common/Female/Medium/NormalWeight/Poses/f_med_nrw_thumb_01_r_anim.uasset" 4430
"C:/Users/Anthony/Documents/GitHub/mechatronics-vr/Content/MetaHumans/Common/Female/Medium/NormalWeight/Poses/f_med_nrw_thigh_r_anim.uasset" 4431
"C:/Users/Anthony/Documents/GitHub/mechatronics-vr/Content/MetaHumans/Common/Female/Medium/NormalWeight/Poses/f_med_nrw_thigh_r_pose.uasset" 4432
"C:/Users/Anthony/Documents/GitHub/mechatronics-vr/Content/MetaHumans/Common/Female/Medium/NormalWeight/Poses/f_med_nrw_thumb_01_r_pose.uasset" 4433
"C:/Users/Anthony/Documents/GitHub/mechatronics-vr/Content/MetaHumans/Common/Female/Medium/NormalWeight/Poses/f_med_nrw_thumb_01_l_pose.uasset" 4434
"C:/Users/Anthony/Documents/GitHub/mechatronics-vr/Content/MetaHumans/Common/Female/Medium/NormalWeight/Poses/f_med_nrw_ring_03_r_anim.uasset" 4435
"/Game/MetaHumans/Common/Face/Face_AnimBP" 4436
"C:/Users/Anthony/Documents/GitHub/mechatronics-vr/Content/MetaHumans/Common/Female/Medium/NormalWeight/Poses/f_med_nrw_thigh_l_anim.uasset" 4437
"C:/Users/Anthony/Documents/GitHub/mechatronics-vr/Content/MetaHumans/Common/Female/Medium/NormalWeight/Poses/f_med_nrw_ring_03_r_pose.uasset" 4438
"C:/Users/Anthony/Documents/GitHub/mechatronics-vr/Content/MetaHumans/Common/Female/Medium/NormalWeight/Poses/f_med_nrw_ring_03_l_anim.uasset" 4439
"C:/Users/Anthony/Documents/GitHub/mechatronics-vr/Content/MetaHumans/Common/Female/Medium/NormalWeight/Poses/f_med_nrw_thumb_01_l_anim.uasset" 4440
"C:/Users/Anthony/Documents/GitHub/mechatronics-vr/Content/MetaHumans/Common/Female/Medium/NormalWeight/Poses/f_med_nrw_ring_03_l_pose.uasset" 4441
"C:/Users/Anthony/Documents/GitHub/mechatronics-vr/Content/MetaHumans/Common/Female/Medium/NormalWeight/Poses/f_med_nrw_thigh_l_pose.uasset" 4442
"C:/Users/Anthony/Documents/GitHub/mechatronics-vr/Content/MetaHumans/Common/Female/Medium/NormalWeight/Poses/f_med_nrw_ring_02_l_anim.uasset" 4443
"C:/Users/Anthony/Documents/GitHub/mechatronics-vr/Content/MetaHumans/Common/Female/Medium/NormalWeight/Poses/f_med_nrw_ring_02_r_pose.uasset" 4444
"C:/Users/Anthony/Documents/GitHub/mechatronics-vr/Content/MetaHumans/Common/Female/Medium/NormalWeight/Poses/f_med_nrw_ring_02_r_anim.uasset" 4445
"C:/Users/Anthony/Documents/GitHub/mechatronics-vr/Content/MetaHumans/Common/Female/Medium/NormalWeight/Poses/f_med_nrw_ring_02_l_pose.uasset" 4446
"C:/Users/Anthony/Documents/GitHub/mechatronics-vr/Content/MetaHumans/Common/Female/Medium/NormalWeight/Poses/f_med_nrw_ring_01_l_anim.uasset" 4447
"C:/Users/Anthony/Documents/GitHub/mechatronics-vr/Content/MetaHumans/Common/Female/Medium/NormalWeight/Poses/f_med_nrw_ring_01_l_pose.uasset" 4448
"C:/Users/Anthony/Documents/GitHub/mechatronics-vr/Content/MetaHumans/Common/Female/Medium/NormalWeight/Poses/f_med_nrw_pinky_03_r_anim.uasset" 4449
"C:/Users/Anthony/Documents/GitHub/mechatronics-vr/Content/MetaHumans/Common/Female/Medium/NormalWeight/Poses/f_med_nrw_ring_01_r_pose.uasset" 4450
"C:/Users/Anthony/Documents/GitHub/mechatronics-vr/Content/MetaHumans/Common/Female/Medium/NormalWeight/Poses/f_med_nrw_pinky_03_r_pose.uasset" 4451
"C:/Users/Anthony/Documents/GitHub/mechatronics-vr/Content/MetaHumans/Common/Female/Medium/NormalWeight/Poses/f_med_nrw_pinky_02_r_anim.uasset" 4452
"C:/Users/Anthony/Documents/GitHub/mechatronics-vr/Content/MetaHumans/Common/Female/Medium/NormalWeight/Poses/f_med_nrw_pinky_03_l_pose.uasset" 4453
"C:/Users/Anthony/Documents/GitHub/mechatronics-vr/Content/MetaHumans/Common/Female/Medium/NormalWeight/Poses/f_med_nrw_pinky_02_r_pose.uasset" 4454
"C:/Users/Anthony/Documents/GitHub/mechatronics-vr/Content/MetaHumans/Common/Female/Medium/NormalWeight/Poses/f_med_nrw_pinky_02_l_anim.uasset" 4455
"C:/Users/Anthony/Documents/GitHub/mechatronics-vr/Content/MetaHumans/Common/Female/Medium/NormalWeight/Poses/f_med_nrw_pinky_03_l_anim.uasset" 4456
"C:/Users/Anthony/Documents/GitHub/mechatronics-vr/Content/MetaHumans/Common/Female/Medium/NormalWeight/Poses/f_med_nrw_pinky_02_l_pose.uasset" 4457
"C:/Users/Anthony/Documents/GitHub/mechatronics-vr/Content/MetaHumans/Common/Female/Medium/NormalWeight/Poses/f_med_nrw_ring_01_r_anim.uasset" 4458
"C:/Users/Anthony/Documents/GitHub/mechatronics-vr/Content/MetaHumans/Common/Female/Medium/NormalWeight/Poses/f_med_nrw_pinky_01_l_anim.uasset" 4459
"C:/Users/Anthony/Documents/GitHub/mechatronics-vr/Content/MetaHumans/Common/Female/Medium/NormalWeight/Poses/f_med_nrw_pinky_01_r_anim.uasset" 4460
"C:/Users/Anthony/Documents/GitHub/mechatronics-vr/Content/MetaHumans/Common/Female/Medium/NormalWeight/Poses/f_med_nrw_pinky_01_r_pose.uasset" 4461
"/Game/MetaHumans/Common/Female/Medium/NormalWeight/Poses/f_med_nrw_pinky_02_l_pose" 4462
"/Game/MetaHumans/Common/Female/Medium/NormalWeight/Poses/f_med_nrw_pinky_02_r_pose" 4463
"/Game/MetaHumans/Common/Female/Medium/NormalWeight/Poses/f_med_nrw_pinky_03_l_pose" 4464
"/Game/MetaHumans/Common/Female/Medium/NormalWeight/Poses/f_med_nrw_pinky_03_r_pose" 4465
"/Game/MetaHumans/Common/Female/Medium/NormalWeight/Poses/f_med_nrw_ring_01_l_pose" 4466
"/Game/MetaHumans/Common/Female/Medium/NormalWeight/Poses/f_med_nrw_ring_01_r_pose" 4467
"/Game/MetaHumans/Common/Female/Medium/NormalWeight/Poses/f_med_nrw_ring_02_l_pose" 4468
"/Game/MetaHumans/Common/Female/Medium/NormalWeight/Poses/f_med_nrw_ring_02_r_pose" 4469
"/Game/MetaHumans/Common/Female/Medium/NormalWeight/Poses/f_med_nrw_ring_03_l_pose" 4470
"/Game/MetaHumans/Common/Female/Medium/NormalWeight/Poses/f_med_nrw_ring_03_r_pose" 4471
"/Game/MetaHumans/Common/Female/Medium/NormalWeight/Poses/f_med_nrw_thigh_l_pose" 4472
"/Game/MetaHumans/Common/Female/Medium/NormalWeight/Poses/f_med_nrw_thigh_r_pose" 4473
"/Game/MetaHumans/Common/Female/Medium/NormalWeight/Poses/f_med_nrw_thumb_01_l_pose" 4474
"/Game/MetaHumans/Common/Female/Medium/NormalWeight/Poses/f_med_nrw_thumb_01_r_pose" 4475
"/Game/MetaHumans/Common/Female/Medium/NormalWeight/Poses/f_med_nrw_thumb_02_l_pose" 4476
"C:/Users/Anthony/Documents/GitHub/mechatronics-vr/Content/MetaHumans/Common/Female/Medium/NormalWeight/Poses/f_med_nrw_pinky_01_l_pose.uasset" 4477
"C:/Users/Anthony/Documents/GitHub/mechatronics-vr/Content/MetaHumans/Common/Female/Medium/NormalWeight/Poses/f_med_nrw_middle_03_r_anim.uasset" 4478
"C:/Users/Anthony/Documents/GitHub/mechatronics-vr/Content/MetaHumans/Common/Female/Medium/NormalWeight/Poses/f_med_nrw_middle_03_l_pose.uasset" 4479
"C:/Users/Anthony/Documents/GitHub/mechatronics-vr/Content/MetaHumans/Common/Female/Medium/NormalWeight/Poses/f_med_nrw_middle_02_r_anim.uasset" 4480
"C:/Users/Anthony/Documents/GitHub/mechatronics-vr/Content/MetaHumans/Common/Female/Medium/NormalWeight/Poses/f_med_nrw_middle_03_l_anim.uasset" 4481
"C:/Users/Anthony/Documents/GitHub/mechatronics-vr/Content/MetaHumans/Common/Female/Medium/NormalWeight/Poses/f_med_nrw_middle_02_r_pose.uasset" 4482
"/Game/MetaHumans/Common/Female/Medium/NormalWeight/Poses/f_med_nrw_pinky_01_l_anim" 4483
"C:/Users/Anthony/Documents/GitHub/mechatronics-vr/Content/MetaHumans/Common/Female/Medium/NormalWeight/Poses/f_med_nrw_middle_02_l_anim.uasset" 4484
"C:/Users/Anthony/Documents/GitHub/mechatronics-vr/Content/MetaHumans/Common/Female/Medium/NormalWeight/Poses/f_med_nrw_middle_03_r_pose.uasset" 4485
"C:/Users/Anthony/Documents/GitHub/mechatronics-vr/Content/MetaHumans/Common/Female/Medium/NormalWeight/Poses/f_med_nrw_lowerarm_r_anim.uasset" 4486
"C:/Users/Anthony/Documents/GitHub/mechatronics-vr/Content/MetaHumans/Common/Female/Medium/NormalWeight/Poses/f_med_nrw_middle_01_r_anim.uasset" 4487
"C:/Users/Anthony/Documents/GitHub/mechatronics-vr/Content/MetaHumans/Common/Female/Medium/NormalWeight/Poses/f_med_nrw_lowerarm_r_pose.uasset" 4488
"C:/Users/Anthony/Documents/GitHub/mechatronics-vr/Content/MetaHumans/Common/Female/Medium/NormalWeight/Poses/f_med_nrw_lowerarm_l_anim.uasset" 4489
"C:/Users/Anthony/Documents/GitHub/mechatronics-vr/Content/MetaHumans/Common/Female/Medium/NormalWeight/Poses/f_med_nrw_middle_01_r_pose.uasset" 4490
"C:/Users/Anthony/Documents/GitHub/mechatronics-vr/Content/MetaHumans/Common/Female/Medium/NormalWeight/Poses/f_med_nrw_middle_01_l_anim.uasset" 4491
"C:/Users/Anthony/Documents/GitHub/mechatronics-vr/Content/MetaHumans/Common/Female/Medium/NormalWeight/Poses/f_med_nrw_index_03_r_anim.uasset" 4492
"C:/Users/Anthony/Documents/GitHub/mechatronics-vr/Content/MetaHumans/Common/Female/Medium/NormalWeight/Poses/f_med_nrw_middle_02_l_pose.uasset" 4493
"C:/Users/Anthony/Documents/GitHub/mechatronics-vr/Content/MetaHumans/Common/Female/Medium/NormalWeight/Poses/f_med_nrw_index_03_r_pose.uasset" 4494
"C:/Users/Anthony/Documents/GitHub/mechatronics-vr/Content/MetaHumans/Common/Female/Medium/NormalWeight/Poses/f_med_nrw_index_03_l_anim.uasset" 4495
"C:/Users/Anthony/Documents/GitHub/mechatronics-vr/Content/MetaHumans/Common/Female/Medium/NormalWeight/Poses/f_med_nrw_middle_01_l_pose.uasset" 4496
"C:/Users/Anthony/Documents/GitHub/mechatronics-vr/Content/MetaHumans/Common/Female/Medium/NormalWeight/Poses/f_med_nrw_index_03_l_pose.uasset" 4497
"C:/Users/Anthony/Documents/GitHub/mechatronics-vr/Content/MetaHumans/Common/Female/Medium/NormalWeight/Poses/f_med_nrw_index_02_r_pose.uasset" 4498
"C:/Users/Anthony/Documents/GitHub/mechatronics-vr/Content/MetaHumans/Common/Female/Medium/NormalWeight/Poses/f_med_nrw_index_02_r_anim.uasset" 4499
"C:/Users/Anthony/Documents/GitHub/mechatronics-vr/Content/MetaHumans/Common/Female/Medium/NormalWeight/Poses/f_med_nrw_index_02_l_anim.uasset" 4500
"C:/Users/Anthony/Documents/GitHub/mechatronics-vr/Content/MetaHumans/Common/Female/Medium/NormalWeight/Poses/f_med_nrw_index_02_l_pose.uasset" 4501
"C:/Users/Anthony/Documents/GitHub/mechatronics-vr/Content/MetaHumans/Common/Female/Medium/NormalWeight/Poses/f_med_nrw_index_01_r_anim.uasset" 4502
"C:/Users/Anthony/Documents/GitHub/mechatronics-vr/Content/MetaHumans/Common/Female/Medium/NormalWeight/Poses/f_med_nrw_index_01_l_anim.uasset" 4503
"C:/Users/Anthony/Documents/GitHub/mechatronics-vr/Content/MetaHumans/Common/Female/Medium/NormalWeight/Poses/f_med_nrw_index_01_l_pose.uasset" 4504
"C:/Users/Anthony/Documents/GitHub/mechatronics-vr/Content/MetaHumans/Common/Female/Medium/NormalWeight/Poses/f_med_nrw_index_01_r_pose.uasset" 4505
"C:/Users/Anthony/Documents/GitHub/mechatronics-vr/Content/MetaHumans/Common/Female/Medium/NormalWeight/Poses/f_med_nrw_lowerarm_l_pose.uasset" 4506
"/Game/MetaHumans/Common/Female/Medium/NormalWeight/Poses/f_med_nrw_pinky_01_r_pose" 4507
"C:/Users/Anthony/Documents/GitHub/mechatronics-vr/Content/MetaHumans/Common/Female/Medium/NormalWeight/Poses/f_med_nrw_hand_r_pose.uasset" 4508
"C:/Users/Anthony/Documents/GitHub/mechatronics-vr/Content/MetaHumans/Common/Female/Medium/NormalWeight/Poses/f_med_nrw_hand_l_anim.uasset" 4509
"C:/Users/Anthony/Documents/GitHub/mechatronics-vr/Content/MetaHumans/Common/Female/Medium/NormalWeight/Poses/f_med_nrw_hand_r_anim.uasset" 4510
"/Game/MetaHumans/Common/Female/Medium/NormalWeight/Poses/f_med_nrw_index_01_l_pose" 4511
"/Game/MetaHumans/Common/Female/Medium/NormalWeight/Poses/f_med_nrw_index_01_r_pose" 4512
"/Game/MetaHumans/Common/Female/Medium/NormalWeight/Poses/f_med_nrw_index_02_l_pose" 4513
"/Game/MetaHumans/Common/Female/Medium/NormalWeight/Poses/f_med_nrw_index_02_r_pose" 4514
"/Game/MetaHumans/Common/Female/Medium/NormalWeight/Poses/f_med_nrw_index_03_l_pose" 4515
"/Game/MetaHumans/Common/Female/Medium/NormalWeight/Poses/f_med_nrw_index_03_r_pose" 4516
"/Game/MetaHumans/Common/Female/Medium/NormalWeight/Poses/f_med_nrw_lowerarm_l_pose" 4517
"/Game/MetaHumans/Common/Female/Medium/NormalWeight/Poses/f_med_nrw_lowerarm_r_pose" 4518
"/Game/MetaHumans/Common/Female/Medium/NormalWeight/Poses/f_med_nrw_middle_01_l_pose" 4519
"/Game/MetaHumans/Common/Female/Medium/NormalWeight/Poses/f_med_nrw_middle_01_r_pose" 4520
"/Game/MetaHumans/Common/Female/Medium/NormalWeight/Poses/f_med_nrw_middle_02_l_pose" 4521
"/Game/MetaHumans/Common/Female/Medium/NormalWeight/Poses/f_med_nrw_middle_02_r_pose" 4522
"/Game/MetaHumans/Common/Female/Medium/NormalWeight/Poses/f_med_nrw_middle_03_l_pose" 4523
"/Game/MetaHumans/Common/Female/Medium/NormalWeight/Poses/f_med_nrw_middle_03_r_pose" 4524
"/Game/MetaHumans/Common/Female/Medium/NormalWeight/Poses/f_med_nrw_pinky_01_l_pose" 4525
"C:/Users/Anthony/Documents/GitHub/mechatronics-vr/Content/MetaHumans/Common/Female/Medium/NormalWeight/Poses/f_med_nrw_foot_l_pose.uasset" 4526
"C:/Users/Anthony/Documents/GitHub/mechatronics-vr/Content/MetaHumans/Common/Female/Medium/NormalWeight/Poses/f_med_nrw_hand_l_pose.uasset" 4527
"C:/Users/Anthony/Documents/GitHub/mechatronics-vr/Content/MetaHumans/Common/Female/Medium/NormalWeight/Poses/f_med_nrw_clavicle_l_anim.uasset" 4528
"C:/Users/Anthony/Documents/GitHub/mechatronics-vr/Content/MetaHumans/Common/Female/Medium/NormalWeight/Poses/f_med_nrw_clavicle_r_pose.uasset" 4529
"C:/Users/Anthony/Documents/GitHub/mechatronics-vr/Content/MetaHumans/Common/Female/Medium/NormalWeight/Poses/f_med_nrw_calf_r_anim.uasset" 4530
"C:/Users/Anthony/Documents/GitHub/mechatronics-vr/Content/MetaHumans/Common/Female/Medium/NormalWeight/Poses/f_med_nrw_clavicle_l_pose.uasset" 4531
"C:/Users/Anthony/Documents/GitHub/mechatronics-vr/Content/MetaHumans/Common/Female/Medium/NormalWeight/Poses/f_med_nrw_foot_l_anim.uasset" 4532
"C:/Users/Anthony/Documents/GitHub/mechatronics-vr/Content/MetaHumans/Common/Female/Medium/NormalWeight/Poses/f_med_nrw_clavicle_r_anim.uasset" 4533
"C:/Users/Anthony/Documents/GitHub/mechatronics-vr/Content/MetaHumans/Common/Female/Medium/NormalWeight/Poses/f_med_nrw_calf_r_pose.uasset" 4534
"C:/Users/Anthony/Documents/GitHub/mechatronics-vr/Content/MetaHumans/Common/Female/Medium/NormalWeight/Poses/f_med_nrw_foot_r_anim.uasset" 4535
"C:/Users/Anthony/Documents/GitHub/mechatronics-vr/Content/MetaHumans/Common/Female/Medium/NormalWeight/Poses/f_med_nrw_calf_l_anim.uasset" 4536
"C:/Users/Anthony/Documents/GitHub/mechatronics-vr/Content/MetaHumans/Common/Female/Medium/NormalWeight/Poses/f_med_nrw_foot_r_pose.uasset" 4537
"C:/Users/Anthony/Documents/GitHub/mechatronics-vr/Content/MetaHumans/Common/Female/Medium/NormalWeight/Poses/f_med_nrw_calf_l_pose.uasset" 4538
"C:/Users/Anthony/Documents/GitHub/mechatronics-vr/Content/MixamoAnimations/Standing_Idle_Anim1.uasset" 4539
"C:/Users/Anthony/Documents/GitHub/mechatronics-vr/Content/MetaHumans/Common/Common/metahuman_proc_ControlRig.uasset" 4540
"/Game/MetaHumans/Common/Female/Medium/NormalWeight/Poses/f_med_nrw_hand_l_anim" 4541
"C:/Users/Anthony/Documents/GitHub/mechatronics-vr/Content/MetaHumans/Common/Female/Textures/Shared/8K/female_underwear_color_map.uasset" 4542
"C:/Users/Anthony/Documents/GitHub/mechatronics-vr/Content/MetaHumans/Common/Female/Medium/NormalWeight/Body/f_med_nrw_animbp_Cinematic.uasset" 4543
"C:/Users/Anthony/Documents/GitHub/mechatronics-vr/Content/MetaHumans/Common/Female/Textures/Shared/8K/female_body_mask_map.uasset" 4544
"C:/Users/Anthony/Documents/GitHub/mechatronics-vr/Content/MetaHumans/Common/Female/Textures/female_001/8K/female_body_normal_map.uasset" 4545
"C:/Users/Anthony/Documents/GitHub/mechatronics-vr/Content/MetaHumans/Common/Textures/T_BodyHideMask.uasset" 4546
"C:/Users/Anthony/Documents/GitHub/mechatronics-vr/Content/MetaHumans/Payton/Body/BodyBaseColor.uasset" 4547
"C:/Users/Anthony/Documents/GitHub/mechatronics-vr/Content/MetaHumans/Common/Female/Textures/female_001/8K/female_body_roughness_map.uasset" 4548
"C:/Users/Anthony/Documents/GitHub/mechatronics-vr/Content/MetaHumans/Common/Materials/DefaultTexture_LinearColor.uasset" 4549
"C:/Users/Anthony/Documents/GitHub/mechatronics-vr/Content/MetaHumans/Common/Materials/M_BodySkin.uasset" 4550
"C:/Users/Anthony/Documents/GitHub/mechatronics-vr/Content/MetaHumans/Payton/Materials/MI_BodySynthesized.uasset" 4551
"C:/Users/Anthony/Documents/GitHub/mechatronics-vr/Content/MetaHumans/Payton/Body/f_med_nrw_body.uasset" 4552
"C:/Users/Anthony/Documents/GitHub/mechatronics-vr/Content/MetaHumans/Common/Female/Textures/female_001/8K/female_body_cavity_map.uasset" 4553
"C:/Users/Anthony/Documents/GitHub/mechatronics-vr/Content/MetaHumans/Common/Materials/MI_BodySynthesized.uasset" 4554
"C:/Users/Anthony/Documents/GitHub/mechatronics-vr/Content/MetaHumans/Common/Textures/DefaultTexture_VT.uasset" 4555
"/Game/MetaHumans/Common/Female/Medium/NormalWeight/Poses/f_med_nrw_hand_r_pose" 4556
"../../../Engine/Plugins/Runtime/HairStrands/Content/Emitters/StableRodsEmitter.uasset" 4557
"C:/Users/Anthony/Documents/GitHub/mechatronics-vr/Content/MetaHumans/Payton/BP_Payton.uasset" 4558
"../../../Engine/Plugins/Runtime/HairStrands/Content/Emitters/StableRodsSystem.uasset" 4559
"/Game/MetaHumans/Payton/Body/f_med_nrw_body" 4560
"../../../Engine/Content/MapTemplates/SM_Template_Map_Floor.uasset" 4561
"../../../Engine/Content/EngineSky/M_SimpleSkyDome.uasset" 4562
"../../../Engine/Content/EngineSky/T_Sky_Clouds_M.uasset" 4563
"../../../Engine/Content/EngineSky/T_Sky_Blue.uasset" 4564
"../../../Engine/Content/EngineSky/M_Sky_Panning_Clouds2.uasset" 4565
"../../../Engine/Content/EngineSky/SM_SkySphere.uasset" 4566
"/HairStrands/Emitters/StableRodsSystem" 4567
"../../../Engine/Content/EngineSounds/Submixes/MasterReverbEffectPreset.uasset" 4568
"../../../Engine/Content/EngineSounds/Submixes/MasterEQEffectPreset.uasset" 4569
"C:/Users/Anthony/Documents/GitHub/mechatronics-vr/Content/MetaHumans/Common/Common/f_med_nrw_body_preview.uasset" 4570
"../../../Engine/Content/EngineSounds/Submixes/MasterReverbSubmixDefault.uasset" 4571
"../../../Engine/Content/EngineSounds/Submixes/MasterSubmixDefault.uasset" 4572
"../../../Engine/Content/EngineSounds/Submixes/MasterEQSubmixDefault.uasset" 4573
"../../../Engine/Plugins/Interchange/Assets/Content/Utilities/New_LUT.uasset" 4574
"../../../Engine/Plugins/Interchange/Assets/Content/gltf/MaterialFunctions/MF_Clearcoat.uasset" 4575
"../../../Engine/Content/EngineSky/T_Sky_Stars.uasset" 4576
"../../../Engine/Plugins/Interchange/Assets/Content/gltf/MaterialInstances/MI_ClearCoat_Opaque.uasset" 4577
"../../../Engine/Plugins/Interchange/Assets/Content/gltf/MaterialInstances/MI_ClearCoat_Opaque_DS.uasset" 4578
"../../../Engine/Plugins/Interchange/Assets/Content/gltf/MaterialBodies/MF_ClearCoat_Body.uasset" 4579
"../../../Engine/Plugins/Interchange/Assets/Content/Functions/MF_Iridescence.uasset" 4580
"../../../Engine/Plugins/Interchange/Assets/Content/gltf/M_ClearCoat.uasset" 4581
"../../../Engine/Plugins/Interchange/Assets/Content/gltf/MaterialInstances/MI_ClearCoat_Mask.uasset" 4582
"../../../Engine/Plugins/Interchange/Assets/Content/gltf/MaterialInstances/MI_ClearCoat_Blend.uasset" 4583
"../../../Engine/Plugins/Interchange/Assets/Content/gltf/MaterialInstances/MI_ClearCoat_Mask_DS.uasset" 4584
"../../../Engine/Plugins/Interchange/Assets/Content/gltf/MaterialInstances/MI_ClearCoat_Blend_DS.uasset" 4585
"../../../Engine/Plugins/Interchange/Assets/Content/gltf/MaterialInstances/MI_Default_Opaque.uasset" 4586
"../../../Engine/Plugins/Interchange/Assets/Content/gltf/MaterialInstances/MI_Default_Mask.uasset" 4587
"../../../Engine/Plugins/Interchange/Assets/Content/gltf/MaterialInstances/MI_Default_Blend.uasset" 4588
"/Game/MetaHumans/Payton/BP_Payton" 4589
"/InterchangeAssets/gltf/MaterialInstances/MI_Default_Blend" 4590
"/InterchangeAssets/gltf/MaterialInstances/MI_Default_Mask" 4591
"/InterchangeAssets/gltf/MaterialInstances/MI_Default_Opaque" 4592
"/InterchangeAssets/gltf/MaterialInstances/MI_ClearCoat_Blend_DS" 4593
"/InterchangeAssets/gltf/MaterialInstances/MI_ClearCoat_Mask_DS" 4594
"/InterchangeAssets/gltf/MaterialInstances/MI_ClearCoat_Opaque_DS" 4595
"/InterchangeAssets/gltf/MaterialInstances/MI_ClearCoat_Blend" 4596
"/InterchangeAssets/gltf/MaterialInstances/MI_ClearCoat_Mask" 4597
"/InterchangeAssets/gltf/MaterialInstances/MI_ClearCoat_Opaque" 4598
"/Engine/EngineSounds/Submixes/MasterReverbSubmixDefault" 4599
"/Game/MetaHumans/Common/Common/f_med_nrw_body_preview" 4600
"/Game/Demo_LVL" 4601
"../../../../../../Users/Anthony/Documents/GitHub/mechatronics-vr/Content/Demo_LVL.umap" 4602
"../../../Engine/Plugins/Interchange/Assets/Content/gltf/MaterialInstances/MI_Default_Blend_DS.uasset" 4603
"../../../Engine/Plugins/Interchange/Assets/Content/gltf/MaterialInstances/MI_Default_Mask_DS.uasset" 4604
"../../../Engine/Plugins/Interchange/Assets/Content/gltf/MaterialFunctions/MF_Sheen.uasset" 4605
"../../../Engine/Plugins/Interchange/Assets/Content/gltf/M_Sheen.uasset" 4606
"../../../Engine/Plugins/Interchange/Assets/Content/gltf/MaterialBodies/MF_Sheen_Body.uasset" 4607
"../../../Engine/Plugins/Interchange/Assets/Content/gltf/MaterialInstances/MI_Sheen_Opaque.uasset" 4608
"../../../Engine/Plugins/Interchange/Assets/Content/gltf/MaterialInstances/MI_Sheen_Opaque_DS.uasset" 4609
"../../../Engine/Plugins/Interchange/Assets/Content/gltf/MaterialInstances/MI_Sheen_Blend.uasset" 4610
"../../../Engine/Plugins/Interchange/Assets/Content/gltf/MaterialInstances/MI_Sheen_Mask.uasset" 4611
"../../../Engine/Plugins/Interchange/Assets/Content/gltf/MaterialInstances/MI_Sheen_Mask_DS.uasset" 4612
"../../../Engine/Plugins/Interchange/Assets/Content/gltf/MaterialInstances/MI_Sheen_Blend_DS.uasset" 4613
"../../../Engine/Plugins/Interchange/Assets/Content/gltf/MaterialFunctions/MF_Transmission.uasset" 4614
"../../../Engine/Plugins/Interchange/Assets/Content/gltf/MaterialFunctions/MF_Temporal_Blur.uasset" 4615
"../../../Engine/Plugins/Interchange/Assets/Content/gltf/MaterialBodies/MF_Transmission_Body.uasset" 4616
"../../../Engine/Plugins/Interchange/Assets/Content/gltf/MaterialFunctions/MF_Fresnel_DS.uasset" 4617
"../../../Engine/Plugins/Interchange/Assets/Content/gltf/M_Transmission.uasset" 4618
"../../../Engine/Content/Functions/Engine_MaterialFunctions02/Math/AddComponents.uasset" 4619
"../../../Engine/Plugins/Interchange/Assets/Content/gltf/MaterialFunctions/MF_PerceivedBrightness.uasset" 4620
"../../../Engine/Plugins/Interchange/Assets/Content/gltf/MaterialFunctions/MF_SpecGlossToMetalRoughness.uasset" 4621
"../../../Engine/Plugins/Interchange/Assets/Content/gltf/MaterialInstances/MI_Transmission_DS.uasset" 4622
"../../../Engine/Plugins/Interchange/Assets/Content/gltf/MaterialInstances/MI_Transmission.uasset" 4623
"../../../Engine/Plugins/Interchange/Assets/Content/gltf/MaterialFunctions/MF_MaxComponentValue.uasset" 4624
"../../../Engine/Plugins/Interchange/Assets/Content/gltf/MaterialFunctions/MF_DiffuseSpecGloss.uasset" 4625
"../../../Engine/Plugins/Interchange/Assets/Content/gltf/MaterialBodies/MF_SpecularGlossiness_Body.uasset" 4626
"../../../Engine/Plugins/Interchange/Assets/Content/gltf/M_SpecularGlossiness.uasset" 4627
"../../../Engine/Plugins/Interchange/Assets/Content/gltf/MaterialInstances/MI_SpecularGlossiness_Blend.uasset" 4628
"../../../Engine/Plugins/Interchange/Assets/Content/gltf/MaterialInstances/MI_SpecularGlossiness_Mask.uasset" 4629
"../../../Engine/Plugins/Interchange/Assets/Content/gltf/MaterialInstances/MI_SpecularGlossiness_Opaque.uasset" 4630
"../../../Engine/Plugins/Interchange/Assets/Content/gltf/MaterialInstances/MI_SpecularGlossiness_Mask_DS.uasset" 4631
"../../../Engine/Plugins/Interchange/Assets/Content/gltf/MaterialInstances/MI_SpecularGlossiness_Blend_DS.uasset" 4632
"../../../Engine/Plugins/Interchange/Assets/Content/gltf/MaterialInstances/MI_SpecularGlossiness_Opaque_DS.uasset" 4633
"/Engine/EditorResources/EmptyActor" 4634
"../../../Engine/Content/EditorResources/EmptyActor.uasset" 4635
"/Engine/EditorResources/LevelInstance" 4636
"../../../Engine/Content/EditorResources/LevelInstance.uasset" 4637
"/Game/MetaHumans/Payton/Face/Materials/MI_EyeRefractive_Inst_R" 4638
"/Game/MetaHumans/Payton/Face/Materials/MI_EyeRefractive_Inst_L" 4639
"C:/Users/Anthony/Documents/GitHub/mechatronics-vr/Content/ClassroomAssets/blue_plastic.uasset" 4640
"/InterchangeAssets/gltf/MaterialInstances/MI_SpecularGlossiness_Blend_DS" 4641
"/InterchangeAssets/gltf/MaterialInstances/MI_SpecularGlossiness_Mask_DS" 4642
"/InterchangeAssets/gltf/MaterialInstances/MI_SpecularGlossiness_Blend" 4643
"/InterchangeAssets/gltf/MaterialInstances/MI_SpecularGlossiness_Mask" 4644
"/InterchangeAssets/gltf/MaterialInstances/MI_SpecularGlossiness_Opaque" 4645
"/InterchangeAssets/gltf/MaterialInstances/MI_Transmission_DS" 4646
"/InterchangeAssets/gltf/MaterialInstances/MI_Transmission" 4647
"/InterchangeAssets/gltf/MaterialInstances/MI_SpecularGlossiness_Opaque_DS" 4648
"/InterchangeAssets/gltf/MaterialInstances/MI_Sheen_Blend_DS" 4649
"/InterchangeAssets/gltf/MaterialInstances/MI_Sheen_Mask_DS" 4650
"/InterchangeAssets/gltf/MaterialInstances/MI_Sheen_Opaque_DS" 4651
"/InterchangeAssets/gltf/MaterialInstances/MI_Sheen_Blend" 4652
"/InterchangeAssets/gltf/MaterialInstances/MI_Sheen_Mask" 4653
"/InterchangeAssets/gltf/MaterialInstances/MI_Sheen_Opaque" 4654
"/InterchangeAssets/gltf/MaterialInstances/MI_Default_Blend_DS" 4655
"/InterchangeAssets/gltf/MaterialInstances/MI_Default_Mask_DS" 4656
"C:/Users/Anthony/Documents/GitHub/mechatronics-vr/Content/StarterContent/Props/SM_GlassWindow.uasset" 4657
"C:/Users/Anthony/Documents/GitHub/mechatronics-vr/Content/ClassroomAssets/Helsinki_Office_35_Desk_System_240x90_Computer_unit_Desk24_0.uasset" 4658
"C:/Users/Anthony/Documents/GitHub/mechatronics-vr/Content/_GENERATED/Bryce/Boolean_B8F9AD2E.uasset" 4659
"C:/Users/Anthony/Documents/GitHub/mechatronics-vr/Content/ClassroomAssets/scene_PhysicsAsset.uasset" 4660
"/Game/ClassroomAssets/blue_plastic" 4661
"C:/Users/Anthony/Documents/GitHub/mechatronics-vr/Content/ClassroomAssets/Helsinki_Office_35_Desk_System_180x90_000_Desk18_0_0.uasset" 4662
"C:/Users/Anthony/Documents/GitHub/mechatronics-vr/Content/_GENERATED/Bryce/Boolean_B7DFB60F.uasset" 4663
"C:/Users/Anthony/Documents/GitHub/mechatronics-vr/Content/_GENERATED/Bryce/Boolean_FA65F7EB.uasset" 4664
"C:/Users/Anthony/Documents/GitHub/mechatronics-vr/Content/ClassroomAssets/_GENERATED/Bryce/Boolean_DA32A5F8.uasset" 4665
"C:/Users/Anthony/Documents/GitHub/mechatronics-vr/Content/_GENERATED/Bryce/Boolean_B08246C8.uasset" 4666
"C:/Users/Anthony/Documents/GitHub/mechatronics-vr/Content/_GENERATED/Bryce/Boolean_1D9CE431.uasset" 4667
"C:/Users/Anthony/Documents/GitHub/mechatronics-vr/Content/ClassroomAssets/_GENERATED/Bryce/Box_AAD90B1D.uasset" 4668
"C:/Users/Anthony/Documents/GitHub/mechatronics-vr/Content/Classroom_Level2_BuiltData.uasset" 4669
"C:/Users/Anthony/Documents/GitHub/mechatronics-vr/Content/ClassroomAssets/Desk24_baseColor.uasset" 4670
"../../../Engine/Content/OpenWorldTemplate/LandscapeMaterial/T_GridChecker_A.uasset" 4671
"C:/Users/Anthony/Documents/GitHub/mechatronics-vr/Content/ClassroomAssets/painted_metal.uasset" 4672
"C:/Users/Anthony/Documents/GitHub/mechatronics-vr/Content/ClassroomAssets/scene_Skeleton.uasset" 4673
"C:/Users/Anthony/Documents/GitHub/mechatronics-vr/Content/StarterContent/chair_metallicRoughness.uasset" 4674
"C:/Users/Anthony/Documents/GitHub/mechatronics-vr/Content/StarterContent/chair_baseColor.uasset" 4675
"C:/Users/Anthony/Documents/GitHub/mechatronics-vr/Content/StarterContent/Textures/T_Wood_Oak_D.uasset" 4676
"C:/Users/Anthony/Documents/GitHub/mechatronics-vr/Content/StarterContent/Textures/T_Wood_Walnut_D.uasset" 4677
"C:/Users/Anthony/Documents/GitHub/mechatronics-vr/Content/StarterContent/Textures/T_Wood_Oak_N.uasset" 4678
"C:/Users/Anthony/Documents/GitHub/mechatronics-vr/Content/StarterContent/chair_normal.uasset" 4679
"C:/Users/Anthony/Documents/GitHub/mechatronics-vr/Content/StarterContent/Textures/T_Wood_Walnut_N.uasset" 4680
"C:/Users/Anthony/Documents/GitHub/mechatronics-vr/Content/StarterContent/Textures/T_Door_M.uasset" 4681
"C:/Users/Anthony/Documents/GitHub/mechatronics-vr/Content/StarterContent/Textures/T_Door_N.uasset" 4682
"C:/Users/Anthony/Documents/GitHub/mechatronics-vr/Content/ClassroomAssets/material_0_baseColor.uasset" 4683
"C:/Users/Anthony/Documents/GitHub/mechatronics-vr/Content/ClassroomAssets/material_0_metallicRoughness.uasset" 4684
"C:/Users/Anthony/Documents/GitHub/mechatronics-vr/Content/ClassroomAssets/material_0_normal.uasset" 4685
"C:/Users/Anthony/Documents/GitHub/mechatronics-vr/Content/StarterContent/Textures/T_Frame_N.uasset" 4686
"C:/Users/Anthony/Documents/GitHub/mechatronics-vr/Content/StarterContent/Textures/T_Frame_M.uasset" 4687
"../../../Engine/Content/OpenWorldTemplate/LandscapeMaterial/MF_ProcGrid.uasset" 4688
"/Game/ClassroomAssets/material_0_normal" 4689
"/Game/ClassroomAssets/material_0_metallicRoughness" 4690
"/Game/ClassroomAssets/material_0_baseColor" 4691
"/Game/StarterContent/Textures/T_Door_N" 4692
"/Game/StarterContent/Textures/T_Door_M" 4693
"/Game/StarterContent/Textures/T_Wood_Walnut_N" 4694
"/Game/StarterContent/Textures/T_Wood_Walnut_D" 4695
"/Game/StarterContent/Textures/T_Wood_Oak_N" 4696
"/Game/StarterContent/Textures/T_Wood_Oak_D" 4697
"/Game/StarterContent/chair_normal" 4698
"/Game/StarterContent/chair_metallicRoughness" 4699
"/Game/StarterContent/chair_baseColor" 4700
"/Game/ClassroomAssets/scene_Skeleton" 4701
"/Game/ClassroomAssets/painted_metal" 4702
"/Game/ClassroomAssets/Desk24_baseColor" 4703
"/Game/Classroom_Level2_BuiltData" 4704
"/Game/ClassroomAssets/_GENERATED/Bryce/Box_AAD90B1D" 4705
"/Game/ClassroomAssets/_GENERATED/Bryce/Boolean_DA32A5F8" 4706
"/Game/_GENERATED/Bryce/Boolean_FA65F7EB" 4707
"/Game/_GENERATED/Bryce/Boolean_B7DFB60F" 4708
"/Game/_GENERATED/Bryce/Boolean_B08246C8" 4709
"/Game/_GENERATED/Bryce/Boolean_1D9CE431" 4710
"/Game/StarterContent/Props/SM_GlassWindow" 4711
"/Game/ClassroomAssets/scene_PhysicsAsset" 4712
"/Game/ClassroomAssets/Helsinki_Office_35_Desk_System_240x90_Computer_unit_Desk24_0" 4713
"/Game/ClassroomAssets/Helsinki_Office_35_Desk_System_180x90_000_Desk18_0_0" 4714
"C:/Users/Anthony/Documents/GitHub/mechatronics-vr/Content/ClassroomAssets/Desk24_baseColor_Mat.uasset" 4715
"C:/Users/Anthony/Documents/GitHub/mechatronics-vr/Content/StarterContent/chair.uasset" 4716
"C:/Users/Anthony/Documents/GitHub/mechatronics-vr/Content/StarterContent/Materials/M_Wood_Oak.uasset" 4717
"C:/Users/Anthony/Documents/GitHub/mechatronics-vr/Content/ClassroomAssets/scene.uasset" 4718
"C:/Users/Anthony/Documents/GitHub/mechatronics-vr/Content/StarterContent/Materials/M_Wood_Walnut.uasset" 4719
"C:/Users/Anthony/Documents/GitHub/mechatronics-vr/Content/StarterContent/Props/Materials/M_Door.uasset" 4720
"C:/Users/Anthony/Documents/GitHub/mechatronics-vr/Content/ClassroomAssets/material_0.uasset" 4721
"../../../Engine/Content/OpenWorldTemplate/LandscapeMaterial/M_ProcGrid.uasset" 4722
"C:/Users/Anthony/Documents/GitHub/mechatronics-vr/Content/StarterContent/scene.uasset" 4723
"C:/Users/Anthony/Documents/GitHub/mechatronics-vr/Content/ClassroomAssets/Object_3.uasset" 4724
"C:/Users/Anthony/Documents/GitHub/mechatronics-vr/Content/ClassroomAssets/Object_2.uasset" 4725
"C:/Users/Anthony/Documents/GitHub/mechatronics-vr/Content/ClassroomAssets/Object_4.uasset" 4726
"C:/Users/Anthony/Documents/GitHub/mechatronics-vr/Content/StarterContent/Props/SM_Door.uasset" 4727
"C:/Users/Anthony/Documents/GitHub/mechatronics-vr/Content/ClassroomAssets/Object_5.uasset" 4728
"C:/Users/Anthony/Documents/GitHub/mechatronics-vr/Content/ClassroomAssets/Object_6.uasset" 4729
"C:/Users/Anthony/Documents/GitHub/mechatronics-vr/Content/StarterContent/Props/Materials/M_Frame.uasset" 4730
"C:/Users/Anthony/Documents/GitHub/mechatronics-vr/Content/ClassroomAssets/Object_7.uasset" 4731
"C:/Users/Anthony/Documents/GitHub/mechatronics-vr/Content/StarterContent/Props/SM_DoorFrame.uasset" 4732
"C:/Users/Anthony/Documents/GitHub/mechatronics-vr/Content/StarterContent/Props/SM_WindowFrame.uasset" 4733
"C:/Users/Anthony/Documents/GitHub/mechatronics-vr/Content/Classroom_Level2.umap" 4734
"/Engine/OpenWorldTemplate/LandscapeMaterial/MF_ProcGrid" 4735
"/Game/StarterContent/Textures/T_Frame_N" 4736
"/Game/StarterContent/Textures/T_Frame_M" 4737
"/Game/ClassroomAssets/Object_6" 4738
"/Game/ClassroomAssets/Object_5" 4739
"/Game/ClassroomAssets/Object_4" 4740
"/Game/ClassroomAssets/Object_3" 4741
"/Game/ClassroomAssets/Object_2" 4742
"/Game/StarterContent/Props/SM_Door" 4743
"/Game/StarterContent/scene" 4744
"/Engine/OpenWorldTemplate/LandscapeMaterial/M_ProcGrid" 4745
"/Game/StarterContent/Props/Materials/M_Frame" 4746
"/Game/_GENERATED/Bryce/Boolean_B8F9AD2E" 4747
"/Game/StarterContent/Materials/M_Wood_Walnut" 4748
"/Game/StarterContent/Materials/M_Wood_Oak" 4749
"/Game/ClassroomAssets/scene" 4750
"/Game/ClassroomAssets/Desk24_baseColor_Mat" 4751
"../../../Engine/Plugins/Interchange/Assets/Content/gltf/MaterialBodies/MF_Unlit_Body.uasset" 4752
"../../../Engine/Plugins/Interchange/Assets/Content/gltf/MaterialInstances/MI_Unlit_Blend_DS.uasset" 4753
"../../../Engine/Plugins/Interchange/Assets/Content/gltf/MaterialInstances/MI_Unlit_Blend.uasset" 4754
"../../../Engine/Plugins/Interchange/Assets/Content/gltf/M_Unlit.uasset" 4755
"../../../Engine/Plugins/Interchange/Assets/Content/gltf/MaterialInstances/MI_Unlit_Mask.uasset" 4756
"../../../Engine/Plugins/Interchange/Assets/Content/gltf/MaterialInstances/MI_Unlit_Mask_DS.uasset" 4757
"../../../Engine/Plugins/Interchange/Assets/Content/gltf/MaterialInstances/MI_Unlit_Opaque_DS.uasset" 4758
"../../../Engine/Plugins/Interchange/Assets/Content/gltf/MaterialInstances/MI_Unlit_Opaque.uasset" 4759
"/Game/Classroom_Level2" 4760
"../../../../../../Users/Anthony/Documents/GitHub/mechatronics-vr/Content/Classroom_Level2.umap" 4761
"../../../Engine/Plugins/Interchange/Assets/Content/Functions/MF_OrenNayerView.uasset" 4762
"../../../Engine/Plugins/Interchange/Assets/Content/Functions/MX_OpenPBR_Translucent.uasset" 4763
"../../../Engine/Plugins/Interchange/Assets/Content/Functions/MX_Transmission.uasset" 4764
"../../../Engine/Plugins/Interchange/Assets/Content/Functions/MX_StandardSurface.uasset" 4765
"../../../Engine/Plugins/Interchange/Assets/Content/Functions/MX_TransmissionSurface.uasset" 4766
"../../../Engine/Content/Functions/Engine_MaterialFunctions01/Volumetrics/BeersLaw.uasset" 4767
"../../../Engine/Content/Functions/Substrate/MF_SchlickInternal.uasset" 4768
"/InterchangeAssets/gltf/MaterialInstances/MI_Unlit_Blend_DS" 4769
"/InterchangeAssets/gltf/MaterialInstances/MI_Unlit_Mask_DS" 4770
"/InterchangeAssets/gltf/MaterialInstances/MI_Unlit_Opaque_DS" 4771
"/InterchangeAssets/gltf/MaterialInstances/MI_Unlit_Blend" 4772
"/InterchangeAssets/gltf/MaterialInstances/MI_Unlit_Mask" 4773
"/InterchangeAssets/gltf/MaterialInstances/MI_Unlit_Opaque" 4774
"../../../Engine/Plugins/Interchange/Assets/Content/Functions/MX_OpenPBR_Opaque.uasset" 4775
"/InterchangeAssets/Functions/MF_OrenNayerView" 4776
"/Engine/Functions/Substrate/MF_SchlickInternal" 4777
"/InterchangeAssets/Functions/MX_Transmission" 4778
"/InterchangeAssets/Functions/MX_OpenPBR_Translucent" 4779
"../../../Engine/Plugins/Animation/ControlRig/Content/Controls/ControlRig_Arrow2_solid.uasset" 4780
"../../../Engine/Plugins/Animation/ControlRig/Content/Controls/ControlRig_Square_Joystick.uasset" 4781
"../../../Engine/Plugins/Animation/ControlRig/Content/Controls/ControlRig_Arrow2_1mm.uasset" 4782
"../../../Engine/Plugins/Animation/ControlRig/Content/Controls/ControlRig_Sphere_solid.uasset" 4783
"../../../Engine/Plugins/Animation/ControlRig/Content/Controls/ControlRig_Line.uasset" 4784
"../../../Engine/Plugins/Animation/ControlRig/Content/Controls/ControlRig_Arrow4_solid.uasset" 4785
"../../../Engine/Plugins/Animation/ControlRig/Content/Controls/ControlRig_Arrow4_1mm.uasset" 4786
"../../../Engine/Plugins/Animation/ControlRig/Content/Controls/ControlRig_Arrow_1mm.uasset" 4787
"../../../Engine/Plugins/Animation/ControlRig/Content/Controls/ControlRig_Arrow4_3mm.uasset" 4788
"../../../Engine/Plugins/Animation/ControlRig/Content/Controls/ControlRig_Arrow2_3mm.uasset" 4789
"/InterchangeAssets/Functions/MX_OpenPBR_Opaque" 4790
"/ControlRig/Controls/ControlRig_Arrow4_1mm" 4791
"/ControlRig/Controls/ControlRig_Arrow2_solid" 4792
"/ControlRig/Controls/ControlRig_Arrow2_3mm" 4793
"/ControlRig/Controls/ControlRig_Arrow2_1mm" 4794
"/ControlRig/Controls/ControlRig_Sphere_solid" 4795
"/ControlRig/Controls/ControlRig_Line" 4796
"/ControlRig/Controls/ControlRig_Square_Joystick" 4797
"/ControlRig/Controls/ControlRig_Arrow_1mm" 4798
"/ControlRig/Controls/ControlRig_Arrow4_solid" 4799
"/ControlRig/Controls/ControlRig_Arrow4_3mm" 4800
"../../../Engine/Plugins/Animation/ControlRig/Content/Controls/ControlRig_Arrow_3mm.uasset" 4801
"../../../Engine/Plugins/Animation/ControlRig/Content/Controls/ControlRig_Arrow_solid.uasset" 4802
"../../../Engine/Plugins/Animation/ControlRig/Content/Controls/ControlRig_Box_1mm.uasset" 4803
"../../../Engine/Plugins/Animation/ControlRig/Content/Controls/ControlRig_Box_3mm.uasset" 4804
"../../../Engine/Plugins/Animation/ControlRig/Content/Controls/ControlRig_Box_solid.uasset" 4805
"../../../Engine/Plugins/Animation/ControlRig/Content/Controls/ControlRig_Circle_3mm.uasset" 4806
"../../../Engine/Plugins/Animation/ControlRig/Content/Controls/ControlRig_Circle_1mm.uasset" 4807
"../../../Engine/Plugins/Animation/ControlRig/Content/Controls/ControlRig_Circle_solid.uasset" 4808
"../../../Engine/Plugins/Animation/ControlRig/Content/Controls/ControlRig_Diamond_1mm.uasset" 4809
"../../../Engine/Plugins/Animation/ControlRig/Content/Controls/ControlRig_Diamond_3mm.uasset" 4810
"../../../Engine/Plugins/Animation/ControlRig/Content/Controls/ControlRig_Diamond_solid.uasset" 4811
"../../../Engine/Plugins/Animation/ControlRig/Content/Controls/ControlRig_HalfCircle_1mm.uasset" 4812
"../../../Engine/Plugins/Animation/ControlRig/Content/Controls/ControlRig_HalfCircle_3mm.uasset" 4813
"../../../Engine/Plugins/Animation/ControlRig/Content/Controls/ControlRig_HalfCircle_solid.uasset" 4814
"../../../Engine/Plugins/Animation/ControlRig/Content/Controls/ControlRig_Hexagon_1mm.uasset" 4815
"../../../Engine/Plugins/Animation/ControlRig/Content/Controls/ControlRig_Hexagon_3mm.uasset" 4816
"../../../Engine/Plugins/Animation/ControlRig/Content/Controls/ControlRig_Hexagon_solid.uasset" 4817
"../../../Engine/Plugins/Animation/ControlRig/Content/Controls/ControlRig_Octagon_1mm.uasset" 4818
"../../../Engine/Plugins/Animation/ControlRig/Content/Controls/ControlRig_Octagon_3mm.uasset" 4819
"../../../Engine/Plugins/Animation/ControlRig/Content/Controls/ControlRig_Octagon_solid.uasset" 4820
"../../../Engine/Plugins/Animation/ControlRig/Content/Controls/ControlRig_Pyramid_1mm.uasset" 4821
"../../../Engine/Plugins/Animation/ControlRig/Content/Controls/ControlRig_Pyramid_3mm.uasset" 4822
"../../../Engine/Plugins/Animation/ControlRig/Content/Controls/ControlRig_Pyramid_solid.uasset" 4823
"../../../Engine/Plugins/Animation/ControlRig/Content/Controls/ControlRig_QuarterCircle_1mm.uasset" 4824
"../../../Engine/Plugins/Animation/ControlRig/Content/Controls/ControlRig_QuarterCircle_3mm.uasset" 4825
"../../../Engine/Plugins/Animation/ControlRig/Content/Controls/ControlRig_QuarterCircle_solid.uasset" 4826
"../../../Engine/Plugins/Animation/ControlRig/Content/Controls/ControlRig_RoundedSquare_1mm.uasset" 4827
"../../../Engine/Plugins/Animation/ControlRig/Content/Controls/ControlRig_RoundedSquare_3mm.uasset" 4828
"../../../Engine/Plugins/Animation/ControlRig/Content/Controls/ControlRig_RoundedSquare_solid.uasset" 4829
"../../../Engine/Plugins/Animation/ControlRig/Content/Controls/ControlRig_RoundedTriangle_1mm.uasset" 4830
"../../../Engine/Plugins/Animation/ControlRig/Content/Controls/ControlRig_RoundedTriangle_3mm.uasset" 4831
"../../../Engine/Plugins/Animation/ControlRig/Content/Controls/ControlRig_RoundedTriangle_solid.uasset" 4832
"/ControlRig/Controls/ControlRig_QuarterCircle_3mm" 4833
"/ControlRig/Controls/ControlRig_RoundedTriangle_solid" 4834
"/ControlRig/Controls/ControlRig_QuarterCircle_1mm" 4835
"/ControlRig/Controls/ControlRig_Pyramid_solid" 4836
"/ControlRig/Controls/ControlRig_RoundedTriangle_3mm" 4837
"/ControlRig/Controls/ControlRig_RoundedTriangle_1mm" 4838
"/ControlRig/Controls/ControlRig_RoundedSquare_solid" 4839
"/ControlRig/Controls/ControlRig_RoundedSquare_3mm" 4840
"/ControlRig/Controls/ControlRig_RoundedSquare_1mm" 4841
"/ControlRig/Controls/ControlRig_QuarterCircle_solid" 4842
"/ControlRig/Controls/ControlRig_Diamond_3mm" 4843
"/ControlRig/Controls/ControlRig_Diamond_1mm" 4844
"/ControlRig/Controls/ControlRig_Circle_solid" 4845
"/ControlRig/Controls/ControlRig_Circle_3mm" 4846
"/ControlRig/Controls/ControlRig_Pyramid_3mm" 4847
"/ControlRig/Controls/ControlRig_Pyramid_1mm" 4848
"/ControlRig/Controls/ControlRig_Octagon_solid" 4849
"/ControlRig/Controls/ControlRig_Octagon_3mm" 4850
"/ControlRig/Controls/ControlRig_Octagon_1mm" 4851
"/ControlRig/Controls/ControlRig_Hexagon_solid" 4852
"/ControlRig/Controls/ControlRig_Hexagon_3mm" 4853
"/ControlRig/Controls/ControlRig_Circle_1mm" 4854
"/ControlRig/Controls/ControlRig_Box_solid" 4855
"/ControlRig/Controls/ControlRig_Box_3mm" 4856
"/ControlRig/Controls/ControlRig_Hexagon_1mm" 4857
"/ControlRig/Controls/ControlRig_HalfCircle_solid" 4858
"/ControlRig/Controls/ControlRig_HalfCircle_3mm" 4859
"/ControlRig/Controls/ControlRig_HalfCircle_1mm" 4860
"/ControlRig/Controls/ControlRig_Box_1mm" 4861
"/ControlRig/Controls/ControlRig_Arrow_solid" 4862
"/ControlRig/Controls/ControlRig_Arrow_3mm" 4863
"/ControlRig/Controls/ControlRig_Diamond_solid" 4864
"../../../Engine/Plugins/Animation/ControlRig/Content/Controls/ControlRig_Sphere_1mm.uasset" 4865
"../../../Engine/Plugins/Animation/ControlRig/Content/Controls/ControlRig_Sphere_3mm.uasset" 4866
"../../../Engine/Plugins/Animation/ControlRig/Content/Controls/ControlRig_Square_1mm.uasset" 4867
"../../../Engine/Plugins/Animation/ControlRig/Content/Controls/ControlRig_Square_3mm.uasset" 4868
"../../../Engine/Plugins/Animation/ControlRig/Content/Controls/ControlRig_Square_solid.uasset" 4869
"../../../Engine/Plugins/Animation/ControlRig/Content/Controls/ControlRig_Star4_1mm.uasset" 4870
"../../../Engine/Plugins/Animation/ControlRig/Content/Controls/ControlRig_Star4_solid.uasset" 4871
"../../../Engine/Plugins/Animation/ControlRig/Content/Controls/ControlRig_Star4_3mm.uasset" 4872
"../../../Engine/Plugins/Animation/ControlRig/Content/Controls/ControlRig_Triangle_1mm.uasset" 4873
"../../../Engine/Plugins/Animation/ControlRig/Content/Controls/ControlRig_Triangle_3mm.uasset" 4874
"../../../Engine/Plugins/Animation/ControlRig/Content/Controls/ControlRig_Wedge_3mm.uasset" 4875
"../../../Engine/Plugins/Animation/ControlRig/Content/Controls/ControlRig_Triangle_solid.uasset" 4876
"../../../Engine/Plugins/Animation/ControlRig/Content/Controls/ControlRig_Wedge_1mm.uasset" 4877
"../../../Engine/Plugins/Animation/ControlRig/Content/Controls/ControlRig_Wedge_solid.uasset" 4878
"../../../Engine/Content/Maps/Entry_BuiltData.uasset" 4879
"../../../Engine/Content/Maps/Entry.umap" 4880
"/Engine/Maps/Entry" 4881
"/ControlRig/Controls/ControlRig_Wedge_solid" 4882
"/ControlRig/Controls/ControlRig_Wedge_3mm" 4883
"/ControlRig/Controls/ControlRig_Wedge_1mm" 4884
"/ControlRig/Controls/ControlRig_Triangle_solid" 4885
"/ControlRig/Controls/ControlRig_Triangle_3mm" 4886
"/ControlRig/Controls/ControlRig_Triangle_1mm" 4887
"/ControlRig/Controls/ControlRig_Star4_solid" 4888
"/ControlRig/Controls/ControlRig_Star4_3mm" 4889
"/ControlRig/Controls/ControlRig_Star4_1mm" 4890
"/ControlRig/Controls/ControlRig_Square_solid" 4891
"/ControlRig/Controls/ControlRig_Square_3mm" 4892
"/ControlRig/Controls/ControlRig_Square_1mm" 4893
"/ControlRig/Controls/ControlRig_Sphere_3mm" 4894
"/ControlRig/Controls/ControlRig_Sphere_1mm" 4895
"C:/Users/Anthony/Documents/GitHub/mechatronics-vr/Content/MetaHumans/Common/Controls/faceboard_followGrp.uasset" 4896
"C:/Users/Anthony/Documents/GitHub/mechatronics-vr/Content/MetaHumans/Common/Controls/M_RigControlActor_Black.uasset" 4897
"C:/Users/Anthony/Documents/GitHub/mechatronics-vr/Content/MetaHumans/Common/Controls/convergence_3l.uasset" 4898
"C:/Users/Anthony/Documents/GitHub/mechatronics-vr/Content/MetaHumans/Common/Controls/faceboard_2x.uasset" 4899
"/Game/MetaHumans/Common/Controls/convergence_3l" 4900
"/Game/MetaHumans/Common/Controls/faceboard_2x" 4901
"/Game/MetaHumans/Common/Controls/faceboard_followGrp" 4902
"C:/Users/Anthony/Documents/GitHub/mechatronics-vr/Content/MetaHumans/Common/Common/Animation/Retargeting/ABP_MetaHuman_f_med_nrw_Retargeting.uasset" 4903
"C:/Users/Anthony/Documents/GitHub/mechatronics-vr/Content/MetaHumans/Common/Common/Animation/Retargeting/RTG_MetaHuman_f_med_nrw.uasset" 4904
"../../../Engine/Content/EngineMaterials/Substrate/GLints/dict_16_192_64_0p5_0p02_0063_0014.uasset" 4905
"../../../Engine/Content/EngineMaterials/Substrate/GLints/dict_16_192_64_0p5_0p02_0063_0010.uasset" 4906
"../../../Engine/Content/EngineMaterials/Substrate/GLints/dict_16_192_64_0p5_0p02_0063_0013.uasset" 4907
"../../../Engine/Content/Functions/Engine_MaterialFunctions02/Utility/BreakOutFloat4Components.uasset" 4908
"../../../Engine/Plugins/VirtualProduction/CameraCalibrationCore/Content/Materials/M_DistortionPostProcess.uasset" 4909
"../../../Engine/Content/EditorMaterials/PreviewShadowIndicator.uasset" 4910
"../../../Engine/Content/EngineMaterials/Substrate/GLints/dict_16_192_64_0p5_0p02_0063_0011.uasset" 4911
"../../../Engine/Content/EditorMaterials/PreviewShadowIndicatorMaterial.uasset" 4912
"../../../Engine/Content/EngineMaterials/Substrate/GLints/dict_16_192_64_0p5_0p02_0063_0012.uasset" 4913
"../../../Engine/Content/EngineMaterials/Substrate/GLints/dict_16_192_64_0p5_0p02_0063_0015.uasset" 4914
"../../../Engine/Content/EngineMaterials/Substrate/GLints/dict_16_192_64_0p5_0p02_0063_0009.uasset" 4915
"../../../Engine/Content/EngineMaterials/Substrate/GLints/dict_16_192_64_0p5_0p02_0063_0008.uasset" 4916
"../../../Engine/Content/EngineMaterials/Substrate/GLints/dict_16_192_64_0p5_0p02_0063_0007.uasset" 4917
"../../../Engine/Content/EngineMaterials/Substrate/GLints/dict_16_192_64_0p5_0p02_0063_0006.uasset" 4918
"../../../Engine/Content/EngineMaterials/Substrate/GLints/dict_16_192_64_0p5_0p02_0063_0005.uasset" 4919
"../../../Engine/Content/EngineMaterials/Substrate/GLints/dict_16_192_64_0p5_0p02_0063_0004.uasset" 4920
"../../../Engine/Content/EngineMaterials/Substrate/GLints/dict_16_192_64_0p5_0p02_0063_0003.uasset" 4921
"../../../Engine/Content/EngineMaterials/Substrate/GLints/dict_16_192_64_0p5_0p02_0063_0002.uasset" 4922
"../../../Engine/Content/EngineMaterials/Substrate/GLints/dict_16_192_64_0p5_0p02_0063_0001.uasset" 4923
"../../../Engine/Content/EngineMaterials/Substrate/GLints/dict_16_192_64_0p5_0p02_0062_0015.uasset" 4924
"../../../Engine/Content/EngineMaterials/Substrate/GLints/dict_16_192_64_0p5_0p02_0062_0014.uasset" 4925
"../../../Engine/Content/EngineMaterials/Substrate/GLints/dict_16_192_64_0p5_0p02_0063_0000.uasset" 4926
"../../../Engine/Content/EngineMaterials/Substrate/GLints/dict_16_192_64_0p5_0p02_0062_0012.uasset" 4927
"../../../Engine/Content/EngineMaterials/Substrate/GLints/dict_16_192_64_0p5_0p02_0062_0013.uasset" 4928
"../../../Engine/Content/EngineMaterials/Substrate/GLints/dict_16_192_64_0p5_0p02_0062_0011.uasset" 4929
"../../../Engine/Content/EngineMaterials/Substrate/GLints/dict_16_192_64_0p5_0p02_0062_0010.uasset" 4930
"../../../Engine/Content/EngineMaterials/Substrate/GLints/dict_16_192_64_0p5_0p02_0062_0009.uasset" 4931
"../../../Engine/Content/EngineMaterials/Substrate/GLints/dict_16_192_64_0p5_0p02_0062_0008.uasset" 4932
"../../../Engine/Content/EngineMaterials/Substrate/GLints/dict_16_192_64_0p5_0p02_0062_0007.uasset" 4933
"../../../Engine/Content/EngineMaterials/Substrate/GLints/dict_16_192_64_0p5_0p02_0062_0006.uasset" 4934
"/Game/MetaHumans/Common/Common/Animation/Retargeting/ABP_MetaHuman_f_med_nrw_Retargeting" 4935
"/Game/MetaHumans/Common/Common/Animation/Retargeting/IK_MetaHuman_f_med_nrw" 4936
"../../../../../../Users/Anthony/Documents/GitHub/mechatronics-vr/Content/MetaHumans/Common/Common/Animation/Retargeting/IK_MetaHuman_f_med_nrw.uasset" 4937
"../../../Engine/Content/EngineMaterials/Substrate/GLints/dict_16_192_64_0p5_0p02_0062_0005.uasset" 4938
"../../../Engine/Content/EngineMaterials/Substrate/GLints/dict_16_192_64_0p5_0p02_0062_0004.uasset" 4939
"/Engine/EngineMaterials/Substrate/GLints/dict_16_192_64_0p5_0p02_0062_0006" 4940
"/Engine/EngineMaterials/Substrate/GLints/dict_16_192_64_0p5_0p02_0062_0007" 4941
"/Engine/EngineMaterials/Substrate/GLints/dict_16_192_64_0p5_0p02_0062_0008" 4942
"/Engine/EngineMaterials/Substrate/GLints/dict_16_192_64_0p5_0p02_0062_0009" 4943
"/Engine/EngineMaterials/Substrate/GLints/dict_16_192_64_0p5_0p02_0062_0010" 4944
"/Engine/EngineMaterials/Substrate/GLints/dict_16_192_64_0p5_0p02_0062_0011" 4945
"/Engine/EngineMaterials/Substrate/GLints/dict_16_192_64_0p5_0p02_0062_0012" 4946
"/Engine/EngineMaterials/Substrate/GLints/dict_16_192_64_0p5_0p02_0062_0013" 4947
"/Engine/EngineMaterials/Substrate/GLints/dict_16_192_64_0p5_0p02_0062_0014" 4948
"/Engine/EngineMaterials/Substrate/GLints/dict_16_192_64_0p5_0p02_0062_0015" 4949
"/Engine/EngineMaterials/Substrate/GLints/dict_16_192_64_0p5_0p02_0063_0000" 4950
"/Engine/EngineMaterials/Substrate/GLints/dict_16_192_64_0p5_0p02_0063_0001" 4951
"/Engine/EngineMaterials/Substrate/GLints/dict_16_192_64_0p5_0p02_0063_0002" 4952
"/Engine/EngineMaterials/Substrate/GLints/dict_16_192_64_0p5_0p02_0063_0003" 4953
"/Engine/EngineMaterials/Substrate/GLints/dict_16_192_64_0p5_0p02_0063_0004" 4954
"/Engine/EngineMaterials/Substrate/GLints/dict_16_192_64_0p5_0p02_0063_0005" 4955
"/Engine/EngineMaterials/Substrate/GLints/dict_16_192_64_0p5_0p02_0063_0006" 4956
"/Engine/EngineMaterials/Substrate/GLints/dict_16_192_64_0p5_0p02_0063_0007" 4957
"/Engine/EngineMaterials/Substrate/GLints/dict_16_192_64_0p5_0p02_0063_0008" 4958
"/Engine/EngineMaterials/Substrate/GLints/dict_16_192_64_0p5_0p02_0063_0009" 4959
"/Engine/EngineMaterials/Substrate/GLints/dict_16_192_64_0p5_0p02_0063_0010" 4960
"/Engine/EngineMaterials/Substrate/GLints/dict_16_192_64_0p5_0p02_0063_0011" 4961
"/Engine/EngineMaterials/Substrate/GLints/dict_16_192_64_0p5_0p02_0063_0012" 4962
"/Engine/EngineMaterials/Substrate/GLints/dict_16_192_64_0p5_0p02_0063_0013" 4963
"/Engine/EngineMaterials/Substrate/GLints/dict_16_192_64_0p5_0p02_0063_0014" 4964
"/Engine/EngineMaterials/Substrate/GLints/dict_16_192_64_0p5_0p02_0063_0015" 4965
"/Engine/EditorMaterials/PreviewShadowIndicatorMaterial" 4966
"/CameraCalibrationCore/Materials/M_DistortionPostProcess" 4967
"../../../Engine/Content/EngineMaterials/Substrate/GLints/dict_16_192_64_0p5_0p02_0062_0000.uasset" 4968
"../../../Engine/Content/EngineMaterials/Substrate/GLints/dict_16_192_64_0p5_0p02_0061_0015.uasset" 4969
"../../../Engine/Content/EngineMaterials/Substrate/GLints/dict_16_192_64_0p5_0p02_0062_0003.uasset" 4970
"../../../Engine/Content/EngineMaterials/Substrate/GLints/dict_16_192_64_0p5_0p02_0061_0013.uasset" 4971
"../../../Engine/Content/EngineMaterials/Substrate/GLints/dict_16_192_64_0p5_0p02_0061_0012.uasset" 4972
"../../../Engine/Content/EngineMaterials/Substrate/GLints/dict_16_192_64_0p5_0p02_0061_0011.uasset" 4973
"../../../Engine/Content/EngineMaterials/Substrate/GLints/dict_16_192_64_0p5_0p02_0062_0001.uasset" 4974
"../../../Engine/Content/EngineMaterials/Substrate/GLints/dict_16_192_64_0p5_0p02_0062_0002.uasset" 4975
"../../../Engine/Content/EngineMaterials/Substrate/GLints/dict_16_192_64_0p5_0p02_0061_0014.uasset" 4976
"../../../Engine/Content/EngineMaterials/Substrate/GLints/dict_16_192_64_0p5_0p02_0061_0010.uasset" 4977
"../../../Engine/Content/EngineMaterials/Substrate/GLints/dict_16_192_64_0p5_0p02_0061_0009.uasset" 4978
"../../../Engine/Content/EngineMaterials/Substrate/GLints/dict_16_192_64_0p5_0p02_0061_0008.uasset" 4979
"../../../Engine/Content/EngineMaterials/Substrate/GLints/dict_16_192_64_0p5_0p02_0061_0007.uasset" 4980
"../../../Engine/Content/EngineMaterials/Substrate/GLints/dict_16_192_64_0p5_0p02_0061_0006.uasset" 4981
"../../../Engine/Content/EngineMaterials/Substrate/GLints/dict_16_192_64_0p5_0p02_0061_0004.uasset" 4982
"../../../Engine/Content/EngineMaterials/Substrate/GLints/dict_16_192_64_0p5_0p02_0061_0005.uasset" 4983
"../../../Engine/Content/EngineMaterials/Substrate/GLints/dict_16_192_64_0p5_0p02_0061_0003.uasset" 4984
"../../../Engine/Content/EngineMaterials/Substrate/GLints/dict_16_192_64_0p5_0p02_0061_0002.uasset" 4985
"../../../Engine/Content/EngineMaterials/Substrate/GLints/dict_16_192_64_0p5_0p02_0061_0000.uasset" 4986
"../../../Engine/Content/EngineMaterials/Substrate/GLints/dict_16_192_64_0p5_0p02_0061_0001.uasset" 4987
"../../../Engine/Content/EngineMaterials/Substrate/GLints/dict_16_192_64_0p5_0p02_0060_0015.uasset" 4988
"../../../Engine/Content/EngineMaterials/Substrate/GLints/dict_16_192_64_0p5_0p02_0060_0014.uasset" 4989
"../../../Engine/Content/EngineMaterials/Substrate/GLints/dict_16_192_64_0p5_0p02_0060_0013.uasset" 4990
"../../../Engine/Content/EngineMaterials/Substrate/GLints/dict_16_192_64_0p5_0p02_0060_0012.uasset" 4991
"../../../Engine/Content/EngineMaterials/Substrate/GLints/dict_16_192_64_0p5_0p02_0060_0010.uasset" 4992
"../../../Engine/Content/EngineMaterials/Substrate/GLints/dict_16_192_64_0p5_0p02_0060_0011.uasset" 4993
"../../../Engine/Content/EngineMaterials/Substrate/GLints/dict_16_192_64_0p5_0p02_0060_0009.uasset" 4994
"../../../Engine/Content/EngineMaterials/Substrate/GLints/dict_16_192_64_0p5_0p02_0060_0007.uasset" 4995
"../../../Engine/Content/EngineMaterials/Substrate/GLints/dict_16_192_64_0p5_0p02_0060_0008.uasset" 4996
"../../../Engine/Content/EngineMaterials/Substrate/GLints/dict_16_192_64_0p5_0p02_0060_0006.uasset" 4997
"/Engine/EngineMaterials/Substrate/GLints/dict_16_192_64_0p5_0p02_0062_0004" 4998
"/Engine/EngineMaterials/Substrate/GLints/dict_16_192_64_0p5_0p02_0062_0005" 4999
"../../../Engine/Content/EngineMaterials/Substrate/GLints/dict_16_192_64_0p5_0p02_0060_0004.uasset" 5000
"../../../Engine/Content/EngineMaterials/Substrate/GLints/dict_16_192_64_0p5_0p02_0060_0005.uasset" 5001
"/Engine/EngineMaterials/Substrate/GLints/dict_16_192_64_0p5_0p02_0060_0006" 5002
"/Engine/EngineMaterials/Substrate/GLints/dict_16_192_64_0p5_0p02_0060_0007" 5003
"/Engine/EngineMaterials/Substrate/GLints/dict_16_192_64_0p5_0p02_0060_0008" 5004
"/Engine/EngineMaterials/Substrate/GLints/dict_16_192_64_0p5_0p02_0060_0009" 5005
"/Engine/EngineMaterials/Substrate/GLints/dict_16_192_64_0p5_0p02_0060_0010" 5006
"/Engine/EngineMaterials/Substrate/GLints/dict_16_192_64_0p5_0p02_0060_0011" 5007
"/Engine/EngineMaterials/Substrate/GLints/dict_16_192_64_0p5_0p02_0060_0012" 5008
"/Engine/EngineMaterials/Substrate/GLints/dict_16_192_64_0p5_0p02_0060_0013" 5009
"/Engine/EngineMaterials/Substrate/GLints/dict_16_192_64_0p5_0p02_0060_0014" 5010
"/Engine/EngineMaterials/Substrate/GLints/dict_16_192_64_0p5_0p02_0060_0015" 5011
"/Engine/EngineMaterials/Substrate/GLints/dict_16_192_64_0p5_0p02_0061_0000" 5012
"/Engine/EngineMaterials/Substrate/GLints/dict_16_192_64_0p5_0p02_0061_0001" 5013
"/Engine/EngineMaterials/Substrate/GLints/dict_16_192_64_0p5_0p02_0061_0002" 5014
"/Engine/EngineMaterials/Substrate/GLints/dict_16_192_64_0p5_0p02_0061_0003" 5015
"/Engine/EngineMaterials/Substrate/GLints/dict_16_192_64_0p5_0p02_0061_0004" 5016
"/Engine/EngineMaterials/Substrate/GLints/dict_16_192_64_0p5_0p02_0061_0005" 5017
"/Engine/EngineMaterials/Substrate/GLints/dict_16_192_64_0p5_0p02_0061_0006" 5018
"/Engine/EngineMaterials/Substrate/GLints/dict_16_192_64_0p5_0p02_0061_0007" 5019
"/Engine/EngineMaterials/Substrate/GLints/dict_16_192_64_0p5_0p02_0061_0008" 5020
"/Engine/EngineMaterials/Substrate/GLints/dict_16_192_64_0p5_0p02_0061_0009" 5021
"/Engine/EngineMaterials/Substrate/GLints/dict_16_192_64_0p5_0p02_0061_0010" 5022
"/Engine/EngineMaterials/Substrate/GLints/dict_16_192_64_0p5_0p02_0061_0011" 5023
"/Engine/EngineMaterials/Substrate/GLints/dict_16_192_64_0p5_0p02_0061_0012" 5024
"/Engine/EngineMaterials/Substrate/GLints/dict_16_192_64_0p5_0p02_0061_0013" 5025
"/Engine/EngineMaterials/Substrate/GLints/dict_16_192_64_0p5_0p02_0061_0014" 5026
"/Engine/EngineMaterials/Substrate/GLints/dict_16_192_64_0p5_0p02_0061_0015" 5027
"/Engine/EngineMaterials/Substrate/GLints/dict_16_192_64_0p5_0p02_0062_0000" 5028
"/Engine/EngineMaterials/Substrate/GLints/dict_16_192_64_0p5_0p02_0062_0001" 5029
"/Engine/EngineMaterials/Substrate/GLints/dict_16_192_64_0p5_0p02_0062_0002" 5030
"/Engine/EngineMaterials/Substrate/GLints/dict_16_192_64_0p5_0p02_0062_0003" 5031
"../../../Engine/Content/EngineMaterials/Substrate/GLints/dict_16_192_64_0p5_0p02_0060_0003.uasset" 5032
"../../../Engine/Content/EngineMaterials/Substrate/GLints/dict_16_192_64_0p5_0p02_0060_0001.uasset" 5033
"../../../Engine/Content/EngineMaterials/Substrate/GLints/dict_16_192_64_0p5_0p02_0059_0012.uasset" 5034
"../../../Engine/Content/EngineMaterials/Substrate/GLints/dict_16_192_64_0p5_0p02_0059_0013.uasset" 5035
"../../../Engine/Content/EngineMaterials/Substrate/GLints/dict_16_192_64_0p5_0p02_0060_0002.uasset" 5036
"../../../Engine/Content/EngineMaterials/Substrate/GLints/dict_16_192_64_0p5_0p02_0059_0014.uasset" 5037
"../../../Engine/Content/EngineMaterials/Substrate/GLints/dict_16_192_64_0p5_0p02_0059_0015.uasset" 5038
"../../../Engine/Content/EngineMaterials/Substrate/GLints/dict_16_192_64_0p5_0p02_0060_0000.uasset" 5039
"../../../Engine/Content/EngineMaterials/Substrate/GLints/dict_16_192_64_0p5_0p02_0059_0011.uasset" 5040
"../../../Engine/Content/EngineMaterials/Substrate/GLints/dict_16_192_64_0p5_0p02_0059_0010.uasset" 5041
"../../../Engine/Content/EngineMaterials/Substrate/GLints/dict_16_192_64_0p5_0p02_0059_0008.uasset" 5042
"../../../Engine/Content/EngineMaterials/Substrate/GLints/dict_16_192_64_0p5_0p02_0059_0009.uasset" 5043
"../../../Engine/Content/EngineMaterials/Substrate/GLints/dict_16_192_64_0p5_0p02_0059_0007.uasset" 5044
"../../../Engine/Content/EngineMaterials/Substrate/GLints/dict_16_192_64_0p5_0p02_0059_0006.uasset" 5045
"../../../Engine/Content/EngineMaterials/Substrate/GLints/dict_16_192_64_0p5_0p02_0059_0004.uasset" 5046
"../../../Engine/Content/EngineMaterials/Substrate/GLints/dict_16_192_64_0p5_0p02_0059_0005.uasset" 5047
"../../../Engine/Content/EngineMaterials/Substrate/GLints/dict_16_192_64_0p5_0p02_0059_0003.uasset" 5048
"../../../Engine/Content/EngineMaterials/Substrate/GLints/dict_16_192_64_0p5_0p02_0059_0002.uasset" 5049
"../../../Engine/Content/EngineMaterials/Substrate/GLints/dict_16_192_64_0p5_0p02_0059_0001.uasset" 5050
"../../../Engine/Content/EngineMaterials/Substrate/GLints/dict_16_192_64_0p5_0p02_0059_0000.uasset" 5051
"../../../Engine/Content/EngineMaterials/Substrate/GLints/dict_16_192_64_0p5_0p02_0058_0015.uasset" 5052
"../../../Engine/Content/EngineMaterials/Substrate/GLints/dict_16_192_64_0p5_0p02_0058_0014.uasset" 5053
"../../../Engine/Content/EngineMaterials/Substrate/GLints/dict_16_192_64_0p5_0p02_0058_0013.uasset" 5054
"../../../Engine/Content/EngineMaterials/Substrate/GLints/dict_16_192_64_0p5_0p02_0058_0012.uasset" 5055
"../../../Engine/Content/EngineMaterials/Substrate/GLints/dict_16_192_64_0p5_0p02_0058_0011.uasset" 5056
"../../../Engine/Content/EngineMaterials/Substrate/GLints/dict_16_192_64_0p5_0p02_0058_0008.uasset" 5057
"../../../Engine/Content/EngineMaterials/Substrate/GLints/dict_16_192_64_0p5_0p02_0058_0009.uasset" 5058
"../../../Engine/Content/EngineMaterials/Substrate/GLints/dict_16_192_64_0p5_0p02_0058_0006.uasset" 5059
"../../../Engine/Content/EngineMaterials/Substrate/GLints/dict_16_192_64_0p5_0p02_0058_0007.uasset" 5060
"../../../Engine/Content/EngineMaterials/Substrate/GLints/dict_16_192_64_0p5_0p02_0058_0010.uasset" 5061
"../../../Engine/Plugins/Animation/DeformerGraph/Shaders/Private/DataInterfaceCustomComputeKernel.ush" 5062
"../../../Engine/Plugins/Animation/DeformerGraph/Shaders/Private/DataInterfaceCloth.ush" 5063
"../../../Engine/Plugins/Animation/DeformerGraph/Shaders/Private/DataInterfaceSkinnedMeshRead.ush" 5064
"../../../Engine/Plugins/Animation/DeformerGraph/Shaders/Private/DataInterfaceSkeleton.ush" 5065
"../../../Engine/Plugins/Animation/DeformerGraph/Shaders/Private/DataInterfaceSkeletonCommon.ush" 5066
"../../../Engine/Plugins/Animation/DeformerGraph/Shaders/Private/DataInterfaceMorphTarget.ush" 5067
"../../../Engine/Plugins/Animation/DeformerGraph/Shaders/Private/DataInterfaceSkinnedMeshWrite.ush" 5068
"../../../Engine/Plugins/Animation/DeformerGraph/Shaders/Private/DataInterfaceRawBuffer.ush" 5069
"../../../Engine/Plugins/Runtime/ComputeFramework/Shaders/Private/BufferAlias.ush" 5070
"../../../Engine/Plugins/Animation/DeformerGraph/Shaders/Private/DataInterfaceSkinnedMesh.ush" 5071
"../../../Engine/Plugins/Animation/DeformerGraph/Shaders/Private/DataInterfaceHalfEdge.ush" 5072
"/Engine/EngineMaterials/Substrate/GLints/dict_16_192_64_0p5_0p02_0060_0004" 5073
"/Engine/EngineMaterials/Substrate/GLints/dict_16_192_64_0p5_0p02_0060_0005" 5074
"../../../Engine/Content/EngineMaterials/Substrate/GLints/dict_16_192_64_0p5_0p02_0058_0005.uasset" 5075
"../../../Engine/Content/EngineMaterials/Substrate/GLints/dict_16_192_64_0p5_0p02_0058_0004.uasset" 5076
"/Engine/EngineMaterials/Substrate/GLints/dict_16_192_64_0p5_0p02_0058_0006" 5077
"/Engine/EngineMaterials/Substrate/GLints/dict_16_192_64_0p5_0p02_0058_0007" 5078
"/Engine/EngineMaterials/Substrate/GLints/dict_16_192_64_0p5_0p02_0058_0008" 5079
"/Engine/EngineMaterials/Substrate/GLints/dict_16_192_64_0p5_0p02_0058_0009" 5080
"/Engine/EngineMaterials/Substrate/GLints/dict_16_192_64_0p5_0p02_0058_0010" 5081
"/Engine/EngineMaterials/Substrate/GLints/dict_16_192_64_0p5_0p02_0058_0011" 5082
"/Engine/EngineMaterials/Substrate/GLints/dict_16_192_64_0p5_0p02_0058_0012" 5083
"/Engine/EngineMaterials/Substrate/GLints/dict_16_192_64_0p5_0p02_0058_0013" 5084
"/Engine/EngineMaterials/Substrate/GLints/dict_16_192_64_0p5_0p02_0058_0014" 5085
"/Engine/EngineMaterials/Substrate/GLints/dict_16_192_64_0p5_0p02_0058_0015" 5086
"/Engine/EngineMaterials/Substrate/GLints/dict_16_192_64_0p5_0p02_0059_0000" 5087
"/Engine/EngineMaterials/Substrate/GLints/dict_16_192_64_0p5_0p02_0059_0001" 5088
"/Engine/EngineMaterials/Substrate/GLints/dict_16_192_64_0p5_0p02_0059_0002" 5089
"/Engine/EngineMaterials/Substrate/GLints/dict_16_192_64_0p5_0p02_0059_0003" 5090
"/Engine/EngineMaterials/Substrate/GLints/dict_16_192_64_0p5_0p02_0059_0004" 5091
"/Engine/EngineMaterials/Substrate/GLints/dict_16_192_64_0p5_0p02_0059_0005" 5092
"/Engine/EngineMaterials/Substrate/GLints/dict_16_192_64_0p5_0p02_0059_0006" 5093
"/Engine/EngineMaterials/Substrate/GLints/dict_16_192_64_0p5_0p02_0059_0007" 5094
"/Engine/EngineMaterials/Substrate/GLints/dict_16_192_64_0p5_0p02_0059_0008" 5095
"/Engine/EngineMaterials/Substrate/GLints/dict_16_192_64_0p5_0p02_0059_0009" 5096
"/Engine/EngineMaterials/Substrate/GLints/dict_16_192_64_0p5_0p02_0059_0010" 5097
"/Engine/EngineMaterials/Substrate/GLints/dict_16_192_64_0p5_0p02_0059_0011" 5098
"/Engine/EngineMaterials/Substrate/GLints/dict_16_192_64_0p5_0p02_0059_0012" 5099
"/Engine/EngineMaterials/Substrate/GLints/dict_16_192_64_0p5_0p02_0059_0013" 5100
"/Engine/EngineMaterials/Substrate/GLints/dict_16_192_64_0p5_0p02_0059_0014" 5101
"/Engine/EngineMaterials/Substrate/GLints/dict_16_192_64_0p5_0p02_0059_0015" 5102
"/Engine/EngineMaterials/Substrate/GLints/dict_16_192_64_0p5_0p02_0060_0000" 5103
"/Engine/EngineMaterials/Substrate/GLints/dict_16_192_64_0p5_0p02_0060_0001" 5104
"/Engine/EngineMaterials/Substrate/GLints/dict_16_192_64_0p5_0p02_0060_0002" 5105
"/Engine/EngineMaterials/Substrate/GLints/dict_16_192_64_0p5_0p02_0060_0003" 5106
"../../../Engine/Content/EngineMaterials/Substrate/GLints/dict_16_192_64_0p5_0p02_0058_0002.uasset" 5107
"../../../Engine/Content/EngineMaterials/Substrate/GLints/dict_16_192_64_0p5_0p02_0058_0003.uasset" 5108
"../../../Engine/Content/EngineMaterials/Substrate/GLints/dict_16_192_64_0p5_0p02_0058_0001.uasset" 5109
"../../../Engine/Content/EngineMaterials/Substrate/GLints/dict_16_192_64_0p5_0p02_0058_0000.uasset" 5110
"../../../Engine/Content/EngineMaterials/Substrate/GLints/dict_16_192_64_0p5_0p02_0057_0015.uasset" 5111
"../../../Engine/Content/EngineMaterials/Substrate/GLints/dict_16_192_64_0p5_0p02_0057_0014.uasset" 5112
"../../../Engine/Content/EngineMaterials/Substrate/GLints/dict_16_192_64_0p5_0p02_0057_0013.uasset" 5113
"../../../Engine/Content/EngineMaterials/Substrate/GLints/dict_16_192_64_0p5_0p02_0057_0011.uasset" 5114
"../../../Engine/Content/EngineMaterials/Substrate/GLints/dict_16_192_64_0p5_0p02_0057_0012.uasset" 5115
"../../../Engine/Content/EngineMaterials/Substrate/GLints/dict_16_192_64_0p5_0p02_0057_0010.uasset" 5116
"../../../Engine/Content/EngineMaterials/Substrate/GLints/dict_16_192_64_0p5_0p02_0057_0008.uasset" 5117
"../../../Engine/Content/EngineMaterials/Substrate/GLints/dict_16_192_64_0p5_0p02_0057_0009.uasset" 5118
"../../../Engine/Content/EngineMaterials/Substrate/GLints/dict_16_192_64_0p5_0p02_0057_0007.uasset" 5119
"../../../Engine/Content/EngineMaterials/Substrate/GLints/dict_16_192_64_0p5_0p02_0057_0006.uasset" 5120
"../../../Engine/Content/EngineMaterials/Substrate/GLints/dict_16_192_64_0p5_0p02_0057_0005.uasset" 5121
"../../../Engine/Content/EngineMaterials/Substrate/GLints/dict_16_192_64_0p5_0p02_0057_0004.uasset" 5122
"../../../Engine/Content/EngineMaterials/Substrate/GLints/dict_16_192_64_0p5_0p02_0057_0003.uasset" 5123
"../../../Engine/Content/EngineMaterials/Substrate/GLints/dict_16_192_64_0p5_0p02_0057_0001.uasset" 5124
"../../../Engine/Content/EngineMaterials/Substrate/GLints/dict_16_192_64_0p5_0p02_0057_0002.uasset" 5125
"../../../Engine/Content/EngineMaterials/Substrate/GLints/dict_16_192_64_0p5_0p02_0057_0000.uasset" 5126
"../../../Engine/Content/EngineMaterials/Substrate/GLints/dict_16_192_64_0p5_0p02_0056_0015.uasset" 5127
"../../../Engine/Content/EngineMaterials/Substrate/GLints/dict_16_192_64_0p5_0p02_0056_0014.uasset" 5128
"../../../Engine/Content/EngineMaterials/Substrate/GLints/dict_16_192_64_0p5_0p02_0056_0013.uasset" 5129
"../../../Engine/Content/EngineMaterials/Substrate/GLints/dict_16_192_64_0p5_0p02_0056_0012.uasset" 5130
"../../../Engine/Content/EngineMaterials/Substrate/GLints/dict_16_192_64_0p5_0p02_0056_0011.uasset" 5131
"../../../Engine/Content/EngineMaterials/Substrate/GLints/dict_16_192_64_0p5_0p02_0056_0010.uasset" 5132
"../../../Engine/Content/EngineMaterials/Substrate/GLints/dict_16_192_64_0p5_0p02_0056_0009.uasset" 5133
"../../../Engine/Content/EngineMaterials/Substrate/GLints/dict_16_192_64_0p5_0p02_0056_0008.uasset" 5134
"../../../Engine/Content/EngineMaterials/Substrate/GLints/dict_16_192_64_0p5_0p02_0056_0007.uasset" 5135
"../../../Engine/Content/EngineMaterials/Substrate/GLints/dict_16_192_64_0p5_0p02_0056_0006.uasset" 5136
"/Engine/EngineMaterials/Substrate/GLints/dict_16_192_64_0p5_0p02_0058_0004" 5137
"/Engine/EngineMaterials/Substrate/GLints/dict_16_192_64_0p5_0p02_0058_0005" 5138
"../../../Engine/Content/EngineMaterials/Substrate/GLints/dict_16_192_64_0p5_0p02_0056_0005.uasset" 5139
"../../../Engine/Content/EngineMaterials/Substrate/GLints/dict_16_192_64_0p5_0p02_0056_0004.uasset" 5140
"/Engine/EngineMaterials/Substrate/GLints/dict_16_192_64_0p5_0p02_0056_0006" 5141
"/Engine/EngineMaterials/Substrate/GLints/dict_16_192_64_0p5_0p02_0056_0007" 5142
"/Engine/EngineMaterials/Substrate/GLints/dict_16_192_64_0p5_0p02_0056_0008" 5143
"/Engine/EngineMaterials/Substrate/GLints/dict_16_192_64_0p5_0p02_0056_0009" 5144
"/Engine/EngineMaterials/Substrate/GLints/dict_16_192_64_0p5_0p02_0056_0010" 5145
"/Engine/EngineMaterials/Substrate/GLints/dict_16_192_64_0p5_0p02_0056_0011" 5146
"/Engine/EngineMaterials/Substrate/GLints/dict_16_192_64_0p5_0p02_0056_0012" 5147
"/Engine/EngineMaterials/Substrate/GLints/dict_16_192_64_0p5_0p02_0056_0013" 5148
"/Engine/EngineMaterials/Substrate/GLints/dict_16_192_64_0p5_0p02_0056_0014" 5149
"/Engine/EngineMaterials/Substrate/GLints/dict_16_192_64_0p5_0p02_0056_0015" 5150
"/Engine/EngineMaterials/Substrate/GLints/dict_16_192_64_0p5_0p02_0057_0000" 5151
"/Engine/EngineMaterials/Substrate/GLints/dict_16_192_64_0p5_0p02_0057_0001" 5152
"/Engine/EngineMaterials/Substrate/GLints/dict_16_192_64_0p5_0p02_0057_0002" 5153
"/Engine/EngineMaterials/Substrate/GLints/dict_16_192_64_0p5_0p02_0057_0003" 5154
"/Engine/EngineMaterials/Substrate/GLints/dict_16_192_64_0p5_0p02_0057_0004" 5155
"/Engine/EngineMaterials/Substrate/GLints/dict_16_192_64_0p5_0p02_0057_0005" 5156
"/Engine/EngineMaterials/Substrate/GLints/dict_16_192_64_0p5_0p02_0057_0006" 5157
"/Engine/EngineMaterials/Substrate/GLints/dict_16_192_64_0p5_0p02_0057_0007" 5158
"/Engine/EngineMaterials/Substrate/GLints/dict_16_192_64_0p5_0p02_0057_0008" 5159
"/Engine/EngineMaterials/Substrate/GLints/dict_16_192_64_0p5_0p02_0057_0009" 5160
"/Engine/EngineMaterials/Substrate/GLints/dict_16_192_64_0p5_0p02_0057_0010" 5161
"/Engine/EngineMaterials/Substrate/GLints/dict_16_192_64_0p5_0p02_0057_0011" 5162
"/Engine/EngineMaterials/Substrate/GLints/dict_16_192_64_0p5_0p02_0057_0012" 5163
"/Engine/EngineMaterials/Substrate/GLints/dict_16_192_64_0p5_0p02_0057_0013" 5164
"/Engine/EngineMaterials/Substrate/GLints/dict_16_192_64_0p5_0p02_0057_0014" 5165
"/Engine/EngineMaterials/Substrate/GLints/dict_16_192_64_0p5_0p02_0057_0015" 5166
"/Engine/EngineMaterials/Substrate/GLints/dict_16_192_64_0p5_0p02_0058_0000" 5167
"/Engine/EngineMaterials/Substrate/GLints/dict_16_192_64_0p5_0p02_0058_0001" 5168
"/Engine/EngineMaterials/Substrate/GLints/dict_16_192_64_0p5_0p02_0058_0002" 5169
"/Engine/EngineMaterials/Substrate/GLints/dict_16_192_64_0p5_0p02_0058_0003" 5170
"../../../Engine/Content/EngineMaterials/Substrate/GLints/dict_16_192_64_0p5_0p02_0056_0003.uasset" 5171
"../../../Engine/Content/EngineMaterials/Substrate/GLints/dict_16_192_64_0p5_0p02_0056_0002.uasset" 5172
"/Engine/EngineMaterials/Substrate/GLints/dict_16_192_64_0p5_0p02_0056_0004" 5173
"../../../Engine/Content/EngineMaterials/Substrate/GLints/dict_16_192_64_0p5_0p02_0056_0001.uasset" 5174
"../../../Engine/Content/EngineMaterials/Substrate/GLints/dict_16_192_64_0p5_0p02_0056_0000.uasset" 5175
"/Engine/EngineMaterials/Substrate/GLints/dict_16_192_64_0p5_0p02_0056_0005" 5176
"../../../Engine/Content/EngineMaterials/Substrate/GLints/dict_16_192_64_0p5_0p02_0055_0015.uasset" 5177
"/Engine/EngineMaterials/Substrate/GLints/dict_16_192_64_0p5_0p02_0056_0001" 5178
"../../../Engine/Content/EngineMaterials/Substrate/GLints/dict_16_192_64_0p5_0p02_0055_0014.uasset" 5179
"/Engine/EngineMaterials/Substrate/GLints/dict_16_192_64_0p5_0p02_0056_0002" 5180
"../../../Engine/Content/EngineMaterials/Substrate/GLints/dict_16_192_64_0p5_0p02_0055_0013.uasset" 5181
"/Engine/EngineMaterials/Substrate/GLints/dict_16_192_64_0p5_0p02_0056_0003" 5182
"../../../Engine/Content/EngineMaterials/Substrate/GLints/dict_16_192_64_0p5_0p02_0055_0012.uasset" 5183
"../../../Engine/Content/EngineMaterials/Substrate/GLints/dict_16_192_64_0p5_0p02_0055_0011.uasset" 5184
"/Engine/EngineMaterials/Substrate/GLints/dict_16_192_64_0p5_0p02_0055_0013" 5185
"/Engine/EngineMaterials/Substrate/GLints/dict_16_192_64_0p5_0p02_0055_0014" 5186
"../../../Engine/Content/EngineMaterials/Substrate/GLints/dict_16_192_64_0p5_0p02_0055_0010.uasset" 5187
"../../../Engine/Content/EngineMaterials/Substrate/GLints/dict_16_192_64_0p5_0p02_0055_0009.uasset" 5188
"/Engine/EngineMaterials/Substrate/GLints/dict_16_192_64_0p5_0p02_0055_0015" 5189
"/Engine/EngineMaterials/Substrate/GLints/dict_16_192_64_0p5_0p02_0056_0000" 5190
"../../../Engine/Content/EngineMaterials/Substrate/GLints/dict_16_192_64_0p5_0p02_0055_0008.uasset" 5191
"../../../Engine/Content/EngineMaterials/Substrate/GLints/dict_16_192_64_0p5_0p02_0055_0007.uasset" 5192
"/Engine/EngineMaterials/Substrate/GLints/dict_16_192_64_0p5_0p02_0055_0009" 5193
"/Engine/EngineMaterials/Substrate/GLints/dict_16_192_64_0p5_0p02_0055_0010" 5194
"../../../Engine/Content/EngineMaterials/Substrate/GLints/dict_16_192_64_0p5_0p02_0055_0006.uasset" 5195
"../../../Engine/Content/EngineMaterials/Substrate/GLints/dict_16_192_64_0p5_0p02_0055_0005.uasset" 5196
"/Engine/EngineMaterials/Substrate/GLints/dict_16_192_64_0p5_0p02_0055_0011" 5197
"/Engine/EngineMaterials/Substrate/GLints/dict_16_192_64_0p5_0p02_0055_0012" 5198
"../../../Engine/Content/EngineMaterials/Substrate/GLints/dict_16_192_64_0p5_0p02_0055_0004.uasset" 5199
"/Engine/EngineMaterials/Substrate/GLints/dict_16_192_64_0p5_0p02_0055_0006" 5200
"../../../Engine/Content/EngineMaterials/Substrate/GLints/dict_16_192_64_0p5_0p02_0055_0003.uasset" 5201
"/Engine/EngineMaterials/Substrate/GLints/dict_16_192_64_0p5_0p02_0055_0007" 5202
"../../../Engine/Content/EngineMaterials/Substrate/GLints/dict_16_192_64_0p5_0p02_0055_0002.uasset" 5203
"../../../Engine/Content/EngineMaterials/Substrate/GLints/dict_16_192_64_0p5_0p02_0055_0001.uasset" 5204
"../../../Engine/Content/EngineMaterials/Substrate/GLints/dict_16_192_64_0p5_0p02_0055_0000.uasset" 5205
"/Engine/EngineMaterials/Substrate/GLints/dict_16_192_64_0p5_0p02_0055_0008" 5206
"../../../Engine/Content/EngineMaterials/Substrate/GLints/dict_16_192_64_0p5_0p02_0054_0015.uasset" 5207
"../../../Engine/Content/EngineMaterials/Substrate/GLints/dict_16_192_64_0p5_0p02_0054_0014.uasset" 5208
"../../../Engine/Content/EngineMaterials/Substrate/GLints/dict_16_192_64_0p5_0p02_0054_0013.uasset" 5209
"/Engine/EngineMaterials/Substrate/GLints/dict_16_192_64_0p5_0p02_0055_0000" 5210
"../../../Engine/Content/EngineMaterials/Substrate/GLints/dict_16_192_64_0p5_0p02_0054_0012.uasset" 5211
"../../../Engine/Content/EngineMaterials/Substrate/GLints/dict_16_192_64_0p5_0p02_0054_0011.uasset" 5212
"../../../Engine/Content/EngineMaterials/Substrate/GLints/dict_16_192_64_0p5_0p02_0054_0010.uasset" 5213
"/Engine/EngineMaterials/Substrate/GLints/dict_16_192_64_0p5_0p02_0055_0001" 5214
"/Engine/EngineMaterials/Substrate/GLints/dict_16_192_64_0p5_0p02_0055_0002" 5215
"../../../Engine/Content/EngineMaterials/Substrate/GLints/dict_16_192_64_0p5_0p02_0054_0009.uasset" 5216
"../../../Engine/Content/EngineMaterials/Substrate/GLints/dict_16_192_64_0p5_0p02_0054_0008.uasset" 5217
"../../../Engine/Content/EngineMaterials/Substrate/GLints/dict_16_192_64_0p5_0p02_0054_0007.uasset" 5218
"../../../Engine/Content/EngineMaterials/Substrate/GLints/dict_16_192_64_0p5_0p02_0054_0006.uasset" 5219
"/Engine/EngineMaterials/Substrate/GLints/dict_16_192_64_0p5_0p02_0055_0003" 5220
"../../../Engine/Content/EngineMaterials/Substrate/GLints/dict_16_192_64_0p5_0p02_0054_0005.uasset" 5221
"../../../Engine/Content/EngineMaterials/Substrate/GLints/dict_16_192_64_0p5_0p02_0054_0004.uasset" 5222
"../../../Engine/Content/EngineMaterials/Substrate/GLints/dict_16_192_64_0p5_0p02_0054_0003.uasset" 5223
"/Engine/EngineMaterials/Substrate/GLints/dict_16_192_64_0p5_0p02_0055_0004" 5224
"../../../Engine/Content/EngineMaterials/Substrate/GLints/dict_16_192_64_0p5_0p02_0054_0002.uasset" 5225
"../../../Engine/Content/EngineMaterials/Substrate/GLints/dict_16_192_64_0p5_0p02_0054_0001.uasset" 5226
"/Engine/EngineMaterials/Substrate/GLints/dict_16_192_64_0p5_0p02_0055_0005" 5227
"../../../Engine/Content/EngineMaterials/Substrate/GLints/dict_16_192_64_0p5_0p02_0054_0000.uasset" 5228
"../../../Engine/Content/EngineMaterials/Substrate/GLints/dict_16_192_64_0p5_0p02_0053_0015.uasset" 5229
"../../../Engine/Content/EngineMaterials/Substrate/GLints/dict_16_192_64_0p5_0p02_0053_0014.uasset" 5230
"/Engine/EngineMaterials/Substrate/GLints/dict_16_192_64_0p5_0p02_0054_0006" 5231
"../../../Engine/Content/EngineMaterials/Substrate/GLints/dict_16_192_64_0p5_0p02_0053_0013.uasset" 5232
"/Engine/EngineMaterials/Substrate/GLints/dict_16_192_64_0p5_0p02_0054_0007" 5233
"../../../Engine/Content/EngineMaterials/Substrate/GLints/dict_16_192_64_0p5_0p02_0053_0012.uasset" 5234
"../../../Engine/Content/EngineMaterials/Substrate/GLints/dict_16_192_64_0p5_0p02_0053_0011.uasset" 5235
"../../../Engine/Content/EngineMaterials/Substrate/GLints/dict_16_192_64_0p5_0p02_0053_0010.uasset" 5236
"/Engine/EngineMaterials/Substrate/GLints/dict_16_192_64_0p5_0p02_0054_0008" 5237
"/Engine/EngineMaterials/Substrate/GLints/dict_16_192_64_0p5_0p02_0054_0009" 5238
"../../../Engine/Content/EngineMaterials/Substrate/GLints/dict_16_192_64_0p5_0p02_0053_0008.uasset" 5239
"../../../Engine/Content/EngineMaterials/Substrate/GLints/dict_16_192_64_0p5_0p02_0053_0009.uasset" 5240
"../../../Engine/Content/EngineMaterials/Substrate/GLints/dict_16_192_64_0p5_0p02_0053_0007.uasset" 5241
"/Engine/EngineMaterials/Substrate/GLints/dict_16_192_64_0p5_0p02_0054_0010" 5242
"../../../Engine/Content/EngineMaterials/Substrate/GLints/dict_16_192_64_0p5_0p02_0053_0006.uasset" 5243
"../../../Engine/Content/EngineMaterials/Substrate/GLints/dict_16_192_64_0p5_0p02_0053_0005.uasset" 5244
"../../../Engine/Content/EngineMaterials/Substrate/GLints/dict_16_192_64_0p5_0p02_0053_0004.uasset" 5245
"/Engine/EngineMaterials/Substrate/GLints/dict_16_192_64_0p5_0p02_0054_0011" 5246
"/Engine/EngineMaterials/Substrate/GLints/dict_16_192_64_0p5_0p02_0054_0012" 5247
"../../../Engine/Content/EngineMaterials/Substrate/GLints/dict_16_192_64_0p5_0p02_0053_0003.uasset" 5248
"/Engine/EngineMaterials/Substrate/GLints/dict_16_192_64_0p5_0p02_0054_0013" 5249
"../../../Engine/Content/EngineMaterials/Substrate/GLints/dict_16_192_64_0p5_0p02_0053_0002.uasset" 5250
"../../../Engine/Content/EngineMaterials/Substrate/GLints/dict_16_192_64_0p5_0p02_0053_0001.uasset" 5251
"../../../Engine/Content/EngineMaterials/Substrate/GLints/dict_16_192_64_0p5_0p02_0053_0000.uasset" 5252
"/Engine/EngineMaterials/Substrate/GLints/dict_16_192_64_0p5_0p02_0054_0014" 5253
"/Engine/EngineMaterials/Substrate/GLints/dict_16_192_64_0p5_0p02_0054_0015" 5254
"/Engine/EngineMaterials/Substrate/GLints/dict_16_192_64_0p5_0p02_0054_0001" 5255
"/Engine/EngineMaterials/Substrate/GLints/dict_16_192_64_0p5_0p02_0054_0002" 5256
"/Engine/EngineMaterials/Substrate/GLints/dict_16_192_64_0p5_0p02_0054_0003" 5257
"/Engine/EngineMaterials/Substrate/GLints/dict_16_192_64_0p5_0p02_0054_0004" 5258
"/Engine/EngineMaterials/Substrate/GLints/dict_16_192_64_0p5_0p02_0054_0005" 5259
"../../../Engine/Content/EngineMaterials/Substrate/GLints/dict_16_192_64_0p5_0p02_0052_0015.uasset" 5260
"../../../Engine/Content/EngineMaterials/Substrate/GLints/dict_16_192_64_0p5_0p02_0052_0014.uasset" 5261
"/Engine/EngineMaterials/Substrate/GLints/dict_16_192_64_0p5_0p02_0053_0000" 5262
"../../../Engine/Content/EngineMaterials/Substrate/GLints/dict_16_192_64_0p5_0p02_0052_0013.uasset" 5263
"/Engine/EngineMaterials/Substrate/GLints/dict_16_192_64_0p5_0p02_0053_0001" 5264
"../../../Engine/Content/EngineMaterials/Substrate/GLints/dict_16_192_64_0p5_0p02_0052_0012.uasset" 5265
"/Engine/EngineMaterials/Substrate/GLints/dict_16_192_64_0p5_0p02_0053_0002" 5266
"../../../Engine/Content/EngineMaterials/Substrate/GLints/dict_16_192_64_0p5_0p02_0052_0011.uasset" 5267
"../../../Engine/Content/EngineMaterials/Substrate/GLints/dict_16_192_64_0p5_0p02_0052_0010.uasset" 5268
"/Engine/EngineMaterials/Substrate/GLints/dict_16_192_64_0p5_0p02_0053_0003" 5269
"../../../Engine/Content/EngineMaterials/Substrate/GLints/dict_16_192_64_0p5_0p02_0052_0009.uasset" 5270
"../../../Engine/Content/EngineMaterials/Substrate/GLints/dict_16_192_64_0p5_0p02_0052_0008.uasset" 5271
"../../../Engine/Content/EngineMaterials/Substrate/GLints/dict_16_192_64_0p5_0p02_0052_0007.uasset" 5272
"/Engine/EngineMaterials/Substrate/GLints/dict_16_192_64_0p5_0p02_0053_0004" 5273
"../../../Engine/Content/EngineMaterials/Substrate/GLints/dict_16_192_64_0p5_0p02_0052_0006.uasset" 5274
"/Engine/EngineMaterials/Substrate/GLints/dict_16_192_64_0p5_0p02_0053_0005" 5275
"../../../Engine/Content/EngineMaterials/Substrate/GLints/dict_16_192_64_0p5_0p02_0052_0005.uasset" 5276
"../../../Engine/Content/EngineMaterials/Substrate/GLints/dict_16_192_64_0p5_0p02_0052_0004.uasset" 5277
"../../../Engine/Content/EngineMaterials/Substrate/GLints/dict_16_192_64_0p5_0p02_0052_0003.uasset" 5278
"/Engine/EngineMaterials/Substrate/GLints/dict_16_192_64_0p5_0p02_0053_0006" 5279
"/Engine/EngineMaterials/Substrate/GLints/dict_16_192_64_0p5_0p02_0053_0007" 5280
"../../../Engine/Content/EngineMaterials/Substrate/GLints/dict_16_192_64_0p5_0p02_0052_0002.uasset" 5281
"../../../Engine/Content/EngineMaterials/Substrate/GLints/dict_16_192_64_0p5_0p02_0052_0001.uasset" 5282
"/Engine/EngineMaterials/Substrate/GLints/dict_16_192_64_0p5_0p02_0053_0008" 5283
"/Engine/EngineMaterials/Substrate/GLints/dict_16_192_64_0p5_0p02_0053_0009" 5284
"/Engine/EngineMaterials/Substrate/GLints/dict_16_192_64_0p5_0p02_0053_0010" 5285
"/Engine/EngineMaterials/Substrate/GLints/dict_16_192_64_0p5_0p02_0053_0011" 5286
"/Engine/EngineMaterials/Substrate/GLints/dict_16_192_64_0p5_0p02_0053_0012" 5287
"/Engine/EngineMaterials/Substrate/GLints/dict_16_192_64_0p5_0p02_0053_0013" 5288
"/Engine/EngineMaterials/Substrate/GLints/dict_16_192_64_0p5_0p02_0053_0014" 5289
"/Engine/EngineMaterials/Substrate/GLints/dict_16_192_64_0p5_0p02_0053_0015" 5290
"/Engine/EngineMaterials/Substrate/GLints/dict_16_192_64_0p5_0p02_0054_0000" 5291
"../../../Engine/Content/EngineMaterials/Substrate/GLints/dict_16_192_64_0p5_0p02_0052_0000.uasset" 5292
"../../../Engine/Content/EngineMaterials/Substrate/GLints/dict_16_192_64_0p5_0p02_0051_0015.uasset" 5293
"/Engine/EngineMaterials/Substrate/GLints/dict_16_192_64_0p5_0p02_0052_0001" 5294
"/Engine/EngineMaterials/Substrate/GLints/dict_16_192_64_0p5_0p02_0052_0002" 5295
"../../../Engine/Content/EngineMaterials/Substrate/GLints/dict_16_192_64_0p5_0p02_0051_0014.uasset" 5296
"../../../Engine/Content/EngineMaterials/Substrate/GLints/dict_16_192_64_0p5_0p02_0051_0013.uasset" 5297
"../../../Engine/Content/EngineMaterials/Substrate/GLints/dict_16_192_64_0p5_0p02_0051_0012.uasset" 5298
"/Engine/EngineMaterials/Substrate/GLints/dict_16_192_64_0p5_0p02_0052_0003" 5299
"../../../Engine/Content/EngineMaterials/Substrate/GLints/dict_16_192_64_0p5_0p02_0051_0011.uasset" 5300
"../../../Engine/Content/EngineMaterials/Substrate/GLints/dict_16_192_64_0p5_0p02_0051_0010.uasset" 5301
"/Engine/EngineMaterials/Substrate/GLints/dict_16_192_64_0p5_0p02_0052_0004" 5302
"../../../Engine/Content/EngineMaterials/Substrate/GLints/dict_16_192_64_0p5_0p02_0051_0009.uasset" 5303
"../../../Engine/Content/EngineMaterials/Substrate/GLints/dict_16_192_64_0p5_0p02_0051_0008.uasset" 5304
"/Engine/EngineMaterials/Substrate/GLints/dict_16_192_64_0p5_0p02_0052_0005" 5305
"../../../Engine/Content/EngineMaterials/Substrate/GLints/dict_16_192_64_0p5_0p02_0051_0007.uasset" 5306
"../../../Engine/Content/EngineMaterials/Substrate/GLints/dict_16_192_64_0p5_0p02_0051_0006.uasset" 5307
"/Engine/EngineMaterials/Substrate/GLints/dict_16_192_64_0p5_0p02_0052_0006" 5308
"../../../Engine/Content/EngineMaterials/Substrate/GLints/dict_16_192_64_0p5_0p02_0051_0005.uasset" 5309
"../../../Engine/Content/EngineMaterials/Substrate/GLints/dict_16_192_64_0p5_0p02_0051_0004.uasset" 5310
"../../../Engine/Content/EngineMaterials/Substrate/GLints/dict_16_192_64_0p5_0p02_0051_0003.uasset" 5311
"/Engine/EngineMaterials/Substrate/GLints/dict_16_192_64_0p5_0p02_0052_0007" 5312
"../../../Engine/Content/EngineMaterials/Substrate/GLints/dict_16_192_64_0p5_0p02_0051_0002.uasset" 5313
"/Engine/EngineMaterials/Substrate/GLints/dict_16_192_64_0p5_0p02_0052_0008" 5314
"../../../Engine/Content/EngineMaterials/Substrate/GLints/dict_16_192_64_0p5_0p02_0051_0001.uasset" 5315
"../../../Engine/Content/EngineMaterials/Substrate/GLints/dict_16_192_64_0p5_0p02_0051_0000.uasset" 5316
"/Engine/EngineMaterials/Substrate/GLints/dict_16_192_64_0p5_0p02_0052_0009" 5317
"/Engine/EngineMaterials/Substrate/GLints/dict_16_192_64_0p5_0p02_0052_0010" 5318
"/Engine/EngineMaterials/Substrate/GLints/dict_16_192_64_0p5_0p02_0052_0011" 5319
"/Engine/EngineMaterials/Substrate/GLints/dict_16_192_64_0p5_0p02_0052_0012" 5320
"/Engine/EngineMaterials/Substrate/GLints/dict_16_192_64_0p5_0p02_0052_0013" 5321
"/Engine/EngineMaterials/Substrate/GLints/dict_16_192_64_0p5_0p02_0052_0014" 5322
"/Engine/EngineMaterials/Substrate/GLints/dict_16_192_64_0p5_0p02_0052_0015" 5323
"../../../Engine/Content/EngineMaterials/Substrate/GLints/dict_16_192_64_0p5_0p02_0050_0015.uasset" 5324
"../../../Engine/Content/EngineMaterials/Substrate/GLints/dict_16_192_64_0p5_0p02_0050_0014.uasset" 5325
"/Engine/EngineMaterials/Substrate/GLints/dict_16_192_64_0p5_0p02_0051_0000" 5326
"../../../Engine/Content/EngineMaterials/Substrate/GLints/dict_16_192_64_0p5_0p02_0050_0013.uasset" 5327
"../../../Engine/Content/EngineMaterials/Substrate/GLints/dict_16_192_64_0p5_0p02_0050_0012.uasset" 5328
"/Engine/EngineMaterials/Substrate/GLints/dict_16_192_64_0p5_0p02_0051_0001" 5329
"../../../Engine/Content/EngineMaterials/Substrate/GLints/dict_16_192_64_0p5_0p02_0050_0011.uasset" 5330
"../../../Engine/Content/EngineMaterials/Substrate/GLints/dict_16_192_64_0p5_0p02_0050_0010.uasset" 5331
"../../../Engine/Content/EngineMaterials/Substrate/GLints/dict_16_192_64_0p5_0p02_0050_0009.uasset" 5332
"/Engine/EngineMaterials/Substrate/GLints/dict_16_192_64_0p5_0p02_0051_0002" 5333
"../../../Engine/Content/EngineMaterials/Substrate/GLints/dict_16_192_64_0p5_0p02_0050_0008.uasset" 5334
"/Engine/EngineMaterials/Substrate/GLints/dict_16_192_64_0p5_0p02_0051_0003" 5335
"../../../Engine/Content/EngineMaterials/Substrate/GLints/dict_16_192_64_0p5_0p02_0050_0007.uasset" 5336
"/Engine/EngineMaterials/Substrate/GLints/dict_16_192_64_0p5_0p02_0051_0004" 5337
"../../../Engine/Content/EngineMaterials/Substrate/GLints/dict_16_192_64_0p5_0p02_0050_0005.uasset" 5338
"../../../Engine/Content/EngineMaterials/Substrate/GLints/dict_16_192_64_0p5_0p02_0050_0006.uasset" 5339
"/Engine/EngineMaterials/Substrate/GLints/dict_16_192_64_0p5_0p02_0051_0005" 5340
"../../../Engine/Content/EngineMaterials/Substrate/GLints/dict_16_192_64_0p5_0p02_0050_0004.uasset" 5341
"../../../Engine/Content/EngineMaterials/Substrate/GLints/dict_16_192_64_0p5_0p02_0050_0003.uasset" 5342
"/Engine/EngineMaterials/Substrate/GLints/dict_16_192_64_0p5_0p02_0051_0006" 5343
"../../../Engine/Content/EngineMaterials/Substrate/GLints/dict_16_192_64_0p5_0p02_0050_0002.uasset" 5344
"/Engine/EngineMaterials/Substrate/GLints/dict_16_192_64_0p5_0p02_0051_0007" 5345
"../../../Engine/Content/EngineMaterials/Substrate/GLints/dict_16_192_64_0p5_0p02_0050_0001.uasset" 5346
"/Engine/EngineMaterials/Substrate/GLints/dict_16_192_64_0p5_0p02_0051_0008" 5347
"/Engine/EngineMaterials/Substrate/GLints/dict_16_192_64_0p5_0p02_0051_0009" 5348
"/Engine/EngineMaterials/Substrate/GLints/dict_16_192_64_0p5_0p02_0051_0010" 5349
"/Engine/EngineMaterials/Substrate/GLints/dict_16_192_64_0p5_0p02_0051_0011" 5350
"/Engine/EngineMaterials/Substrate/GLints/dict_16_192_64_0p5_0p02_0051_0012" 5351
"/Engine/EngineMaterials/Substrate/GLints/dict_16_192_64_0p5_0p02_0051_0013" 5352
"/Engine/EngineMaterials/Substrate/GLints/dict_16_192_64_0p5_0p02_0051_0014" 5353
"/Engine/EngineMaterials/Substrate/GLints/dict_16_192_64_0p5_0p02_0051_0015" 5354
"/Engine/EngineMaterials/Substrate/GLints/dict_16_192_64_0p5_0p02_0052_0000" 5355
"../../../Engine/Content/EngineMaterials/Substrate/GLints/dict_16_192_64_0p5_0p02_0050_0000.uasset" 5356
"/Engine/EngineMaterials/Substrate/GLints/dict_16_192_64_0p5_0p02_0050_0001" 5357
"../../../Engine/Content/EngineMaterials/Substrate/GLints/dict_16_192_64_0p5_0p02_0049_0015.uasset" 5358
"/Engine/EngineMaterials/Substrate/GLints/dict_16_192_64_0p5_0p02_0050_0002" 5359
"../../../Engine/Content/EngineMaterials/Substrate/GLints/dict_16_192_64_0p5_0p02_0049_0014.uasset" 5360
"/Engine/EngineMaterials/Substrate/GLints/dict_16_192_64_0p5_0p02_0050_0003" 5361
"/Engine/EngineMaterials/Substrate/GLints/dict_16_192_64_0p5_0p02_0050_0004" 5362
"../../../Engine/Content/EngineMaterials/Substrate/GLints/dict_16_192_64_0p5_0p02_0049_0013.uasset" 5363
"/Engine/EngineMaterials/Substrate/GLints/dict_16_192_64_0p5_0p02_0050_0005" 5364
"../../../Engine/Content/EngineMaterials/Substrate/GLints/dict_16_192_64_0p5_0p02_0049_0012.uasset" 5365
"../../../Engine/Content/EngineMaterials/Substrate/GLints/dict_16_192_64_0p5_0p02_0049_0011.uasset" 5366
"/Engine/EngineMaterials/Substrate/GLints/dict_16_192_64_0p5_0p02_0050_0006" 5367
"/Engine/EngineMaterials/Substrate/GLints/dict_16_192_64_0p5_0p02_0050_0007" 5368
"../../../Engine/Content/EngineMaterials/Substrate/GLints/dict_16_192_64_0p5_0p02_0049_0010.uasset" 5369
"../../../Engine/Content/EngineMaterials/Substrate/GLints/dict_16_192_64_0p5_0p02_0049_0009.uasset" 5370
"../../../Engine/Content/EngineMaterials/Substrate/GLints/dict_16_192_64_0p5_0p02_0049_0008.uasset" 5371
"../../../Engine/Content/EngineMaterials/Substrate/GLints/dict_16_192_64_0p5_0p02_0049_0007.uasset" 5372
"/Engine/EngineMaterials/Substrate/GLints/dict_16_192_64_0p5_0p02_0050_0008" 5373
"../../../Engine/Content/EngineMaterials/Substrate/GLints/dict_16_192_64_0p5_0p02_0049_0006.uasset" 5374
"../../../Engine/Content/EngineMaterials/Substrate/GLints/dict_16_192_64_0p5_0p02_0049_0005.uasset" 5375
"../../../Engine/Content/EngineMaterials/Substrate/GLints/dict_16_192_64_0p5_0p02_0049_0004.uasset" 5376
"/Engine/EngineMaterials/Substrate/GLints/dict_16_192_64_0p5_0p02_0050_0009" 5377
"../../../Engine/Content/EngineMaterials/Substrate/GLints/dict_16_192_64_0p5_0p02_0049_0003.uasset" 5378
"../../../Engine/Content/EngineMaterials/Substrate/GLints/dict_16_192_64_0p5_0p02_0049_0002.uasset" 5379
"/Engine/EngineMaterials/Substrate/GLints/dict_16_192_64_0p5_0p02_0050_0010" 5380
"../../../Engine/Content/EngineMaterials/Substrate/GLints/dict_16_192_64_0p5_0p02_0049_0001.uasset" 5381
"../../../Engine/Content/EngineMaterials/Substrate/GLints/dict_16_192_64_0p5_0p02_0049_0000.uasset" 5382
"/Engine/EngineMaterials/Substrate/GLints/dict_16_192_64_0p5_0p02_0050_0011" 5383
"/Engine/EngineMaterials/Substrate/GLints/dict_16_192_64_0p5_0p02_0050_0012" 5384
"/Engine/EngineMaterials/Substrate/GLints/dict_16_192_64_0p5_0p02_0050_0013" 5385
"/Engine/EngineMaterials/Substrate/GLints/dict_16_192_64_0p5_0p02_0050_0014" 5386
"/Engine/EngineMaterials/Substrate/GLints/dict_16_192_64_0p5_0p02_0050_0015" 5387
"../../../Engine/Content/EngineMaterials/Substrate/GLints/dict_16_192_64_0p5_0p02_0048_0015.uasset" 5388
"../../../Engine/Content/EngineMaterials/Substrate/GLints/dict_16_192_64_0p5_0p02_0048_0014.uasset" 5389
"/Engine/EngineMaterials/Substrate/GLints/dict_16_192_64_0p5_0p02_0049_0000" 5390
"../../../Engine/Content/EngineMaterials/Substrate/GLints/dict_16_192_64_0p5_0p02_0048_0013.uasset" 5391
"../../../Engine/Content/EngineMaterials/Substrate/GLints/dict_16_192_64_0p5_0p02_0048_0012.uasset" 5392
"../../../Engine/Content/EngineMaterials/Substrate/GLints/dict_16_192_64_0p5_0p02_0048_0011.uasset" 5393
"/Engine/EngineMaterials/Substrate/GLints/dict_16_192_64_0p5_0p02_0049_0001" 5394
"../../../Engine/Content/EngineMaterials/Substrate/GLints/dict_16_192_64_0p5_0p02_0048_0010.uasset" 5395
"../../../Engine/Content/EngineMaterials/Substrate/GLints/dict_16_192_64_0p5_0p02_0048_0009.uasset" 5396
"/Engine/EngineMaterials/Substrate/GLints/dict_16_192_64_0p5_0p02_0049_0002" 5397
"../../../Engine/Content/EngineMaterials/Substrate/GLints/dict_16_192_64_0p5_0p02_0048_0008.uasset" 5398
"../../../Engine/Content/EngineMaterials/Substrate/GLints/dict_16_192_64_0p5_0p02_0048_0007.uasset" 5399
"../../../Engine/Content/EngineMaterials/Substrate/GLints/dict_16_192_64_0p5_0p02_0048_0006.uasset" 5400
"/Engine/EngineMaterials/Substrate/GLints/dict_16_192_64_0p5_0p02_0049_0003" 5401
"../../../Engine/Content/EngineMaterials/Substrate/GLints/dict_16_192_64_0p5_0p02_0048_0005.uasset" 5402
"../../../Engine/Content/EngineMaterials/Substrate/GLints/dict_16_192_64_0p5_0p02_0048_0004.uasset" 5403
"../../../Engine/Content/EngineMaterials/Substrate/GLints/dict_16_192_64_0p5_0p02_0048_0003.uasset" 5404
"/Engine/EngineMaterials/Substrate/GLints/dict_16_192_64_0p5_0p02_0049_0004" 5405
"../../../Engine/Content/EngineMaterials/Substrate/GLints/dict_16_192_64_0p5_0p02_0048_0002.uasset" 5406
"../../../Engine/Content/EngineMaterials/Substrate/GLints/dict_16_192_64_0p5_0p02_0048_0001.uasset" 5407
"/Engine/EngineMaterials/Substrate/GLints/dict_16_192_64_0p5_0p02_0049_0005" 5408
"/Engine/EngineMaterials/Substrate/GLints/dict_16_192_64_0p5_0p02_0049_0006" 5409
"/Engine/EngineMaterials/Substrate/GLints/dict_16_192_64_0p5_0p02_0049_0007" 5410
"/Engine/EngineMaterials/Substrate/GLints/dict_16_192_64_0p5_0p02_0049_0008" 5411
"/Engine/EngineMaterials/Substrate/GLints/dict_16_192_64_0p5_0p02_0049_0009" 5412
"/Engine/EngineMaterials/Substrate/GLints/dict_16_192_64_0p5_0p02_0049_0010" 5413
"/Engine/EngineMaterials/Substrate/GLints/dict_16_192_64_0p5_0p02_0049_0011" 5414
"/Engine/EngineMaterials/Substrate/GLints/dict_16_192_64_0p5_0p02_0049_0012" 5415
"/Engine/EngineMaterials/Substrate/GLints/dict_16_192_64_0p5_0p02_0049_0013" 5416
"/Engine/EngineMaterials/Substrate/GLints/dict_16_192_64_0p5_0p02_0049_0014" 5417
"/Engine/EngineMaterials/Substrate/GLints/dict_16_192_64_0p5_0p02_0049_0015" 5418
"/Engine/EngineMaterials/Substrate/GLints/dict_16_192_64_0p5_0p02_0050_0000" 5419
"../../../Engine/Content/EngineMaterials/Substrate/GLints/dict_16_192_64_0p5_0p02_0048_0000.uasset" 5420
"../../../Engine/Content/EngineMaterials/Substrate/GLints/dict_16_192_64_0p5_0p02_0047_0015.uasset" 5421
"/Engine/EngineMaterials/Substrate/GLints/dict_16_192_64_0p5_0p02_0048_0001" 5422
"/Engine/EngineMaterials/Substrate/GLints/dict_16_192_64_0p5_0p02_0048_0002" 5423
"../../../Engine/Content/EngineMaterials/Substrate/GLints/dict_16_192_64_0p5_0p02_0047_0014.uasset" 5424
"/Engine/EngineMaterials/Substrate/GLints/dict_16_192_64_0p5_0p02_0048_0003" 5425
"../../../Engine/Content/EngineMaterials/Substrate/GLints/dict_16_192_64_0p5_0p02_0047_0013.uasset" 5426
"/Engine/EngineMaterials/Substrate/GLints/dict_16_192_64_0p5_0p02_0048_0004" 5427
"../../../Engine/Content/EngineMaterials/Substrate/GLints/dict_16_192_64_0p5_0p02_0047_0012.uasset" 5428
"/Engine/EngineMaterials/Substrate/GLints/dict_16_192_64_0p5_0p02_0048_0005" 5429
"../../../Engine/Content/EngineMaterials/Substrate/GLints/dict_16_192_64_0p5_0p02_0047_0011.uasset" 5430
"../../../Engine/Content/EngineMaterials/Substrate/GLints/dict_16_192_64_0p5_0p02_0047_0010.uasset" 5431
"/Engine/EngineMaterials/Substrate/GLints/dict_16_192_64_0p5_0p02_0048_0006" 5432
"../../../Engine/Content/EngineMaterials/Substrate/GLints/dict_16_192_64_0p5_0p02_0047_0009.uasset" 5433
"../../../Engine/Content/EngineMaterials/Substrate/GLints/dict_16_192_64_0p5_0p02_0047_0008.uasset" 5434
"/Engine/EngineMaterials/Substrate/GLints/dict_16_192_64_0p5_0p02_0048_0007" 5435
"../../../Engine/Content/EngineMaterials/Substrate/GLints/dict_16_192_64_0p5_0p02_0047_0007.uasset" 5436
"../../../Engine/Content/EngineMaterials/Substrate/GLints/dict_16_192_64_0p5_0p02_0047_0006.uasset" 5437
"/Engine/EngineMaterials/Substrate/GLints/dict_16_192_64_0p5_0p02_0048_0008" 5438
"../../../Engine/Content/EngineMaterials/Substrate/GLints/dict_16_192_64_0p5_0p02_0047_0005.uasset" 5439
"/Engine/EngineMaterials/Substrate/GLints/dict_16_192_64_0p5_0p02_0048_0009" 5440
"../../../Engine/Content/EngineMaterials/Substrate/GLints/dict_16_192_64_0p5_0p02_0047_0004.uasset" 5441
"/Engine/EngineMaterials/Substrate/GLints/dict_16_192_64_0p5_0p02_0048_0010" 5442
"../../../Engine/Content/EngineMaterials/Substrate/GLints/dict_16_192_64_0p5_0p02_0047_0003.uasset" 5443
"/Engine/EngineMaterials/Substrate/GLints/dict_16_192_64_0p5_0p02_0048_0011" 5444
"../../../Engine/Content/EngineMaterials/Substrate/GLints/dict_16_192_64_0p5_0p02_0047_0001.uasset" 5445
"../../../Engine/Content/EngineMaterials/Substrate/GLints/dict_16_192_64_0p5_0p02_0047_0002.uasset" 5446
"/Engine/EngineMaterials/Substrate/GLints/dict_16_192_64_0p5_0p02_0048_0012" 5447
"/Engine/EngineMaterials/Substrate/GLints/dict_16_192_64_0p5_0p02_0048_0013" 5448
"../../../Engine/Content/EngineMaterials/Substrate/GLints/dict_16_192_64_0p5_0p02_0047_0000.uasset" 5449
"/Engine/EngineMaterials/Substrate/GLints/dict_16_192_64_0p5_0p02_0048_0014" 5450
"/Engine/EngineMaterials/Substrate/GLints/dict_16_192_64_0p5_0p02_0048_0015" 5451
"../../../Engine/Content/EngineMaterials/Substrate/GLints/dict_16_192_64_0p5_0p02_0046_0014.uasset" 5452
"../../../Engine/Content/EngineMaterials/Substrate/GLints/dict_16_192_64_0p5_0p02_0046_0015.uasset" 5453
"/Engine/EngineMaterials/Substrate/GLints/dict_16_192_64_0p5_0p02_0047_0000" 5454
"/Engine/EngineMaterials/Substrate/GLints/dict_16_192_64_0p5_0p02_0047_0001" 5455
"../../../Engine/Content/EngineMaterials/Substrate/GLints/dict_16_192_64_0p5_0p02_0046_0012.uasset" 5456
"/Engine/EngineMaterials/Substrate/GLints/dict_16_192_64_0p5_0p02_0047_0002" 5457
"../../../Engine/Content/EngineMaterials/Substrate/GLints/dict_16_192_64_0p5_0p02_0046_0011.uasset" 5458
"../../../Engine/Content/EngineMaterials/Substrate/GLints/dict_16_192_64_0p5_0p02_0046_0010.uasset" 5459
"/Engine/EngineMaterials/Substrate/GLints/dict_16_192_64_0p5_0p02_0047_0003" 5460
"../../../Engine/Content/EngineMaterials/Substrate/GLints/dict_16_192_64_0p5_0p02_0046_0009.uasset" 5461
"../../../Engine/Content/EngineMaterials/Substrate/GLints/dict_16_192_64_0p5_0p02_0046_0013.uasset" 5462
"../../../Engine/Content/EngineMaterials/Substrate/GLints/dict_16_192_64_0p5_0p02_0046_0008.uasset" 5463
"/Engine/EngineMaterials/Substrate/GLints/dict_16_192_64_0p5_0p02_0047_0004" 5464
"../../../Engine/Content/EngineMaterials/Substrate/GLints/dict_16_192_64_0p5_0p02_0046_0007.uasset" 5465
"../../../Engine/Content/EngineMaterials/Substrate/GLints/dict_16_192_64_0p5_0p02_0046_0006.uasset" 5466
"../../../Engine/Content/EngineMaterials/Substrate/GLints/dict_16_192_64_0p5_0p02_0046_0005.uasset" 5467
"../../../Engine/Content/EngineMaterials/Substrate/GLints/dict_16_192_64_0p5_0p02_0046_0004.uasset" 5468
"/Engine/EngineMaterials/Substrate/GLints/dict_16_192_64_0p5_0p02_0047_0005" 5469
"../../../Engine/Content/EngineMaterials/Substrate/GLints/dict_16_192_64_0p5_0p02_0046_0003.uasset" 5470
"../../../Engine/Content/EngineMaterials/Substrate/GLints/dict_16_192_64_0p5_0p02_0046_0002.uasset" 5471
"../../../Engine/Content/EngineMaterials/Substrate/GLints/dict_16_192_64_0p5_0p02_0046_0001.uasset" 5472
"/Engine/EngineMaterials/Substrate/GLints/dict_16_192_64_0p5_0p02_0047_0006" 5473
"/Engine/EngineMaterials/Substrate/GLints/dict_16_192_64_0p5_0p02_0047_0007" 5474
"/Engine/EngineMaterials/Substrate/GLints/dict_16_192_64_0p5_0p02_0047_0008" 5475
"/Engine/EngineMaterials/Substrate/GLints/dict_16_192_64_0p5_0p02_0047_0009" 5476
"/Engine/EngineMaterials/Substrate/GLints/dict_16_192_64_0p5_0p02_0047_0010" 5477
"/Engine/EngineMaterials/Substrate/GLints/dict_16_192_64_0p5_0p02_0047_0011" 5478
"/Engine/EngineMaterials/Substrate/GLints/dict_16_192_64_0p5_0p02_0047_0012" 5479
"/Engine/EngineMaterials/Substrate/GLints/dict_16_192_64_0p5_0p02_0047_0013" 5480
"/Engine/EngineMaterials/Substrate/GLints/dict_16_192_64_0p5_0p02_0047_0014" 5481
"/Engine/EngineMaterials/Substrate/GLints/dict_16_192_64_0p5_0p02_0047_0015" 5482
"/Engine/EngineMaterials/Substrate/GLints/dict_16_192_64_0p5_0p02_0048_0000" 5483
"../../../Engine/Content/EngineMaterials/Substrate/GLints/dict_16_192_64_0p5_0p02_0046_0000.uasset" 5484
"../../../Engine/Content/EngineMaterials/Substrate/GLints/dict_16_192_64_0p5_0p02_0045_0015.uasset" 5485
"../../../Engine/Content/EngineMaterials/Substrate/GLints/dict_16_192_64_0p5_0p02_0045_0014.uasset" 5486
"/Engine/EngineMaterials/Substrate/GLints/dict_16_192_64_0p5_0p02_0046_0001" 5487
"../../../Engine/Content/EngineMaterials/Substrate/GLints/dict_16_192_64_0p5_0p02_0045_0013.uasset" 5488
"/Engine/EngineMaterials/Substrate/GLints/dict_16_192_64_0p5_0p02_0046_0002" 5489
"../../../Engine/Content/EngineMaterials/Substrate/GLints/dict_16_192_64_0p5_0p02_0045_0011.uasset" 5490
"../../../Engine/Content/EngineMaterials/Substrate/GLints/dict_16_192_64_0p5_0p02_0045_0012.uasset" 5491
"../../../Engine/Content/EngineMaterials/Substrate/GLints/dict_16_192_64_0p5_0p02_0045_0009.uasset" 5492
"/Engine/EngineMaterials/Substrate/GLints/dict_16_192_64_0p5_0p02_0046_0003" 5493
"../../../Engine/Content/EngineMaterials/Substrate/GLints/dict_16_192_64_0p5_0p02_0045_0008.uasset" 5494
"../../../Engine/Content/EngineMaterials/Substrate/GLints/dict_16_192_64_0p5_0p02_0045_0007.uasset" 5495
"../../../Engine/Content/EngineMaterials/Substrate/GLints/dict_16_192_64_0p5_0p02_0045_0010.uasset" 5496
"/Engine/EngineMaterials/Substrate/GLints/dict_16_192_64_0p5_0p02_0046_0004" 5497
"../../../Engine/Content/EngineMaterials/Substrate/GLints/dict_16_192_64_0p5_0p02_0045_0006.uasset" 5498
"../../../Engine/Content/EngineMaterials/Substrate/GLints/dict_16_192_64_0p5_0p02_0045_0005.uasset" 5499
"/Engine/EngineMaterials/Substrate/GLints/dict_16_192_64_0p5_0p02_0046_0005" 5500
"../../../Engine/Content/EngineMaterials/Substrate/GLints/dict_16_192_64_0p5_0p02_0045_0004.uasset" 5501
"/Engine/EngineMaterials/Substrate/GLints/dict_16_192_64_0p5_0p02_0046_0006" 5502
"../../../Engine/Content/EngineMaterials/Substrate/GLints/dict_16_192_64_0p5_0p02_0045_0003.uasset" 5503
"../../../Engine/Content/EngineMaterials/Substrate/GLints/dict_16_192_64_0p5_0p02_0045_0002.uasset" 5504
"../../../Engine/Content/EngineMaterials/Substrate/GLints/dict_16_192_64_0p5_0p02_0045_0001.uasset" 5505
"/Engine/EngineMaterials/Substrate/GLints/dict_16_192_64_0p5_0p02_0046_0007" 5506
"../../../Engine/Content/EngineMaterials/Substrate/GLints/dict_16_192_64_0p5_0p02_0045_0000.uasset" 5507
"/Engine/EngineMaterials/Substrate/GLints/dict_16_192_64_0p5_0p02_0046_0008" 5508
"/Engine/EngineMaterials/Substrate/GLints/dict_16_192_64_0p5_0p02_0046_0009" 5509
"/Engine/EngineMaterials/Substrate/GLints/dict_16_192_64_0p5_0p02_0046_0010" 5510
"/Engine/EngineMaterials/Substrate/GLints/dict_16_192_64_0p5_0p02_0046_0011" 5511
"/Engine/EngineMaterials/Substrate/GLints/dict_16_192_64_0p5_0p02_0046_0012" 5512
"/Engine/EngineMaterials/Substrate/GLints/dict_16_192_64_0p5_0p02_0046_0013" 5513
"/Engine/EngineMaterials/Substrate/GLints/dict_16_192_64_0p5_0p02_0046_0014" 5514
"/Engine/EngineMaterials/Substrate/GLints/dict_16_192_64_0p5_0p02_0046_0015" 5515
"../../../Engine/Content/EngineMaterials/Substrate/GLints/dict_16_192_64_0p5_0p02_0044_0015.uasset" 5516
"../../../Engine/Content/EngineMaterials/Substrate/GLints/dict_16_192_64_0p5_0p02_0044_0014.uasset" 5517
"/Engine/EngineMaterials/Substrate/GLints/dict_16_192_64_0p5_0p02_0045_0000" 5518
"../../../Engine/Content/EngineMaterials/Substrate/GLints/dict_16_192_64_0p5_0p02_0044_0013.uasset" 5519
"../../../Engine/Content/EngineMaterials/Substrate/GLints/dict_16_192_64_0p5_0p02_0044_0012.uasset" 5520
"../../../Engine/Content/EngineMaterials/Substrate/GLints/dict_16_192_64_0p5_0p02_0044_0011.uasset" 5521
"/Engine/EngineMaterials/Substrate/GLints/dict_16_192_64_0p5_0p02_0045_0001" 5522
"../../../Engine/Content/EngineMaterials/Substrate/GLints/dict_16_192_64_0p5_0p02_0044_0010.uasset" 5523
"/Engine/EngineMaterials/Substrate/GLints/dict_16_192_64_0p5_0p02_0045_0002" 5524
"../../../Engine/Content/EngineMaterials/Substrate/GLints/dict_16_192_64_0p5_0p02_0044_0009.uasset" 5525
"../../../Engine/Content/EngineMaterials/Substrate/GLints/dict_16_192_64_0p5_0p02_0044_0008.uasset" 5526
"../../../Engine/Content/EngineMaterials/Substrate/GLints/dict_16_192_64_0p5_0p02_0044_0007.uasset" 5527
"/Engine/EngineMaterials/Substrate/GLints/dict_16_192_64_0p5_0p02_0045_0003" 5528
"../../../Engine/Content/EngineMaterials/Substrate/GLints/dict_16_192_64_0p5_0p02_0044_0006.uasset" 5529
"../../../Engine/Content/EngineMaterials/Substrate/GLints/dict_16_192_64_0p5_0p02_0044_0005.uasset" 5530
"/Engine/EngineMaterials/Substrate/GLints/dict_16_192_64_0p5_0p02_0045_0004" 5531
"../../../Engine/Content/EngineMaterials/Substrate/GLints/dict_16_192_64_0p5_0p02_0044_0004.uasset" 5532
"../../../Engine/Content/EngineMaterials/Substrate/GLints/dict_16_192_64_0p5_0p02_0044_0003.uasset" 5533
"/Engine/EngineMaterials/Substrate/GLints/dict_16_192_64_0p5_0p02_0045_0005" 5534
"/Engine/EngineMaterials/Substrate/GLints/dict_16_192_64_0p5_0p02_0045_0006" 5535
"../../../Engine/Content/EngineMaterials/Substrate/GLints/dict_16_192_64_0p5_0p02_0044_0002.uasset" 5536
"../../../Engine/Content/EngineMaterials/Substrate/GLints/dict_16_192_64_0p5_0p02_0044_0001.uasset" 5537
"/Engine/EngineMaterials/Substrate/GLints/dict_16_192_64_0p5_0p02_0045_0007" 5538
"/Engine/EngineMaterials/Substrate/GLints/dict_16_192_64_0p5_0p02_0045_0008" 5539
"/Engine/EngineMaterials/Substrate/GLints/dict_16_192_64_0p5_0p02_0045_0009" 5540
"/Engine/EngineMaterials/Substrate/GLints/dict_16_192_64_0p5_0p02_0045_0010" 5541
"/Engine/EngineMaterials/Substrate/GLints/dict_16_192_64_0p5_0p02_0045_0011" 5542
"/Engine/EngineMaterials/Substrate/GLints/dict_16_192_64_0p5_0p02_0045_0012" 5543
"/Engine/EngineMaterials/Substrate/GLints/dict_16_192_64_0p5_0p02_0045_0013" 5544
"/Engine/EngineMaterials/Substrate/GLints/dict_16_192_64_0p5_0p02_0045_0014" 5545
"/Engine/EngineMaterials/Substrate/GLints/dict_16_192_64_0p5_0p02_0045_0015" 5546
"/Engine/EngineMaterials/Substrate/GLints/dict_16_192_64_0p5_0p02_0046_0000" 5547
"../../../Engine/Content/EngineMaterials/Substrate/GLints/dict_16_192_64_0p5_0p02_0044_0000.uasset" 5548
"../../../Engine/Content/EngineMaterials/Substrate/GLints/dict_16_192_64_0p5_0p02_0043_0015.uasset" 5549
"/Engine/EngineMaterials/Substrate/GLints/dict_16_192_64_0p5_0p02_0044_0001" 5550
"/Engine/EngineMaterials/Substrate/GLints/dict_16_192_64_0p5_0p02_0044_0002" 5551
"../../../Engine/Content/EngineMaterials/Substrate/GLints/dict_16_192_64_0p5_0p02_0043_0014.uasset" 5552
"../../../Engine/Content/EngineMaterials/Substrate/GLints/dict_16_192_64_0p5_0p02_0043_0013.uasset" 5553
"/Engine/EngineMaterials/Substrate/GLints/dict_16_192_64_0p5_0p02_0044_0003" 5554
"../../../Engine/Content/EngineMaterials/Substrate/GLints/dict_16_192_64_0p5_0p02_0043_0012.uasset" 5555
"../../../Engine/Content/EngineMaterials/Substrate/GLints/dict_16_192_64_0p5_0p02_0043_0011.uasset" 5556
"/Engine/EngineMaterials/Substrate/GLints/dict_16_192_64_0p5_0p02_0044_0004" 5557
"../../../Engine/Content/EngineMaterials/Substrate/GLints/dict_16_192_64_0p5_0p02_0043_0010.uasset" 5558
"/Engine/EngineMaterials/Substrate/GLints/dict_16_192_64_0p5_0p02_0044_0005" 5559
"../../../Engine/Content/EngineMaterials/Substrate/GLints/dict_16_192_64_0p5_0p02_0043_0008.uasset" 5560
"../../../Engine/Content/EngineMaterials/Substrate/GLints/dict_16_192_64_0p5_0p02_0043_0009.uasset" 5561
"/Engine/EngineMaterials/Substrate/GLints/dict_16_192_64_0p5_0p02_0044_0006" 5562
"../../../Engine/Content/EngineMaterials/Substrate/GLints/dict_16_192_64_0p5_0p02_0043_0007.uasset" 5563
"/Engine/EngineMaterials/Substrate/GLints/dict_16_192_64_0p5_0p02_0044_0007" 5564
"../../../Engine/Content/EngineMaterials/Substrate/GLints/dict_16_192_64_0p5_0p02_0043_0006.uasset" 5565
"../../../Engine/Content/EngineMaterials/Substrate/GLints/dict_16_192_64_0p5_0p02_0043_0005.uasset" 5566
"../../../Engine/Content/EngineMaterials/Substrate/GLints/dict_16_192_64_0p5_0p02_0043_0004.uasset" 5567
"/Engine/EngineMaterials/Substrate/GLints/dict_16_192_64_0p5_0p02_0044_0008" 5568
"../../../Engine/Content/EngineMaterials/Substrate/GLints/dict_16_192_64_0p5_0p02_0043_0003.uasset" 5569
"../../../Engine/Content/EngineMaterials/Substrate/GLints/dict_16_192_64_0p5_0p02_0043_0002.uasset" 5570
"../../../Engine/Content/EngineMaterials/Substrate/GLints/dict_16_192_64_0p5_0p02_0043_0001.uasset" 5571
"/Engine/EngineMaterials/Substrate/GLints/dict_16_192_64_0p5_0p02_0044_0009" 5572
"../../../Engine/Content/EngineMaterials/Substrate/GLints/dict_16_192_64_0p5_0p02_0043_0000.uasset" 5573
"/Engine/EngineMaterials/Substrate/GLints/dict_16_192_64_0p5_0p02_0044_0010" 5574
"/Engine/EngineMaterials/Substrate/GLints/dict_16_192_64_0p5_0p02_0044_0011" 5575
"/Engine/EngineMaterials/Substrate/GLints/dict_16_192_64_0p5_0p02_0044_0012" 5576
"/Engine/EngineMaterials/Substrate/GLints/dict_16_192_64_0p5_0p02_0044_0013" 5577
"/Engine/EngineMaterials/Substrate/GLints/dict_16_192_64_0p5_0p02_0044_0014" 5578
"/Engine/EngineMaterials/Substrate/GLints/dict_16_192_64_0p5_0p02_0044_0015" 5579
"../../../Engine/Content/EngineMaterials/Substrate/GLints/dict_16_192_64_0p5_0p02_0042_0015.uasset" 5580
"/Engine/EngineMaterials/Substrate/GLints/dict_16_192_64_0p5_0p02_0043_0000" 5581
"../../../Engine/Content/EngineMaterials/Substrate/GLints/dict_16_192_64_0p5_0p02_0042_0014.uasset" 5582
"../../../Engine/Content/EngineMaterials/Substrate/GLints/dict_16_192_64_0p5_0p02_0042_0013.uasset" 5583
"/Engine/EngineMaterials/Substrate/GLints/dict_16_192_64_0p5_0p02_0043_0001" 5584
"../../../Engine/Content/EngineMaterials/Substrate/GLints/dict_16_192_64_0p5_0p02_0042_0012.uasset" 5585
"../../../Engine/Content/EngineMaterials/Substrate/GLints/dict_16_192_64_0p5_0p02_0042_0011.uasset" 5586
"/Engine/EngineMaterials/Substrate/GLints/dict_16_192_64_0p5_0p02_0043_0002" 5587
"../../../Engine/Content/EngineMaterials/Substrate/GLints/dict_16_192_64_0p5_0p02_0042_0010.uasset" 5588
"../../../Engine/Content/EngineMaterials/Substrate/GLints/dict_16_192_64_0p5_0p02_0042_0009.uasset" 5589
"/Engine/EngineMaterials/Substrate/GLints/dict_16_192_64_0p5_0p02_0043_0003" 5590
"../../../Engine/Content/EngineMaterials/Substrate/GLints/dict_16_192_64_0p5_0p02_0042_0008.uasset" 5591
"/Engine/EngineMaterials/Substrate/GLints/dict_16_192_64_0p5_0p02_0043_0004" 5592
"../../../Engine/Content/EngineMaterials/Substrate/GLints/dict_16_192_64_0p5_0p02_0042_0007.uasset" 5593
"/Engine/EngineMaterials/Substrate/GLints/dict_16_192_64_0p5_0p02_0043_0005" 5594
"../../../Engine/Content/EngineMaterials/Substrate/GLints/dict_16_192_64_0p5_0p02_0042_0006.uasset" 5595
"../../../Engine/Content/EngineMaterials/Substrate/GLints/dict_16_192_64_0p5_0p02_0042_0005.uasset" 5596
"/Engine/EngineMaterials/Substrate/GLints/dict_16_192_64_0p5_0p02_0043_0006" 5597
"../../../Engine/Content/EngineMaterials/Substrate/GLints/dict_16_192_64_0p5_0p02_0042_0004.uasset" 5598
"/Engine/EngineMaterials/Substrate/GLints/dict_16_192_64_0p5_0p02_0043_0007" 5599
"../../../Engine/Content/EngineMaterials/Substrate/GLints/dict_16_192_64_0p5_0p02_0042_0003.uasset" 5600
"/Engine/EngineMaterials/Substrate/GLints/dict_16_192_64_0p5_0p02_0043_0008" 5601
"../../../Engine/Content/EngineMaterials/Substrate/GLints/dict_16_192_64_0p5_0p02_0042_0002.uasset" 5602
"../../../Engine/Content/EngineMaterials/Substrate/GLints/dict_16_192_64_0p5_0p02_0042_0001.uasset" 5603
"/Engine/EngineMaterials/Substrate/GLints/dict_16_192_64_0p5_0p02_0043_0009" 5604
"/Engine/EngineMaterials/Substrate/GLints/dict_16_192_64_0p5_0p02_0043_0010" 5605
"/Engine/EngineMaterials/Substrate/GLints/dict_16_192_64_0p5_0p02_0043_0011" 5606
"/Engine/EngineMaterials/Substrate/GLints/dict_16_192_64_0p5_0p02_0043_0012" 5607
"/Engine/EngineMaterials/Substrate/GLints/dict_16_192_64_0p5_0p02_0043_0013" 5608
"/Engine/EngineMaterials/Substrate/GLints/dict_16_192_64_0p5_0p02_0043_0014" 5609
"/Engine/EngineMaterials/Substrate/GLints/dict_16_192_64_0p5_0p02_0043_0015" 5610
"/Engine/EngineMaterials/Substrate/GLints/dict_16_192_64_0p5_0p02_0044_0000" 5611
"../../../Engine/Content/EngineMaterials/Substrate/GLints/dict_16_192_64_0p5_0p02_0042_0000.uasset" 5612
"../../../Engine/Content/EngineMaterials/Substrate/GLints/dict_16_192_64_0p5_0p02_0041_0015.uasset" 5613
"/Engine/EngineMaterials/Substrate/GLints/dict_16_192_64_0p5_0p02_0042_0001" 5614
"../../../Engine/Content/EngineMaterials/Substrate/GLints/dict_16_192_64_0p5_0p02_0041_0014.uasset" 5615
"../../../Engine/Content/EngineMaterials/Substrate/GLints/dict_16_192_64_0p5_0p02_0041_0013.uasset" 5616
"/Engine/EngineMaterials/Substrate/GLints/dict_16_192_64_0p5_0p02_0042_0002" 5617
"../../../Engine/Content/EngineMaterials/Substrate/GLints/dict_16_192_64_0p5_0p02_0041_0012.uasset" 5618
"/Engine/EngineMaterials/Substrate/GLints/dict_16_192_64_0p5_0p02_0042_0003" 5619
"../../../Engine/Content/EngineMaterials/Substrate/GLints/dict_16_192_64_0p5_0p02_0041_0011.uasset" 5620
"/Engine/EngineMaterials/Substrate/GLints/dict_16_192_64_0p5_0p02_0042_0004" 5621
"../../../Engine/Content/EngineMaterials/Substrate/GLints/dict_16_192_64_0p5_0p02_0041_0010.uasset" 5622
"../../../Engine/Content/EngineMaterials/Substrate/GLints/dict_16_192_64_0p5_0p02_0041_0009.uasset" 5623
"/Engine/EngineMaterials/Substrate/GLints/dict_16_192_64_0p5_0p02_0042_0005" 5624
"../../../Engine/Content/EngineMaterials/Substrate/GLints/dict_16_192_64_0p5_0p02_0041_0008.uasset" 5625
"../../../Engine/Content/EngineMaterials/Substrate/GLints/dict_16_192_64_0p5_0p02_0041_0007.uasset" 5626
"/Engine/EngineMaterials/Substrate/GLints/dict_16_192_64_0p5_0p02_0042_0006" 5627
"/Engine/EngineMaterials/Substrate/GLints/dict_16_192_64_0p5_0p02_0042_0007" 5628
"../../../Engine/Content/EngineMaterials/Substrate/GLints/dict_16_192_64_0p5_0p02_0041_0006.uasset" 5629
"../../../Engine/Content/EngineMaterials/Substrate/GLints/dict_16_192_64_0p5_0p02_0041_0005.uasset" 5630
"/Engine/EngineMaterials/Substrate/GLints/dict_16_192_64_0p5_0p02_0042_0008" 5631
"../../../Engine/Content/EngineMaterials/Substrate/GLints/dict_16_192_64_0p5_0p02_0041_0004.uasset" 5632
"../../../Engine/Content/EngineMaterials/Substrate/GLints/dict_16_192_64_0p5_0p02_0041_0003.uasset" 5633
"/Engine/EngineMaterials/Substrate/GLints/dict_16_192_64_0p5_0p02_0042_0009" 5634
"../../../Engine/Content/EngineMaterials/Substrate/GLints/dict_16_192_64_0p5_0p02_0041_0002.uasset" 5635
"../../../Engine/Content/EngineMaterials/Substrate/GLints/dict_16_192_64_0p5_0p02_0041_0001.uasset" 5636
"/Engine/EngineMaterials/Substrate/GLints/dict_16_192_64_0p5_0p02_0042_0010" 5637
"../../../Engine/Content/EngineMaterials/Substrate/GLints/dict_16_192_64_0p5_0p02_0041_0000.uasset" 5638
"/Engine/EngineMaterials/Substrate/GLints/dict_16_192_64_0p5_0p02_0042_0011" 5639
"/Engine/EngineMaterials/Substrate/GLints/dict_16_192_64_0p5_0p02_0042_0012" 5640
"/Engine/EngineMaterials/Substrate/GLints/dict_16_192_64_0p5_0p02_0042_0013" 5641
"/Engine/EngineMaterials/Substrate/GLints/dict_16_192_64_0p5_0p02_0042_0014" 5642
"/Engine/EngineMaterials/Substrate/GLints/dict_16_192_64_0p5_0p02_0042_0015" 5643
"../../../Engine/Content/EngineMaterials/Substrate/GLints/dict_16_192_64_0p5_0p02_0040_0015.uasset" 5644
"../../../Engine/Content/EngineMaterials/Substrate/GLints/dict_16_192_64_0p5_0p02_0040_0014.uasset" 5645
"/Engine/EngineMaterials/Substrate/GLints/dict_16_192_64_0p5_0p02_0041_0000" 5646
"../../../Engine/Content/EngineMaterials/Substrate/GLints/dict_16_192_64_0p5_0p02_0040_0013.uasset" 5647
"../../../Engine/Content/EngineMaterials/Substrate/GLints/dict_16_192_64_0p5_0p02_0040_0012.uasset" 5648
"../../../Engine/Content/EngineMaterials/Substrate/GLints/dict_16_192_64_0p5_0p02_0040_0011.uasset" 5649
"../../../Engine/Content/EngineMaterials/Substrate/GLints/dict_16_192_64_0p5_0p02_0040_0010.uasset" 5650
"/Engine/EngineMaterials/Substrate/GLints/dict_16_192_64_0p5_0p02_0041_0001" 5651
"../../../Engine/Content/EngineMaterials/Substrate/GLints/dict_16_192_64_0p5_0p02_0040_0009.uasset" 5652
"../../../Engine/Content/EngineMaterials/Substrate/GLints/dict_16_192_64_0p5_0p02_0040_0008.uasset" 5653
"../../../Engine/Content/EngineMaterials/Substrate/GLints/dict_16_192_64_0p5_0p02_0040_0007.uasset" 5654
"../../../Engine/Content/EngineMaterials/Substrate/GLints/dict_16_192_64_0p5_0p02_0040_0006.uasset" 5655
"/Engine/EngineMaterials/Substrate/GLints/dict_16_192_64_0p5_0p02_0041_0002" 5656
"../../../Engine/Content/EngineMaterials/Substrate/GLints/dict_16_192_64_0p5_0p02_0040_0005.uasset" 5657
"../../../Engine/Content/EngineMaterials/Substrate/GLints/dict_16_192_64_0p5_0p02_0040_0003.uasset" 5658
"../../../Engine/Content/EngineMaterials/Substrate/GLints/dict_16_192_64_0p5_0p02_0040_0004.uasset" 5659
"../../../Engine/Content/EngineMaterials/Substrate/GLints/dict_16_192_64_0p5_0p02_0040_0002.uasset" 5660
"/Engine/EngineMaterials/Substrate/GLints/dict_16_192_64_0p5_0p02_0041_0003" 5661
"../../../Engine/Content/EngineMaterials/Substrate/GLints/dict_16_192_64_0p5_0p02_0040_0001.uasset" 5662
"/Engine/EngineMaterials/Substrate/GLints/dict_16_192_64_0p5_0p02_0041_0004" 5663
"/Engine/EngineMaterials/Substrate/GLints/dict_16_192_64_0p5_0p02_0041_0005" 5664
"/Engine/EngineMaterials/Substrate/GLints/dict_16_192_64_0p5_0p02_0041_0006" 5665
"/Engine/EngineMaterials/Substrate/GLints/dict_16_192_64_0p5_0p02_0041_0007" 5666
"/Engine/EngineMaterials/Substrate/GLints/dict_16_192_64_0p5_0p02_0041_0008" 5667
"/Engine/EngineMaterials/Substrate/GLints/dict_16_192_64_0p5_0p02_0041_0009" 5668
"/Engine/EngineMaterials/Substrate/GLints/dict_16_192_64_0p5_0p02_0041_0010" 5669
"/Engine/EngineMaterials/Substrate/GLints/dict_16_192_64_0p5_0p02_0041_0011" 5670
"/Engine/EngineMaterials/Substrate/GLints/dict_16_192_64_0p5_0p02_0041_0012" 5671
"/Engine/EngineMaterials/Substrate/GLints/dict_16_192_64_0p5_0p02_0041_0013" 5672
"/Engine/EngineMaterials/Substrate/GLints/dict_16_192_64_0p5_0p02_0041_0014" 5673
"/Engine/EngineMaterials/Substrate/GLints/dict_16_192_64_0p5_0p02_0041_0015" 5674
"/Engine/EngineMaterials/Substrate/GLints/dict_16_192_64_0p5_0p02_0042_0000" 5675
"../../../Engine/Content/EngineMaterials/Substrate/GLints/dict_16_192_64_0p5_0p02_0040_0000.uasset" 5676
"../../../Engine/Content/EngineMaterials/Substrate/GLints/dict_16_192_64_0p5_0p02_0039_0015.uasset" 5677
"/Engine/EngineMaterials/Substrate/GLints/dict_16_192_64_0p5_0p02_0040_0001" 5678
"../../../Engine/Content/EngineMaterials/Substrate/GLints/dict_16_192_64_0p5_0p02_0039_0014.uasset" 5679
"/Engine/EngineMaterials/Substrate/GLints/dict_16_192_64_0p5_0p02_0040_0002" 5680
"../../../Engine/Content/EngineMaterials/Substrate/GLints/dict_16_192_64_0p5_0p02_0039_0013.uasset" 5681
"../../../Engine/Content/EngineMaterials/Substrate/GLints/dict_16_192_64_0p5_0p02_0039_0012.uasset" 5682
"../../../Engine/Content/EngineMaterials/Substrate/GLints/dict_16_192_64_0p5_0p02_0039_0011.uasset" 5683
"/Engine/EngineMaterials/Substrate/GLints/dict_16_192_64_0p5_0p02_0040_0003" 5684
"../../../Engine/Content/EngineMaterials/Substrate/GLints/dict_16_192_64_0p5_0p02_0039_0010.uasset" 5685
"/Engine/EngineMaterials/Substrate/GLints/dict_16_192_64_0p5_0p02_0040_0004" 5686
"../../../Engine/Content/EngineMaterials/Substrate/GLints/dict_16_192_64_0p5_0p02_0039_0009.uasset" 5687
"../../../Engine/Content/EngineMaterials/Substrate/GLints/dict_16_192_64_0p5_0p02_0039_0008.uasset" 5688
"../../../Engine/Content/EngineMaterials/Substrate/GLints/dict_16_192_64_0p5_0p02_0039_0007.uasset" 5689
"../../../Engine/Content/EngineMaterials/Substrate/GLints/dict_16_192_64_0p5_0p02_0039_0006.uasset" 5690
"/Engine/EngineMaterials/Substrate/GLints/dict_16_192_64_0p5_0p02_0040_0005" 5691
"../../../Engine/Content/EngineMaterials/Substrate/GLints/dict_16_192_64_0p5_0p02_0039_0005.uasset" 5692
"../../../Engine/Content/EngineMaterials/Substrate/GLints/dict_16_192_64_0p5_0p02_0039_0004.uasset" 5693
"../../../Engine/Content/EngineMaterials/Substrate/GLints/dict_16_192_64_0p5_0p02_0039_0003.uasset" 5694
"../../../Engine/Content/EngineMaterials/Substrate/GLints/dict_16_192_64_0p5_0p02_0039_0002.uasset" 5695
"/Engine/EngineMaterials/Substrate/GLints/dict_16_192_64_0p5_0p02_0040_0006" 5696
"../../../Engine/Content/EngineMaterials/Substrate/GLints/dict_16_192_64_0p5_0p02_0039_0001.uasset" 5697
"../../../Engine/Content/EngineMaterials/Substrate/GLints/dict_16_192_64_0p5_0p02_0039_0000.uasset" 5698
"/Engine/EngineMaterials/Substrate/GLints/dict_16_192_64_0p5_0p02_0040_0007" 5699
"/Engine/EngineMaterials/Substrate/GLints/dict_16_192_64_0p5_0p02_0040_0008" 5700
"/Engine/EngineMaterials/Substrate/GLints/dict_16_192_64_0p5_0p02_0040_0009" 5701
"/Engine/EngineMaterials/Substrate/GLints/dict_16_192_64_0p5_0p02_0040_0010" 5702
"/Engine/EngineMaterials/Substrate/GLints/dict_16_192_64_0p5_0p02_0040_0011" 5703
"/Engine/EngineMaterials/Substrate/GLints/dict_16_192_64_0p5_0p02_0040_0012" 5704
"/Engine/EngineMaterials/Substrate/GLints/dict_16_192_64_0p5_0p02_0040_0013" 5705
"/Engine/EngineMaterials/Substrate/GLints/dict_16_192_64_0p5_0p02_0040_0014" 5706
"/Engine/EngineMaterials/Substrate/GLints/dict_16_192_64_0p5_0p02_0040_0015" 5707
"../../../Engine/Content/EngineMaterials/Substrate/GLints/dict_16_192_64_0p5_0p02_0038_0013.uasset" 5708
"../../../Engine/Content/EngineMaterials/Substrate/GLints/dict_16_192_64_0p5_0p02_0038_0015.uasset" 5709
"/Engine/EngineMaterials/Substrate/GLints/dict_16_192_64_0p5_0p02_0039_0000" 5710
"../../../Engine/Content/EngineMaterials/Substrate/GLints/dict_16_192_64_0p5_0p02_0038_0012.uasset" 5711
"/Engine/EngineMaterials/Substrate/GLints/dict_16_192_64_0p5_0p02_0039_0001" 5712
"../../../Engine/Content/EngineMaterials/Substrate/GLints/dict_16_192_64_0p5_0p02_0038_0011.uasset" 5713
"/Engine/EngineMaterials/Substrate/GLints/dict_16_192_64_0p5_0p02_0039_0002" 5714
"../../../Engine/Content/EngineMaterials/Substrate/GLints/dict_16_192_64_0p5_0p02_0038_0010.uasset" 5715
"../../../Engine/Content/EngineMaterials/Substrate/GLints/dict_16_192_64_0p5_0p02_0038_0009.uasset" 5716
"/Engine/EngineMaterials/Substrate/GLints/dict_16_192_64_0p5_0p02_0039_0003" 5717
"../../../Engine/Content/EngineMaterials/Substrate/GLints/dict_16_192_64_0p5_0p02_0038_0008.uasset" 5718
"/Engine/EngineMaterials/Substrate/GLints/dict_16_192_64_0p5_0p02_0039_0004" 5719
"/Engine/EngineMaterials/Substrate/GLints/dict_16_192_64_0p5_0p02_0039_0005" 5720
"../../../Engine/Content/EngineMaterials/Substrate/GLints/dict_16_192_64_0p5_0p02_0038_0007.uasset" 5721
"../../../Engine/Content/EngineMaterials/Substrate/GLints/dict_16_192_64_0p5_0p02_0038_0006.uasset" 5722
"../../../Engine/Content/EngineMaterials/Substrate/GLints/dict_16_192_64_0p5_0p02_0038_0005.uasset" 5723
"/Engine/EngineMaterials/Substrate/GLints/dict_16_192_64_0p5_0p02_0039_0006" 5724
"/Engine/EngineMaterials/Substrate/GLints/dict_16_192_64_0p5_0p02_0039_0007" 5725
"../../../Engine/Content/EngineMaterials/Substrate/GLints/dict_16_192_64_0p5_0p02_0038_0004.uasset" 5726
"../../../Engine/Content/EngineMaterials/Substrate/GLints/dict_16_192_64_0p5_0p02_0038_0003.uasset" 5727
"/Engine/EngineMaterials/Substrate/GLints/dict_16_192_64_0p5_0p02_0039_0008" 5728
"../../../Engine/Content/EngineMaterials/Substrate/GLints/dict_16_192_64_0p5_0p02_0038_0002.uasset" 5729
"/Engine/EngineMaterials/Substrate/GLints/dict_16_192_64_0p5_0p02_0039_0009" 5730
"../../../Engine/Content/EngineMaterials/Substrate/GLints/dict_16_192_64_0p5_0p02_0038_0014.uasset" 5731
"../../../Engine/Content/EngineMaterials/Substrate/GLints/dict_16_192_64_0p5_0p02_0038_0001.uasset" 5732
"/Engine/EngineMaterials/Substrate/GLints/dict_16_192_64_0p5_0p02_0039_0010" 5733
"/Engine/EngineMaterials/Substrate/GLints/dict_16_192_64_0p5_0p02_0039_0011" 5734
"/Engine/EngineMaterials/Substrate/GLints/dict_16_192_64_0p5_0p02_0039_0012" 5735
"/Engine/EngineMaterials/Substrate/GLints/dict_16_192_64_0p5_0p02_0039_0013" 5736
"/Engine/EngineMaterials/Substrate/GLints/dict_16_192_64_0p5_0p02_0039_0014" 5737
"/Engine/EngineMaterials/Substrate/GLints/dict_16_192_64_0p5_0p02_0039_0015" 5738
"/Engine/EngineMaterials/Substrate/GLints/dict_16_192_64_0p5_0p02_0040_0000" 5739
"../../../Engine/Content/EngineMaterials/Substrate/GLints/dict_16_192_64_0p5_0p02_0038_0000.uasset" 5740
"../../../Engine/Content/EngineMaterials/Substrate/GLints/dict_16_192_64_0p5_0p02_0037_0014.uasset" 5741
"/Engine/EngineMaterials/Substrate/GLints/dict_16_192_64_0p5_0p02_0038_0001" 5742
"../../../Engine/Content/EngineMaterials/Substrate/GLints/dict_16_192_64_0p5_0p02_0037_0015.uasset" 5743
"../../../Engine/Content/EngineMaterials/Substrate/GLints/dict_16_192_64_0p5_0p02_0037_0013.uasset" 5744
"../../../Engine/Content/EngineMaterials/Substrate/GLints/dict_16_192_64_0p5_0p02_0037_0012.uasset" 5745
"../../../Engine/Content/EngineMaterials/Substrate/GLints/dict_16_192_64_0p5_0p02_0037_0011.uasset" 5746
"/Engine/EngineMaterials/Substrate/GLints/dict_16_192_64_0p5_0p02_0038_0002" 5747
"../../../Engine/Content/EngineMaterials/Substrate/GLints/dict_16_192_64_0p5_0p02_0037_0010.uasset" 5748
"../../../Engine/Content/EngineMaterials/Substrate/GLints/dict_16_192_64_0p5_0p02_0037_0009.uasset" 5749
"../../../Engine/Content/EngineMaterials/Substrate/GLints/dict_16_192_64_0p5_0p02_0037_0008.uasset" 5750
"../../../Engine/Content/EngineMaterials/Substrate/GLints/dict_16_192_64_0p5_0p02_0037_0007.uasset" 5751
"/Engine/EngineMaterials/Substrate/GLints/dict_16_192_64_0p5_0p02_0038_0003" 5752
"../../../Engine/Content/EngineMaterials/Substrate/GLints/dict_16_192_64_0p5_0p02_0037_0004.uasset" 5753
"../../../Engine/Content/EngineMaterials/Substrate/GLints/dict_16_192_64_0p5_0p02_0037_0006.uasset" 5754
"../../../Engine/Content/EngineMaterials/Substrate/GLints/dict_16_192_64_0p5_0p02_0037_0005.uasset" 5755
"/Engine/EngineMaterials/Substrate/GLints/dict_16_192_64_0p5_0p02_0038_0004" 5756
"../../../Engine/Content/EngineMaterials/Substrate/GLints/dict_16_192_64_0p5_0p02_0037_0003.uasset" 5757
"../../../Engine/Content/EngineMaterials/Substrate/GLints/dict_16_192_64_0p5_0p02_0037_0002.uasset" 5758
"../../../Engine/Content/EngineMaterials/Substrate/GLints/dict_16_192_64_0p5_0p02_0037_0001.uasset" 5759
"../../../Engine/Content/EngineMaterials/Substrate/GLints/dict_16_192_64_0p5_0p02_0037_0000.uasset" 5760
"/Engine/EngineMaterials/Substrate/GLints/dict_16_192_64_0p5_0p02_0038_0005" 5761
"/Engine/EngineMaterials/Substrate/GLints/dict_16_192_64_0p5_0p02_0038_0006" 5762
"/Engine/EngineMaterials/Substrate/GLints/dict_16_192_64_0p5_0p02_0038_0007" 5763
"/Engine/EngineMaterials/Substrate/GLints/dict_16_192_64_0p5_0p02_0038_0008" 5764
"/Engine/EngineMaterials/Substrate/GLints/dict_16_192_64_0p5_0p02_0038_0009" 5765
"/Engine/EngineMaterials/Substrate/GLints/dict_16_192_64_0p5_0p02_0038_0010" 5766
"/Engine/EngineMaterials/Substrate/GLints/dict_16_192_64_0p5_0p02_0038_0011" 5767
"/Engine/EngineMaterials/Substrate/GLints/dict_16_192_64_0p5_0p02_0038_0012" 5768
"/Engine/EngineMaterials/Substrate/GLints/dict_16_192_64_0p5_0p02_0038_0013" 5769
"/Engine/EngineMaterials/Substrate/GLints/dict_16_192_64_0p5_0p02_0038_0014" 5770
"/Engine/EngineMaterials/Substrate/GLints/dict_16_192_64_0p5_0p02_0038_0015" 5771
"../../../Engine/Content/EngineMaterials/Substrate/GLints/dict_16_192_64_0p5_0p02_0036_0014.uasset" 5772
"../../../Engine/Content/EngineMaterials/Substrate/GLints/dict_16_192_64_0p5_0p02_0036_0015.uasset" 5773
"../../../Engine/Content/EngineMaterials/Substrate/GLints/dict_16_192_64_0p5_0p02_0036_0013.uasset" 5774
"../../../Engine/Content/EngineMaterials/Substrate/GLints/dict_16_192_64_0p5_0p02_0036_0012.uasset" 5775
"/Engine/EngineMaterials/Substrate/GLints/dict_16_192_64_0p5_0p02_0037_0000" 5776
"../../../Engine/Content/EngineMaterials/Substrate/GLints/dict_16_192_64_0p5_0p02_0036_0011.uasset" 5777
"../../../Engine/Content/EngineMaterials/Substrate/GLints/dict_16_192_64_0p5_0p02_0036_0009.uasset" 5778
"../../../Engine/Content/EngineMaterials/Substrate/GLints/dict_16_192_64_0p5_0p02_0036_0010.uasset" 5779
"/Engine/EngineMaterials/Substrate/GLints/dict_16_192_64_0p5_0p02_0037_0001" 5780
"../../../Engine/Content/EngineMaterials/Substrate/GLints/dict_16_192_64_0p5_0p02_0036_0008.uasset" 5781
"../../../Engine/Content/EngineMaterials/Substrate/GLints/dict_16_192_64_0p5_0p02_0036_0007.uasset" 5782
"../../../Engine/Content/EngineMaterials/Substrate/GLints/dict_16_192_64_0p5_0p02_0036_0006.uasset" 5783
"/Engine/EngineMaterials/Substrate/GLints/dict_16_192_64_0p5_0p02_0037_0002" 5784
"../../../Engine/Content/EngineMaterials/Substrate/GLints/dict_16_192_64_0p5_0p02_0036_0005.uasset" 5785
"../../../Engine/Content/EngineMaterials/Substrate/GLints/dict_16_192_64_0p5_0p02_0036_0004.uasset" 5786
"../../../Engine/Content/EngineMaterials/Substrate/GLints/dict_16_192_64_0p5_0p02_0036_0002.uasset" 5787
"../../../Engine/Content/EngineMaterials/Substrate/GLints/dict_16_192_64_0p5_0p02_0036_0003.uasset" 5788
"/Engine/EngineMaterials/Substrate/GLints/dict_16_192_64_0p5_0p02_0037_0003" 5789
"../../../Engine/Content/EngineMaterials/Substrate/GLints/dict_16_192_64_0p5_0p02_0036_0001.uasset" 5790
"/Engine/EngineMaterials/Substrate/GLints/dict_16_192_64_0p5_0p02_0037_0004" 5791
"/Engine/EngineMaterials/Substrate/GLints/dict_16_192_64_0p5_0p02_0037_0005" 5792
"/Engine/EngineMaterials/Substrate/GLints/dict_16_192_64_0p5_0p02_0037_0006" 5793
"/Engine/EngineMaterials/Substrate/GLints/dict_16_192_64_0p5_0p02_0037_0007" 5794
"/Engine/EngineMaterials/Substrate/GLints/dict_16_192_64_0p5_0p02_0037_0008" 5795
"/Engine/EngineMaterials/Substrate/GLints/dict_16_192_64_0p5_0p02_0037_0009" 5796
"/Engine/EngineMaterials/Substrate/GLints/dict_16_192_64_0p5_0p02_0037_0010" 5797
"/Engine/EngineMaterials/Substrate/GLints/dict_16_192_64_0p5_0p02_0037_0011" 5798
"/Engine/EngineMaterials/Substrate/GLints/dict_16_192_64_0p5_0p02_0037_0012" 5799
"/Engine/EngineMaterials/Substrate/GLints/dict_16_192_64_0p5_0p02_0037_0013" 5800
"/Engine/EngineMaterials/Substrate/GLints/dict_16_192_64_0p5_0p02_0037_0014" 5801
"/Engine/EngineMaterials/Substrate/GLints/dict_16_192_64_0p5_0p02_0037_0015" 5802
"/Engine/EngineMaterials/Substrate/GLints/dict_16_192_64_0p5_0p02_0038_0000" 5803
"../../../Engine/Content/EngineMaterials/Substrate/GLints/dict_16_192_64_0p5_0p02_0036_0000.uasset" 5804
"../../../Engine/Content/EngineMaterials/Substrate/GLints/dict_16_192_64_0p5_0p02_0035_0015.uasset" 5805
"../../../Engine/Content/EngineMaterials/Substrate/GLints/dict_16_192_64_0p5_0p02_0035_0013.uasset" 5806
"../../../Engine/Content/EngineMaterials/Substrate/GLints/dict_16_192_64_0p5_0p02_0035_0014.uasset" 5807
"../../../Engine/Content/EngineMaterials/Substrate/GLints/dict_16_192_64_0p5_0p02_0035_0012.uasset" 5808
"/Engine/EngineMaterials/Substrate/GLints/dict_16_192_64_0p5_0p02_0036_0001" 5809
"../../../Engine/Content/EngineMaterials/Substrate/GLints/dict_16_192_64_0p5_0p02_0035_0011.uasset" 5810
"../../../Engine/Content/EngineMaterials/Substrate/GLints/dict_16_192_64_0p5_0p02_0035_0010.uasset" 5811
"../../../Engine/Content/EngineMaterials/Substrate/GLints/dict_16_192_64_0p5_0p02_0035_0009.uasset" 5812
"../../../Engine/Content/EngineMaterials/Substrate/GLints/dict_16_192_64_0p5_0p02_0035_0008.uasset" 5813
"/Engine/EngineMaterials/Substrate/GLints/dict_16_192_64_0p5_0p02_0036_0002" 5814
"../../../Engine/Content/EngineMaterials/Substrate/GLints/dict_16_192_64_0p5_0p02_0035_0007.uasset" 5815
"../../../Engine/Content/EngineMaterials/Substrate/GLints/dict_16_192_64_0p5_0p02_0035_0006.uasset" 5816
"../../../Engine/Content/EngineMaterials/Substrate/GLints/dict_16_192_64_0p5_0p02_0035_0004.uasset" 5817
"../../../Engine/Content/EngineMaterials/Substrate/GLints/dict_16_192_64_0p5_0p02_0035_0005.uasset" 5818
"../../../Engine/Content/EngineMaterials/Substrate/GLints/dict_16_192_64_0p5_0p02_0035_0002.uasset" 5819
"/Engine/EngineMaterials/Substrate/GLints/dict_16_192_64_0p5_0p02_0036_0003" 5820
"../../../Engine/Content/EngineMaterials/Substrate/GLints/dict_16_192_64_0p5_0p02_0035_0003.uasset" 5821
"../../../Engine/Content/EngineMaterials/Substrate/GLints/dict_16_192_64_0p5_0p02_0035_0001.uasset" 5822
"../../../Engine/Content/EngineMaterials/Substrate/GLints/dict_16_192_64_0p5_0p02_0035_0000.uasset" 5823
"/Engine/EngineMaterials/Substrate/GLints/dict_16_192_64_0p5_0p02_0036_0004" 5824
"/Engine/EngineMaterials/Substrate/GLints/dict_16_192_64_0p5_0p02_0036_0005" 5825
"/Engine/EngineMaterials/Substrate/GLints/dict_16_192_64_0p5_0p02_0036_0006" 5826
"/Engine/EngineMaterials/Substrate/GLints/dict_16_192_64_0p5_0p02_0036_0007" 5827
"/Engine/EngineMaterials/Substrate/GLints/dict_16_192_64_0p5_0p02_0036_0008" 5828
"/Engine/EngineMaterials/Substrate/GLints/dict_16_192_64_0p5_0p02_0036_0009" 5829
"/Engine/EngineMaterials/Substrate/GLints/dict_16_192_64_0p5_0p02_0036_0010" 5830
"/Engine/EngineMaterials/Substrate/GLints/dict_16_192_64_0p5_0p02_0036_0011" 5831
"/Engine/EngineMaterials/Substrate/GLints/dict_16_192_64_0p5_0p02_0036_0012" 5832
"/Engine/EngineMaterials/Substrate/GLints/dict_16_192_64_0p5_0p02_0036_0013" 5833
"/Engine/EngineMaterials/Substrate/GLints/dict_16_192_64_0p5_0p02_0036_0014" 5834
"/Engine/EngineMaterials/Substrate/GLints/dict_16_192_64_0p5_0p02_0036_0015" 5835
"/Engine/EngineMaterials/Substrate/GLints/dict_16_192_64_0p5_0p02_0035_0000" 5836
"../../../Engine/Content/EngineMaterials/Substrate/GLints/dict_16_192_64_0p5_0p02_0034_0015.uasset" 5837
"../../../Engine/Content/EngineMaterials/Substrate/GLints/dict_16_192_64_0p5_0p02_0034_0014.uasset" 5838
"/Engine/EngineMaterials/Substrate/GLints/dict_16_192_64_0p5_0p02_0035_0001" 5839
"../../../Engine/Content/EngineMaterials/Substrate/GLints/dict_16_192_64_0p5_0p02_0034_0013.uasset" 5840
"../../../Engine/Content/EngineMaterials/Substrate/GLints/dict_16_192_64_0p5_0p02_0034_0012.uasset" 5841
"/Engine/EngineMaterials/Substrate/GLints/dict_16_192_64_0p5_0p02_0035_0002" 5842
"../../../Engine/Content/EngineMaterials/Substrate/GLints/dict_16_192_64_0p5_0p02_0034_0011.uasset" 5843
"../../../Engine/Content/EngineMaterials/Substrate/GLints/dict_16_192_64_0p5_0p02_0034_0010.uasset" 5844
"../../../Engine/Content/EngineMaterials/Substrate/GLints/dict_16_192_64_0p5_0p02_0034_0009.uasset" 5845
"/Engine/EngineMaterials/Substrate/GLints/dict_16_192_64_0p5_0p02_0035_0003" 5846
"../../../Engine/Content/EngineMaterials/Substrate/GLints/dict_16_192_64_0p5_0p02_0034_0008.uasset" 5847
"../../../Engine/Content/EngineMaterials/Substrate/GLints/dict_16_192_64_0p5_0p02_0034_0007.uasset" 5848
"/Engine/EngineMaterials/Substrate/GLints/dict_16_192_64_0p5_0p02_0035_0004" 5849
"../../../Engine/Content/EngineMaterials/Substrate/GLints/dict_16_192_64_0p5_0p02_0034_0006.uasset" 5850
"../../../Engine/Content/EngineMaterials/Substrate/GLints/dict_16_192_64_0p5_0p02_0034_0005.uasset" 5851
"../../../Engine/Content/EngineMaterials/Substrate/GLints/dict_16_192_64_0p5_0p02_0034_0004.uasset" 5852
"../../../Engine/Content/EngineMaterials/Substrate/GLints/dict_16_192_64_0p5_0p02_0034_0003.uasset" 5853
"/Engine/EngineMaterials/Substrate/GLints/dict_16_192_64_0p5_0p02_0035_0005" 5854
"../../../Engine/Content/EngineMaterials/Substrate/GLints/dict_16_192_64_0p5_0p02_0034_0002.uasset" 5855
"../../../Engine/Content/EngineMaterials/Substrate/GLints/dict_16_192_64_0p5_0p02_0034_0001.uasset" 5856
"/Engine/EngineMaterials/Substrate/GLints/dict_16_192_64_0p5_0p02_0035_0006" 5857
"/Engine/EngineMaterials/Substrate/GLints/dict_16_192_64_0p5_0p02_0035_0007" 5858
"/Engine/EngineMaterials/Substrate/GLints/dict_16_192_64_0p5_0p02_0035_0008" 5859
"/Engine/EngineMaterials/Substrate/GLints/dict_16_192_64_0p5_0p02_0035_0009" 5860
"/Engine/EngineMaterials/Substrate/GLints/dict_16_192_64_0p5_0p02_0035_0010" 5861
"/Engine/EngineMaterials/Substrate/GLints/dict_16_192_64_0p5_0p02_0035_0011" 5862
"/Engine/EngineMaterials/Substrate/GLints/dict_16_192_64_0p5_0p02_0035_0012" 5863
"/Engine/EngineMaterials/Substrate/GLints/dict_16_192_64_0p5_0p02_0035_0013" 5864
"/Engine/EngineMaterials/Substrate/GLints/dict_16_192_64_0p5_0p02_0035_0014" 5865
"/Engine/EngineMaterials/Substrate/GLints/dict_16_192_64_0p5_0p02_0035_0015" 5866
"/Engine/EngineMaterials/Substrate/GLints/dict_16_192_64_0p5_0p02_0036_0000" 5867
"../../../Engine/Content/EngineMaterials/Substrate/GLints/dict_16_192_64_0p5_0p02_0033_0015.uasset" 5868
"../../../Engine/Content/EngineMaterials/Substrate/GLints/dict_16_192_64_0p5_0p02_0033_0011.uasset" 5869
"../../../Engine/Content/EngineMaterials/Substrate/GLints/dict_16_192_64_0p5_0p02_0034_0000.uasset" 5870
"../../../Engine/Content/EngineMaterials/Substrate/GLints/dict_16_192_64_0p5_0p02_0033_0012.uasset" 5871
"../../../Engine/Content/EngineMaterials/Substrate/GLints/dict_16_192_64_0p5_0p02_0033_0009.uasset" 5872
"../../../Engine/Content/EngineMaterials/Substrate/GLints/dict_16_192_64_0p5_0p02_0033_0014.uasset" 5873
"../../../Engine/Content/EngineMaterials/Substrate/GLints/dict_16_192_64_0p5_0p02_0033_0013.uasset" 5874
"/Engine/EngineMaterials/Substrate/GLints/dict_16_192_64_0p5_0p02_0034_0001" 5875
"../../../Engine/Content/EngineMaterials/Substrate/GLints/dict_16_192_64_0p5_0p02_0033_0010.uasset" 5876
"../../../Engine/Content/EngineMaterials/Substrate/GLints/dict_16_192_64_0p5_0p02_0033_0008.uasset" 5877
"../../../Engine/Content/EngineMaterials/Substrate/GLints/dict_16_192_64_0p5_0p02_0033_0007.uasset" 5878
"../../../Engine/Content/EngineMaterials/Substrate/GLints/dict_16_192_64_0p5_0p02_0033_0006.uasset" 5879
"../../../Engine/Content/EngineMaterials/Substrate/GLints/dict_16_192_64_0p5_0p02_0033_0005.uasset" 5880
"../../../Engine/Content/EngineMaterials/Substrate/GLints/dict_16_192_64_0p5_0p02_0033_0004.uasset" 5881
"../../../Engine/Content/EngineMaterials/Substrate/GLints/dict_16_192_64_0p5_0p02_0033_0002.uasset" 5882
"../../../Engine/Content/EngineMaterials/Substrate/GLints/dict_16_192_64_0p5_0p02_0033_0001.uasset" 5883
"../../../Engine/Content/EngineMaterials/Substrate/GLints/dict_16_192_64_0p5_0p02_0033_0003.uasset" 5884
"/Engine/EngineMaterials/Substrate/GLints/dict_16_192_64_0p5_0p02_0034_0002" 5885
"../../../Engine/Content/EngineMaterials/Substrate/GLints/dict_16_192_64_0p5_0p02_0033_0000.uasset" 5886
"/Engine/EngineMaterials/Substrate/GLints/dict_16_192_64_0p5_0p02_0034_0003" 5887
"/Engine/EngineMaterials/Substrate/GLints/dict_16_192_64_0p5_0p02_0034_0004" 5888
"/Engine/EngineMaterials/Substrate/GLints/dict_16_192_64_0p5_0p02_0034_0005" 5889
"/Engine/EngineMaterials/Substrate/GLints/dict_16_192_64_0p5_0p02_0034_0006" 5890
"/Engine/EngineMaterials/Substrate/GLints/dict_16_192_64_0p5_0p02_0034_0007" 5891
"/Engine/EngineMaterials/Substrate/GLints/dict_16_192_64_0p5_0p02_0034_0008" 5892
"/Engine/EngineMaterials/Substrate/GLints/dict_16_192_64_0p5_0p02_0034_0009" 5893
"/Engine/EngineMaterials/Substrate/GLints/dict_16_192_64_0p5_0p02_0034_0010" 5894
"/Engine/EngineMaterials/Substrate/GLints/dict_16_192_64_0p5_0p02_0034_0011" 5895
"/Engine/EngineMaterials/Substrate/GLints/dict_16_192_64_0p5_0p02_0034_0012" 5896
"/Engine/EngineMaterials/Substrate/GLints/dict_16_192_64_0p5_0p02_0034_0013" 5897
"/Engine/EngineMaterials/Substrate/GLints/dict_16_192_64_0p5_0p02_0034_0014" 5898
"/Engine/EngineMaterials/Substrate/GLints/dict_16_192_64_0p5_0p02_0034_0015" 5899
"../../../Engine/Content/EngineMaterials/Substrate/GLints/dict_16_192_64_0p5_0p02_0032_0014.uasset" 5900
"../../../Engine/Content/EngineMaterials/Substrate/GLints/dict_16_192_64_0p5_0p02_0032_0012.uasset" 5901
"../../../Engine/Content/EngineMaterials/Substrate/GLints/dict_16_192_64_0p5_0p02_0032_0011.uasset" 5902
"../../../Engine/Content/EngineMaterials/Substrate/GLints/dict_16_192_64_0p5_0p02_0032_0010.uasset" 5903
"../../../Engine/Content/EngineMaterials/Substrate/GLints/dict_16_192_64_0p5_0p02_0032_0013.uasset" 5904
"/Engine/EngineMaterials/Substrate/GLints/dict_16_192_64_0p5_0p02_0033_0000" 5905
"../../../Engine/Content/EngineMaterials/Substrate/GLints/dict_16_192_64_0p5_0p02_0032_0009.uasset" 5906
"../../../Engine/Content/EngineMaterials/Substrate/GLints/dict_16_192_64_0p5_0p02_0032_0008.uasset" 5907
"../../../Engine/Content/EngineMaterials/Substrate/GLints/dict_16_192_64_0p5_0p02_0032_0015.uasset" 5908
"../../../Engine/Content/EngineMaterials/Substrate/GLints/dict_16_192_64_0p5_0p02_0032_0007.uasset" 5909
"/Engine/EngineMaterials/Substrate/GLints/dict_16_192_64_0p5_0p02_0033_0001" 5910
"../../../Engine/Content/EngineMaterials/Substrate/GLints/dict_16_192_64_0p5_0p02_0032_0006.uasset" 5911
"../../../Engine/Content/EngineMaterials/Substrate/GLints/dict_16_192_64_0p5_0p02_0032_0003.uasset" 5912
"../../../Engine/Content/EngineMaterials/Substrate/GLints/dict_16_192_64_0p5_0p02_0032_0005.uasset" 5913
"../../../Engine/Content/EngineMaterials/Substrate/GLints/dict_16_192_64_0p5_0p02_0032_0004.uasset" 5914
"../../../Engine/Content/EngineMaterials/Substrate/GLints/dict_16_192_64_0p5_0p02_0032_0002.uasset" 5915
"../../../Engine/Content/EngineMaterials/Substrate/GLints/dict_16_192_64_0p5_0p02_0032_0001.uasset" 5916
"/Engine/EngineMaterials/Substrate/GLints/dict_16_192_64_0p5_0p02_0033_0002" 5917
"/Engine/EngineMaterials/Substrate/GLints/dict_16_192_64_0p5_0p02_0033_0003" 5918
"/Engine/EngineMaterials/Substrate/GLints/dict_16_192_64_0p5_0p02_0033_0004" 5919
"/Engine/EngineMaterials/Substrate/GLints/dict_16_192_64_0p5_0p02_0033_0005" 5920
"/Engine/EngineMaterials/Substrate/GLints/dict_16_192_64_0p5_0p02_0033_0006" 5921
"/Engine/EngineMaterials/Substrate/GLints/dict_16_192_64_0p5_0p02_0033_0007" 5922
"/Engine/EngineMaterials/Substrate/GLints/dict_16_192_64_0p5_0p02_0033_0008" 5923
"/Engine/EngineMaterials/Substrate/GLints/dict_16_192_64_0p5_0p02_0033_0009" 5924
"/Engine/EngineMaterials/Substrate/GLints/dict_16_192_64_0p5_0p02_0033_0010" 5925
"/Engine/EngineMaterials/Substrate/GLints/dict_16_192_64_0p5_0p02_0033_0011" 5926
"/Engine/EngineMaterials/Substrate/GLints/dict_16_192_64_0p5_0p02_0033_0012" 5927
"/Engine/EngineMaterials/Substrate/GLints/dict_16_192_64_0p5_0p02_0033_0013" 5928
"/Engine/EngineMaterials/Substrate/GLints/dict_16_192_64_0p5_0p02_0033_0014" 5929
"/Engine/EngineMaterials/Substrate/GLints/dict_16_192_64_0p5_0p02_0033_0015" 5930
"/Engine/EngineMaterials/Substrate/GLints/dict_16_192_64_0p5_0p02_0034_0000" 5931
"../../../Engine/Content/EngineMaterials/Substrate/GLints/dict_16_192_64_0p5_0p02_0032_0000.uasset" 5932
"../../../Engine/Content/EngineMaterials/Substrate/GLints/dict_16_192_64_0p5_0p02_0031_0009.uasset" 5933
"../../../Engine/Content/EngineMaterials/Substrate/GLints/dict_16_192_64_0p5_0p02_0031_0014.uasset" 5934
"../../../Engine/Content/EngineMaterials/Substrate/GLints/dict_16_192_64_0p5_0p02_0031_0012.uasset" 5935
"../../../Engine/Content/EngineMaterials/Substrate/GLints/dict_16_192_64_0p5_0p02_0031_0010.uasset" 5936
"../../../Engine/Content/EngineMaterials/Substrate/GLints/dict_16_192_64_0p5_0p02_0031_0013.uasset" 5937
"../../../Engine/Content/EngineMaterials/Substrate/GLints/dict_16_192_64_0p5_0p02_0031_0015.uasset" 5938
"/Engine/EngineMaterials/Substrate/GLints/dict_16_192_64_0p5_0p02_0032_0001" 5939
"../../../Engine/Content/EngineMaterials/Substrate/GLints/dict_16_192_64_0p5_0p02_0031_0011.uasset" 5940
"/Engine/EngineMaterials/Substrate/GLints/dict_16_192_64_0p5_0p02_0032_0002" 5941
"../../../Engine/Content/EngineMaterials/Substrate/GLints/dict_16_192_64_0p5_0p02_0031_0007.uasset" 5942
"../../../Engine/Content/EngineMaterials/Substrate/GLints/dict_16_192_64_0p5_0p02_0031_0008.uasset" 5943
"../../../Engine/Content/EngineMaterials/Substrate/GLints/dict_16_192_64_0p5_0p02_0031_0006.uasset" 5944
"../../../Engine/Content/EngineMaterials/Substrate/GLints/dict_16_192_64_0p5_0p02_0031_0005.uasset" 5945
"../../../Engine/Content/EngineMaterials/Substrate/GLints/dict_16_192_64_0p5_0p02_0031_0004.uasset" 5946
"../../../Engine/Content/EngineMaterials/Substrate/GLints/dict_16_192_64_0p5_0p02_0031_0003.uasset" 5947
"../../../Engine/Content/EngineMaterials/Substrate/GLints/dict_16_192_64_0p5_0p02_0031_0001.uasset" 5948
"../../../Engine/Content/EngineMaterials/Substrate/GLints/dict_16_192_64_0p5_0p02_0031_0002.uasset" 5949
"/Engine/EngineMaterials/Substrate/GLints/dict_16_192_64_0p5_0p02_0032_0003" 5950
"../../../Engine/Content/EngineMaterials/Substrate/GLints/dict_16_192_64_0p5_0p02_0031_0000.uasset" 5951
"/Engine/EngineMaterials/Substrate/GLints/dict_16_192_64_0p5_0p02_0032_0004" 5952
"/Engine/EngineMaterials/Substrate/GLints/dict_16_192_64_0p5_0p02_0032_0005" 5953
"/Engine/EngineMaterials/Substrate/GLints/dict_16_192_64_0p5_0p02_0032_0006" 5954
"/Engine/EngineMaterials/Substrate/GLints/dict_16_192_64_0p5_0p02_0032_0007" 5955
"/Engine/EngineMaterials/Substrate/GLints/dict_16_192_64_0p5_0p02_0032_0008" 5956
"/Engine/EngineMaterials/Substrate/GLints/dict_16_192_64_0p5_0p02_0032_0009" 5957
"/Engine/EngineMaterials/Substrate/GLints/dict_16_192_64_0p5_0p02_0032_0010" 5958
"/Engine/EngineMaterials/Substrate/GLints/dict_16_192_64_0p5_0p02_0032_0011" 5959
"/Engine/EngineMaterials/Substrate/GLints/dict_16_192_64_0p5_0p02_0032_0012" 5960
"/Engine/EngineMaterials/Substrate/GLints/dict_16_192_64_0p5_0p02_0032_0013" 5961
"/Engine/EngineMaterials/Substrate/GLints/dict_16_192_64_0p5_0p02_0032_0014" 5962
"/Engine/EngineMaterials/Substrate/GLints/dict_16_192_64_0p5_0p02_0032_0015" 5963
"../../../Engine/Content/EngineMaterials/Substrate/GLints/dict_16_192_64_0p5_0p02_0030_0015.uasset" 5964
"../../../Engine/Content/EngineMaterials/Substrate/GLints/dict_16_192_64_0p5_0p02_0030_0014.uasset" 5965
"../../../Engine/Content/EngineMaterials/Substrate/GLints/dict_16_192_64_0p5_0p02_0030_0013.uasset" 5966
"../../../Engine/Content/EngineMaterials/Substrate/GLints/dict_16_192_64_0p5_0p02_0030_0008.uasset" 5967
"../../../Engine/Content/EngineMaterials/Substrate/GLints/dict_16_192_64_0p5_0p02_0030_0011.uasset" 5968
"/Engine/EngineMaterials/Substrate/GLints/dict_16_192_64_0p5_0p02_0031_0000" 5969
"../../../Engine/Content/EngineMaterials/Substrate/GLints/dict_16_192_64_0p5_0p02_0030_0010.uasset" 5970
"../../../Engine/Content/EngineMaterials/Substrate/GLints/dict_16_192_64_0p5_0p02_0030_0012.uasset" 5971
"../../../Engine/Content/EngineMaterials/Substrate/GLints/dict_16_192_64_0p5_0p02_0030_0009.uasset" 5972
"../../../Engine/Content/EngineMaterials/Substrate/GLints/dict_16_192_64_0p5_0p02_0030_0007.uasset" 5973
"/Engine/EngineMaterials/Substrate/GLints/dict_16_192_64_0p5_0p02_0031_0001" 5974
"../../../Engine/Content/EngineMaterials/Substrate/GLints/dict_16_192_64_0p5_0p02_0030_0006.uasset" 5975
"../../../Engine/Content/EngineMaterials/Substrate/GLints/dict_16_192_64_0p5_0p02_0030_0005.uasset" 5976
"../../../Engine/Content/EngineMaterials/Substrate/GLints/dict_16_192_64_0p5_0p02_0030_0002.uasset" 5977
"../../../Engine/Content/EngineMaterials/Substrate/GLints/dict_16_192_64_0p5_0p02_0030_0001.uasset" 5978
"../../../Engine/Content/EngineMaterials/Substrate/GLints/dict_16_192_64_0p5_0p02_0030_0003.uasset" 5979
"../../../Engine/Content/EngineMaterials/Substrate/GLints/dict_16_192_64_0p5_0p02_0030_0004.uasset" 5980
"/Engine/EngineMaterials/Substrate/GLints/dict_16_192_64_0p5_0p02_0031_0002" 5981
"/Engine/EngineMaterials/Substrate/GLints/dict_16_192_64_0p5_0p02_0031_0003" 5982
"/Engine/EngineMaterials/Substrate/GLints/dict_16_192_64_0p5_0p02_0031_0004" 5983
"/Engine/EngineMaterials/Substrate/GLints/dict_16_192_64_0p5_0p02_0031_0005" 5984
"/Engine/EngineMaterials/Substrate/GLints/dict_16_192_64_0p5_0p02_0031_0006" 5985
"/Engine/EngineMaterials/Substrate/GLints/dict_16_192_64_0p5_0p02_0031_0007" 5986
"/Engine/EngineMaterials/Substrate/GLints/dict_16_192_64_0p5_0p02_0031_0008" 5987
"/Engine/EngineMaterials/Substrate/GLints/dict_16_192_64_0p5_0p02_0031_0009" 5988
"/Engine/EngineMaterials/Substrate/GLints/dict_16_192_64_0p5_0p02_0031_0010" 5989
"/Engine/EngineMaterials/Substrate/GLints/dict_16_192_64_0p5_0p02_0031_0011" 5990
"/Engine/EngineMaterials/Substrate/GLints/dict_16_192_64_0p5_0p02_0031_0012" 5991
"/Engine/EngineMaterials/Substrate/GLints/dict_16_192_64_0p5_0p02_0031_0013" 5992
"/Engine/EngineMaterials/Substrate/GLints/dict_16_192_64_0p5_0p02_0031_0014" 5993
"/Engine/EngineMaterials/Substrate/GLints/dict_16_192_64_0p5_0p02_0031_0015" 5994
"/Engine/EngineMaterials/Substrate/GLints/dict_16_192_64_0p5_0p02_0032_0000" 5995
"../../../Engine/Content/EngineMaterials/Substrate/GLints/dict_16_192_64_0p5_0p02_0029_0014.uasset" 5996
"../../../Engine/Content/EngineMaterials/Substrate/GLints/dict_16_192_64_0p5_0p02_0029_0013.uasset" 5997
"../../../Engine/Content/EngineMaterials/Substrate/GLints/dict_16_192_64_0p5_0p02_0029_0011.uasset" 5998
"../../../Engine/Content/EngineMaterials/Substrate/GLints/dict_16_192_64_0p5_0p02_0029_0012.uasset" 5999
"../../../Engine/Content/EngineMaterials/Substrate/GLints/dict_16_192_64_0p5_0p02_0029_0009.uasset" 6000
"/Engine/EngineMaterials/Substrate/GLints/dict_16_192_64_0p5_0p02_0030_0001" 6001
"../../../Engine/Content/EngineMaterials/Substrate/GLints/dict_16_192_64_0p5_0p02_0029_0015.uasset" 6002
"../../../Engine/Content/EngineMaterials/Substrate/GLints/dict_16_192_64_0p5_0p02_0029_0010.uasset" 6003
"../../../Engine/Content/EngineMaterials/Substrate/GLints/dict_16_192_64_0p5_0p02_0030_0000.uasset" 6004
"/Engine/EngineMaterials/Substrate/GLints/dict_16_192_64_0p5_0p02_0030_0002" 6005
"/Engine/EngineMaterials/Substrate/GLints/dict_16_192_64_0p5_0p02_0030_0003" 6006
"../../../Engine/Content/EngineMaterials/Substrate/GLints/dict_16_192_64_0p5_0p02_0029_0008.uasset" 6007
"../../../Engine/Content/EngineMaterials/Substrate/GLints/dict_16_192_64_0p5_0p02_0029_0006.uasset" 6008
"../../../Engine/Content/EngineMaterials/Substrate/GLints/dict_16_192_64_0p5_0p02_0029_0007.uasset" 6009
"../../../Engine/Content/EngineMaterials/Substrate/GLints/dict_16_192_64_0p5_0p02_0029_0005.uasset" 6010
"../../../Engine/Content/EngineMaterials/Substrate/GLints/dict_16_192_64_0p5_0p02_0029_0004.uasset" 6011
"../../../Engine/Content/EngineMaterials/Substrate/GLints/dict_16_192_64_0p5_0p02_0029_0003.uasset" 6012
"../../../Engine/Content/EngineMaterials/Substrate/GLints/dict_16_192_64_0p5_0p02_0029_0001.uasset" 6013
"/Engine/EngineMaterials/Substrate/GLints/dict_16_192_64_0p5_0p02_0030_0004" 6014
"../../../Engine/Content/EngineMaterials/Substrate/GLints/dict_16_192_64_0p5_0p02_0029_0002.uasset" 6015
"../../../Engine/Content/EngineMaterials/Substrate/GLints/dict_16_192_64_0p5_0p02_0029_0000.uasset" 6016
"/Engine/EngineMaterials/Substrate/GLints/dict_16_192_64_0p5_0p02_0030_0005" 6017
"/Engine/EngineMaterials/Substrate/GLints/dict_16_192_64_0p5_0p02_0030_0006" 6018
"/Engine/EngineMaterials/Substrate/GLints/dict_16_192_64_0p5_0p02_0030_0007" 6019
"/Engine/EngineMaterials/Substrate/GLints/dict_16_192_64_0p5_0p02_0030_0008" 6020
"/Engine/EngineMaterials/Substrate/GLints/dict_16_192_64_0p5_0p02_0030_0009" 6021
"/Engine/EngineMaterials/Substrate/GLints/dict_16_192_64_0p5_0p02_0030_0010" 6022
"/Engine/EngineMaterials/Substrate/GLints/dict_16_192_64_0p5_0p02_0030_0011" 6023
"/Engine/EngineMaterials/Substrate/GLints/dict_16_192_64_0p5_0p02_0030_0012" 6024
"/Engine/EngineMaterials/Substrate/GLints/dict_16_192_64_0p5_0p02_0030_0013" 6025
"/Engine/EngineMaterials/Substrate/GLints/dict_16_192_64_0p5_0p02_0030_0014" 6026
"/Engine/EngineMaterials/Substrate/GLints/dict_16_192_64_0p5_0p02_0030_0015" 6027
"../../../Engine/Content/EngineMaterials/Substrate/GLints/dict_16_192_64_0p5_0p02_0028_0013.uasset" 6028
"../../../Engine/Content/EngineMaterials/Substrate/GLints/dict_16_192_64_0p5_0p02_0028_0014.uasset" 6029
"../../../Engine/Content/EngineMaterials/Substrate/GLints/dict_16_192_64_0p5_0p02_0028_0015.uasset" 6030
"../../../Engine/Content/EngineMaterials/Substrate/GLints/dict_16_192_64_0p5_0p02_0028_0012.uasset" 6031
"../../../Engine/Content/EngineMaterials/Substrate/GLints/dict_16_192_64_0p5_0p02_0028_0008.uasset" 6032
"../../../Engine/Content/EngineMaterials/Substrate/GLints/dict_16_192_64_0p5_0p02_0028_0009.uasset" 6033
"../../../Engine/Content/EngineMaterials/Substrate/GLints/dict_16_192_64_0p5_0p02_0028_0011.uasset" 6034
"/Engine/EngineMaterials/Substrate/GLints/dict_16_192_64_0p5_0p02_0029_0000" 6035
"../../../Engine/Content/EngineMaterials/Substrate/GLints/dict_16_192_64_0p5_0p02_0028_0010.uasset" 6036
"../../../Engine/Content/EngineMaterials/Substrate/GLints/dict_16_192_64_0p5_0p02_0028_0007.uasset" 6037
"/Engine/EngineMaterials/Substrate/GLints/dict_16_192_64_0p5_0p02_0029_0001" 6038
"../../../Engine/Content/EngineMaterials/Substrate/GLints/dict_16_192_64_0p5_0p02_0028_0001.uasset" 6039
"../../../Engine/Content/EngineMaterials/Substrate/GLints/dict_16_192_64_0p5_0p02_0028_0002.uasset" 6040
"../../../Engine/Content/EngineMaterials/Substrate/GLints/dict_16_192_64_0p5_0p02_0028_0003.uasset" 6041
"../../../Engine/Content/EngineMaterials/Substrate/GLints/dict_16_192_64_0p5_0p02_0028_0006.uasset" 6042
"../../../Engine/Content/EngineMaterials/Substrate/GLints/dict_16_192_64_0p5_0p02_0028_0004.uasset" 6043
"../../../Engine/Content/EngineMaterials/Substrate/GLints/dict_16_192_64_0p5_0p02_0028_0005.uasset" 6044
"/Engine/EngineMaterials/Substrate/GLints/dict_16_192_64_0p5_0p02_0029_0002" 6045
"/Engine/EngineMaterials/Substrate/GLints/dict_16_192_64_0p5_0p02_0029_0003" 6046
"/Engine/EngineMaterials/Substrate/GLints/dict_16_192_64_0p5_0p02_0029_0004" 6047
"/Engine/EngineMaterials/Substrate/GLints/dict_16_192_64_0p5_0p02_0029_0005" 6048
"/Engine/EngineMaterials/Substrate/GLints/dict_16_192_64_0p5_0p02_0029_0006" 6049
"/Engine/EngineMaterials/Substrate/GLints/dict_16_192_64_0p5_0p02_0029_0007" 6050
"/Engine/EngineMaterials/Substrate/GLints/dict_16_192_64_0p5_0p02_0029_0008" 6051
"/Engine/EngineMaterials/Substrate/GLints/dict_16_192_64_0p5_0p02_0029_0009" 6052
"/Engine/EngineMaterials/Substrate/GLints/dict_16_192_64_0p5_0p02_0029_0010" 6053
"/Engine/EngineMaterials/Substrate/GLints/dict_16_192_64_0p5_0p02_0029_0011" 6054
"/Engine/EngineMaterials/Substrate/GLints/dict_16_192_64_0p5_0p02_0029_0012" 6055
"/Engine/EngineMaterials/Substrate/GLints/dict_16_192_64_0p5_0p02_0029_0013" 6056
"/Engine/EngineMaterials/Substrate/GLints/dict_16_192_64_0p5_0p02_0029_0014" 6057
"/Engine/EngineMaterials/Substrate/GLints/dict_16_192_64_0p5_0p02_0029_0015" 6058
"/Engine/EngineMaterials/Substrate/GLints/dict_16_192_64_0p5_0p02_0030_0000" 6059
"../../../Engine/Content/EngineMaterials/Substrate/GLints/dict_16_192_64_0p5_0p02_0028_0000.uasset" 6060
"../../../Engine/Content/EngineMaterials/Substrate/GLints/dict_16_192_64_0p5_0p02_0027_0014.uasset" 6061
"../../../Engine/Content/EngineMaterials/Substrate/GLints/dict_16_192_64_0p5_0p02_0027_0013.uasset" 6062
"../../../Engine/Content/EngineMaterials/Substrate/GLints/dict_16_192_64_0p5_0p02_0027_0012.uasset" 6063
"../../../Engine/Content/EngineMaterials/Substrate/GLints/dict_16_192_64_0p5_0p02_0027_0010.uasset" 6064
"../../../Engine/Content/EngineMaterials/Substrate/GLints/dict_16_192_64_0p5_0p02_0027_0009.uasset" 6065
"/Engine/EngineMaterials/Substrate/GLints/dict_16_192_64_0p5_0p02_0028_0001" 6066
"../../../Engine/Content/EngineMaterials/Substrate/GLints/dict_16_192_64_0p5_0p02_0027_0015.uasset" 6067
"../../../Engine/Content/EngineMaterials/Substrate/GLints/dict_16_192_64_0p5_0p02_0027_0011.uasset" 6068
"../../../Engine/Content/EngineMaterials/Substrate/GLints/dict_16_192_64_0p5_0p02_0027_0008.uasset" 6069
"/Engine/EngineMaterials/Substrate/GLints/dict_16_192_64_0p5_0p02_0028_0002" 6070
"../../../Engine/Content/EngineMaterials/Substrate/GLints/dict_16_192_64_0p5_0p02_0027_0007.uasset" 6071
"../../../Engine/Content/EngineMaterials/Substrate/GLints/dict_16_192_64_0p5_0p02_0027_0004.uasset" 6072
"../../../Engine/Content/EngineMaterials/Substrate/GLints/dict_16_192_64_0p5_0p02_0027_0006.uasset" 6073
"../../../Engine/Content/EngineMaterials/Substrate/GLints/dict_16_192_64_0p5_0p02_0027_0005.uasset" 6074
"../../../Engine/Content/EngineMaterials/Substrate/GLints/dict_16_192_64_0p5_0p02_0027_0003.uasset" 6075
"../../../Engine/Content/EngineMaterials/Substrate/GLints/dict_16_192_64_0p5_0p02_0027_0001.uasset" 6076
"../../../Engine/Content/EngineMaterials/Substrate/GLints/dict_16_192_64_0p5_0p02_0027_0002.uasset" 6077
"../../../Engine/Content/EngineMaterials/Substrate/GLints/dict_16_192_64_0p5_0p02_0027_0000.uasset" 6078
"/Engine/EngineMaterials/Substrate/GLints/dict_16_192_64_0p5_0p02_0028_0003" 6079
"/Engine/EngineMaterials/Substrate/GLints/dict_16_192_64_0p5_0p02_0028_0004" 6080
"/Engine/EngineMaterials/Substrate/GLints/dict_16_192_64_0p5_0p02_0028_0005" 6081
"/Engine/EngineMaterials/Substrate/GLints/dict_16_192_64_0p5_0p02_0028_0006" 6082
"/Engine/EngineMaterials/Substrate/GLints/dict_16_192_64_0p5_0p02_0028_0007" 6083
"/Engine/EngineMaterials/Substrate/GLints/dict_16_192_64_0p5_0p02_0028_0008" 6084
"/Engine/EngineMaterials/Substrate/GLints/dict_16_192_64_0p5_0p02_0028_0009" 6085
"/Engine/EngineMaterials/Substrate/GLints/dict_16_192_64_0p5_0p02_0028_0010" 6086
"/Engine/EngineMaterials/Substrate/GLints/dict_16_192_64_0p5_0p02_0028_0011" 6087
"/Engine/EngineMaterials/Substrate/GLints/dict_16_192_64_0p5_0p02_0028_0012" 6088
"/Engine/EngineMaterials/Substrate/GLints/dict_16_192_64_0p5_0p02_0028_0013" 6089
"/Engine/EngineMaterials/Substrate/GLints/dict_16_192_64_0p5_0p02_0028_0014" 6090
"/Engine/EngineMaterials/Substrate/GLints/dict_16_192_64_0p5_0p02_0028_0015" 6091
"../../../Engine/Content/EngineMaterials/Substrate/GLints/dict_16_192_64_0p5_0p02_0026_0014.uasset" 6092
"../../../Engine/Content/EngineMaterials/Substrate/GLints/dict_16_192_64_0p5_0p02_0026_0015.uasset" 6093
"../../../Engine/Content/EngineMaterials/Substrate/GLints/dict_16_192_64_0p5_0p02_0026_0011.uasset" 6094
"../../../Engine/Content/EngineMaterials/Substrate/GLints/dict_16_192_64_0p5_0p02_0026_0012.uasset" 6095
"../../../Engine/Content/EngineMaterials/Substrate/GLints/dict_16_192_64_0p5_0p02_0026_0007.uasset" 6096
"../../../Engine/Content/EngineMaterials/Substrate/GLints/dict_16_192_64_0p5_0p02_0026_0010.uasset" 6097
"/Engine/EngineMaterials/Substrate/GLints/dict_16_192_64_0p5_0p02_0027_0000" 6098
"../../../Engine/Content/EngineMaterials/Substrate/GLints/dict_16_192_64_0p5_0p02_0026_0009.uasset" 6099
"../../../Engine/Content/EngineMaterials/Substrate/GLints/dict_16_192_64_0p5_0p02_0026_0008.uasset" 6100
"../../../Engine/Content/EngineMaterials/Substrate/GLints/dict_16_192_64_0p5_0p02_0026_0013.uasset" 6101
"../../../Engine/Content/EngineMaterials/Substrate/GLints/dict_16_192_64_0p5_0p02_0026_0006.uasset" 6102
"../../../Engine/Content/EngineMaterials/Substrate/GLints/dict_16_192_64_0p5_0p02_0026_0004.uasset" 6103
"/Engine/EngineMaterials/Substrate/GLints/dict_16_192_64_0p5_0p02_0027_0001" 6104
"../../../Engine/Content/EngineMaterials/Substrate/GLints/dict_16_192_64_0p5_0p02_0026_0002.uasset" 6105
"../../../Engine/Content/EngineMaterials/Substrate/GLints/dict_16_192_64_0p5_0p02_0026_0003.uasset" 6106
"../../../Engine/Content/EngineMaterials/Substrate/GLints/dict_16_192_64_0p5_0p02_0026_0005.uasset" 6107
"../../../Engine/Content/EngineMaterials/Substrate/GLints/dict_16_192_64_0p5_0p02_0026_0001.uasset" 6108
"/Engine/EngineMaterials/Substrate/GLints/dict_16_192_64_0p5_0p02_0027_0002" 6109
"/Engine/EngineMaterials/Substrate/GLints/dict_16_192_64_0p5_0p02_0027_0003" 6110
"/Engine/EngineMaterials/Substrate/GLints/dict_16_192_64_0p5_0p02_0027_0004" 6111
"/Engine/EngineMaterials/Substrate/GLints/dict_16_192_64_0p5_0p02_0027_0005" 6112
"/Engine/EngineMaterials/Substrate/GLints/dict_16_192_64_0p5_0p02_0027_0006" 6113
"/Engine/EngineMaterials/Substrate/GLints/dict_16_192_64_0p5_0p02_0027_0007" 6114
"/Engine/EngineMaterials/Substrate/GLints/dict_16_192_64_0p5_0p02_0027_0008" 6115
"/Engine/EngineMaterials/Substrate/GLints/dict_16_192_64_0p5_0p02_0027_0009" 6116
"/Engine/EngineMaterials/Substrate/GLints/dict_16_192_64_0p5_0p02_0027_0010" 6117
"/Engine/EngineMaterials/Substrate/GLints/dict_16_192_64_0p5_0p02_0027_0011" 6118
"/Engine/EngineMaterials/Substrate/GLints/dict_16_192_64_0p5_0p02_0027_0012" 6119
"/Engine/EngineMaterials/Substrate/GLints/dict_16_192_64_0p5_0p02_0027_0013" 6120
"/Engine/EngineMaterials/Substrate/GLints/dict_16_192_64_0p5_0p02_0027_0014" 6121
"/Engine/EngineMaterials/Substrate/GLints/dict_16_192_64_0p5_0p02_0027_0015" 6122
"/Engine/EngineMaterials/Substrate/GLints/dict_16_192_64_0p5_0p02_0028_0000" 6123
"../../../Engine/Content/EngineMaterials/Substrate/GLints/dict_16_192_64_0p5_0p02_0026_0000.uasset" 6124
"../../../Engine/Content/EngineMaterials/Substrate/GLints/dict_16_192_64_0p5_0p02_0025_0014.uasset" 6125
"../../../Engine/Content/EngineMaterials/Substrate/GLints/dict_16_192_64_0p5_0p02_0025_0015.uasset" 6126
"../../../Engine/Content/EngineMaterials/Substrate/GLints/dict_16_192_64_0p5_0p02_0025_0013.uasset" 6127
"../../../Engine/Content/EngineMaterials/Substrate/GLints/dict_16_192_64_0p5_0p02_0025_0011.uasset" 6128
"/Engine/EngineMaterials/Substrate/GLints/dict_16_192_64_0p5_0p02_0026_0001" 6129
"../../../Engine/Content/EngineMaterials/Substrate/GLints/dict_16_192_64_0p5_0p02_0025_0012.uasset" 6130
"../../../Engine/Content/EngineMaterials/Substrate/GLints/dict_16_192_64_0p5_0p02_0025_0008.uasset" 6131
"../../../Engine/Content/EngineMaterials/Substrate/GLints/dict_16_192_64_0p5_0p02_0025_0009.uasset" 6132
"../../../Engine/Content/EngineMaterials/Substrate/GLints/dict_16_192_64_0p5_0p02_0025_0010.uasset" 6133
"../../../Engine/Content/EngineMaterials/Substrate/GLints/dict_16_192_64_0p5_0p02_0025_0007.uasset" 6134
"../../../Engine/Content/EngineMaterials/Substrate/GLints/dict_16_192_64_0p5_0p02_0025_0006.uasset" 6135
"/Engine/EngineMaterials/Substrate/GLints/dict_16_192_64_0p5_0p02_0026_0002" 6136
"../../../Engine/Content/EngineMaterials/Substrate/GLints/dict_16_192_64_0p5_0p02_0025_0004.uasset" 6137
"../../../Engine/Content/EngineMaterials/Substrate/GLints/dict_16_192_64_0p5_0p02_0025_0005.uasset" 6138
"../../../Engine/Content/EngineMaterials/Substrate/GLints/dict_16_192_64_0p5_0p02_0025_0002.uasset" 6139
"../../../Engine/Content/EngineMaterials/Substrate/GLints/dict_16_192_64_0p5_0p02_0025_0003.uasset" 6140
"../../../Engine/Content/EngineMaterials/Substrate/GLints/dict_16_192_64_0p5_0p02_0025_0000.uasset" 6141
"../../../Engine/Content/EngineMaterials/Substrate/GLints/dict_16_192_64_0p5_0p02_0025_0001.uasset" 6142
"/Engine/EngineMaterials/Substrate/GLints/dict_16_192_64_0p5_0p02_0026_0003" 6143
"/Engine/EngineMaterials/Substrate/GLints/dict_16_192_64_0p5_0p02_0026_0004" 6144
"/Engine/EngineMaterials/Substrate/GLints/dict_16_192_64_0p5_0p02_0026_0005" 6145
"/Engine/EngineMaterials/Substrate/GLints/dict_16_192_64_0p5_0p02_0026_0006" 6146
"/Engine/EngineMaterials/Substrate/GLints/dict_16_192_64_0p5_0p02_0026_0007" 6147
"/Engine/EngineMaterials/Substrate/GLints/dict_16_192_64_0p5_0p02_0026_0008" 6148
"/Engine/EngineMaterials/Substrate/GLints/dict_16_192_64_0p5_0p02_0026_0009" 6149
"/Engine/EngineMaterials/Substrate/GLints/dict_16_192_64_0p5_0p02_0026_0010" 6150
"/Engine/EngineMaterials/Substrate/GLints/dict_16_192_64_0p5_0p02_0026_0011" 6151
"/Engine/EngineMaterials/Substrate/GLints/dict_16_192_64_0p5_0p02_0026_0012" 6152
"/Engine/EngineMaterials/Substrate/GLints/dict_16_192_64_0p5_0p02_0026_0013" 6153
"/Engine/EngineMaterials/Substrate/GLints/dict_16_192_64_0p5_0p02_0026_0014" 6154
"/Engine/EngineMaterials/Substrate/GLints/dict_16_192_64_0p5_0p02_0026_0015" 6155
"../../../Engine/Content/EngineMaterials/Substrate/GLints/dict_16_192_64_0p5_0p02_0024_0015.uasset" 6156
"../../../Engine/Content/EngineMaterials/Substrate/GLints/dict_16_192_64_0p5_0p02_0024_0014.uasset" 6157
"../../../Engine/Content/EngineMaterials/Substrate/GLints/dict_16_192_64_0p5_0p02_0024_0012.uasset" 6158
"../../../Engine/Content/EngineMaterials/Substrate/GLints/dict_16_192_64_0p5_0p02_0024_0010.uasset" 6159
"../../../Engine/Content/EngineMaterials/Substrate/GLints/dict_16_192_64_0p5_0p02_0024_0008.uasset" 6160
"../../../Engine/Content/EngineMaterials/Substrate/GLints/dict_16_192_64_0p5_0p02_0024_0013.uasset" 6161
"../../../Engine/Content/EngineMaterials/Substrate/GLints/dict_16_192_64_0p5_0p02_0024_0009.uasset" 6162
"/Engine/EngineMaterials/Substrate/GLints/dict_16_192_64_0p5_0p02_0025_0000" 6163
"../../../Engine/Content/EngineMaterials/Substrate/GLints/dict_16_192_64_0p5_0p02_0024_0011.uasset" 6164
"../../../Engine/Content/EngineMaterials/Substrate/GLints/dict_16_192_64_0p5_0p02_0024_0007.uasset" 6165
"../../../Engine/Content/EngineMaterials/Substrate/GLints/dict_16_192_64_0p5_0p02_0024_0006.uasset" 6166
"/Engine/EngineMaterials/Substrate/GLints/dict_16_192_64_0p5_0p02_0025_0001" 6167
"../../../Engine/Content/EngineMaterials/Substrate/GLints/dict_16_192_64_0p5_0p02_0024_0005.uasset" 6168
"../../../Engine/Content/EngineMaterials/Substrate/GLints/dict_16_192_64_0p5_0p02_0024_0003.uasset" 6169
"../../../Engine/Content/EngineMaterials/Substrate/GLints/dict_16_192_64_0p5_0p02_0024_0004.uasset" 6170
"../../../Engine/Content/EngineMaterials/Substrate/GLints/dict_16_192_64_0p5_0p02_0024_0001.uasset" 6171
"../../../Engine/Content/EngineMaterials/Substrate/GLints/dict_16_192_64_0p5_0p02_0024_0002.uasset" 6172
"/Engine/EngineMaterials/Substrate/GLints/dict_16_192_64_0p5_0p02_0025_0002" 6173
"/Engine/EngineMaterials/Substrate/GLints/dict_16_192_64_0p5_0p02_0025_0003" 6174
"/Engine/EngineMaterials/Substrate/GLints/dict_16_192_64_0p5_0p02_0025_0004" 6175
"/Engine/EngineMaterials/Substrate/GLints/dict_16_192_64_0p5_0p02_0025_0005" 6176
"/Engine/EngineMaterials/Substrate/GLints/dict_16_192_64_0p5_0p02_0025_0006" 6177
"/Engine/EngineMaterials/Substrate/GLints/dict_16_192_64_0p5_0p02_0025_0007" 6178
"/Engine/EngineMaterials/Substrate/GLints/dict_16_192_64_0p5_0p02_0025_0008" 6179
"/Engine/EngineMaterials/Substrate/GLints/dict_16_192_64_0p5_0p02_0025_0009" 6180
"/Engine/EngineMaterials/Substrate/GLints/dict_16_192_64_0p5_0p02_0025_0010" 6181
"/Engine/EngineMaterials/Substrate/GLints/dict_16_192_64_0p5_0p02_0025_0011" 6182
"/Engine/EngineMaterials/Substrate/GLints/dict_16_192_64_0p5_0p02_0025_0012" 6183
"/Engine/EngineMaterials/Substrate/GLints/dict_16_192_64_0p5_0p02_0025_0013" 6184
"/Engine/EngineMaterials/Substrate/GLints/dict_16_192_64_0p5_0p02_0025_0014" 6185
"/Engine/EngineMaterials/Substrate/GLints/dict_16_192_64_0p5_0p02_0025_0015" 6186
"/Engine/EngineMaterials/Substrate/GLints/dict_16_192_64_0p5_0p02_0026_0000" 6187
"../../../Engine/Content/EngineMaterials/Substrate/GLints/dict_16_192_64_0p5_0p02_0024_0000.uasset" 6188
"../../../Engine/Content/EngineMaterials/Substrate/GLints/dict_16_192_64_0p5_0p02_0023_0014.uasset" 6189
"../../../Engine/Content/EngineMaterials/Substrate/GLints/dict_16_192_64_0p5_0p02_0023_0008.uasset" 6190
"../../../Engine/Content/EngineMaterials/Substrate/GLints/dict_16_192_64_0p5_0p02_0023_0010.uasset" 6191
"../../../Engine/Content/EngineMaterials/Substrate/GLints/dict_16_192_64_0p5_0p02_0023_0015.uasset" 6192
"../../../Engine/Content/EngineMaterials/Substrate/GLints/dict_16_192_64_0p5_0p02_0023_0012.uasset" 6193
"/Engine/EngineMaterials/Substrate/GLints/dict_16_192_64_0p5_0p02_0024_0001" 6194
"../../../Engine/Content/EngineMaterials/Substrate/GLints/dict_16_192_64_0p5_0p02_0023_0011.uasset" 6195
"../../../Engine/Content/EngineMaterials/Substrate/GLints/dict_16_192_64_0p5_0p02_0023_0013.uasset" 6196
"../../../Engine/Content/EngineMaterials/Substrate/GLints/dict_16_192_64_0p5_0p02_0023_0007.uasset" 6197
"../../../Engine/Content/EngineMaterials/Substrate/GLints/dict_16_192_64_0p5_0p02_0023_0009.uasset" 6198
"/Engine/EngineMaterials/Substrate/GLints/dict_16_192_64_0p5_0p02_0024_0002" 6199
"../../../Engine/Content/EngineMaterials/Substrate/GLints/dict_16_192_64_0p5_0p02_0023_0006.uasset" 6200
"../../../Engine/Content/EngineMaterials/Substrate/GLints/dict_16_192_64_0p5_0p02_0023_0005.uasset" 6201
"../../../Engine/Content/EngineMaterials/Substrate/GLints/dict_16_192_64_0p5_0p02_0023_0004.uasset" 6202
"/Engine/EngineMaterials/Substrate/GLints/dict_16_192_64_0p5_0p02_0024_0003" 6203
"../../../Engine/Content/EngineMaterials/Substrate/GLints/dict_16_192_64_0p5_0p02_0023_0003.uasset" 6204
"../../../Engine/Content/EngineMaterials/Substrate/GLints/dict_16_192_64_0p5_0p02_0023_0002.uasset" 6205
"../../../Engine/Content/EngineMaterials/Substrate/GLints/dict_16_192_64_0p5_0p02_0023_0001.uasset" 6206
"../../../Engine/Content/EngineMaterials/Substrate/GLints/dict_16_192_64_0p5_0p02_0023_0000.uasset" 6207
"/Engine/EngineMaterials/Substrate/GLints/dict_16_192_64_0p5_0p02_0024_0004" 6208
"/Engine/EngineMaterials/Substrate/GLints/dict_16_192_64_0p5_0p02_0024_0005" 6209
"/Engine/EngineMaterials/Substrate/GLints/dict_16_192_64_0p5_0p02_0024_0006" 6210
"/Engine/EngineMaterials/Substrate/GLints/dict_16_192_64_0p5_0p02_0024_0007" 6211
"/Engine/EngineMaterials/Substrate/GLints/dict_16_192_64_0p5_0p02_0024_0008" 6212
"/Engine/EngineMaterials/Substrate/GLints/dict_16_192_64_0p5_0p02_0024_0009" 6213
"/Engine/EngineMaterials/Substrate/GLints/dict_16_192_64_0p5_0p02_0024_0010" 6214
"/Engine/EngineMaterials/Substrate/GLints/dict_16_192_64_0p5_0p02_0024_0011" 6215
"/Engine/EngineMaterials/Substrate/GLints/dict_16_192_64_0p5_0p02_0024_0012" 6216
"/Engine/EngineMaterials/Substrate/GLints/dict_16_192_64_0p5_0p02_0024_0013" 6217
"/Engine/EngineMaterials/Substrate/GLints/dict_16_192_64_0p5_0p02_0024_0014" 6218
"/Engine/EngineMaterials/Substrate/GLints/dict_16_192_64_0p5_0p02_0024_0015" 6219
"../../../Engine/Content/EngineMaterials/Substrate/GLints/dict_16_192_64_0p5_0p02_0022_0014.uasset" 6220
"../../../Engine/Content/EngineMaterials/Substrate/GLints/dict_16_192_64_0p5_0p02_0022_0013.uasset" 6221
"../../../Engine/Content/EngineMaterials/Substrate/GLints/dict_16_192_64_0p5_0p02_0022_0015.uasset" 6222
"../../../Engine/Content/EngineMaterials/Substrate/GLints/dict_16_192_64_0p5_0p02_0022_0009.uasset" 6223
"../../../Engine/Content/EngineMaterials/Substrate/GLints/dict_16_192_64_0p5_0p02_0022_0008.uasset" 6224
"../../../Engine/Content/EngineMaterials/Substrate/GLints/dict_16_192_64_0p5_0p02_0022_0006.uasset" 6225
"../../../Engine/Content/EngineMaterials/Substrate/GLints/dict_16_192_64_0p5_0p02_0022_0011.uasset" 6226
"/Engine/EngineMaterials/Substrate/GLints/dict_16_192_64_0p5_0p02_0023_0000" 6227
"../../../Engine/Content/EngineMaterials/Substrate/GLints/dict_16_192_64_0p5_0p02_0022_0007.uasset" 6228
"../../../Engine/Content/EngineMaterials/Substrate/GLints/dict_16_192_64_0p5_0p02_0022_0012.uasset" 6229
"../../../Engine/Content/EngineMaterials/Substrate/GLints/dict_16_192_64_0p5_0p02_0022_0010.uasset" 6230
"../../../Engine/Content/EngineMaterials/Substrate/GLints/dict_16_192_64_0p5_0p02_0022_0004.uasset" 6231
"../../../Engine/Content/EngineMaterials/Substrate/GLints/dict_16_192_64_0p5_0p02_0022_0005.uasset" 6232
"/Engine/EngineMaterials/Substrate/GLints/dict_16_192_64_0p5_0p02_0023_0001" 6233
"../../../Engine/Content/EngineMaterials/Substrate/GLints/dict_16_192_64_0p5_0p02_0022_0002.uasset" 6234
"../../../Engine/Content/EngineMaterials/Substrate/GLints/dict_16_192_64_0p5_0p02_0022_0003.uasset" 6235
"../../../Engine/Content/EngineMaterials/Substrate/GLints/dict_16_192_64_0p5_0p02_0022_0001.uasset" 6236
"/Engine/EngineMaterials/Substrate/GLints/dict_16_192_64_0p5_0p02_0023_0002" 6237
"/Engine/EngineMaterials/Substrate/GLints/dict_16_192_64_0p5_0p02_0023_0003" 6238
"/Engine/EngineMaterials/Substrate/GLints/dict_16_192_64_0p5_0p02_0023_0004" 6239
"/Engine/EngineMaterials/Substrate/GLints/dict_16_192_64_0p5_0p02_0023_0005" 6240
"/Engine/EngineMaterials/Substrate/GLints/dict_16_192_64_0p5_0p02_0023_0006" 6241
"/Engine/EngineMaterials/Substrate/GLints/dict_16_192_64_0p5_0p02_0023_0007" 6242
"/Engine/EngineMaterials/Substrate/GLints/dict_16_192_64_0p5_0p02_0023_0008" 6243
"/Engine/EngineMaterials/Substrate/GLints/dict_16_192_64_0p5_0p02_0023_0009" 6244
"/Engine/EngineMaterials/Substrate/GLints/dict_16_192_64_0p5_0p02_0023_0010" 6245
"/Engine/EngineMaterials/Substrate/GLints/dict_16_192_64_0p5_0p02_0023_0011" 6246
"/Engine/EngineMaterials/Substrate/GLints/dict_16_192_64_0p5_0p02_0023_0012" 6247
"/Engine/EngineMaterials/Substrate/GLints/dict_16_192_64_0p5_0p02_0023_0013" 6248
"/Engine/EngineMaterials/Substrate/GLints/dict_16_192_64_0p5_0p02_0023_0014" 6249
"/Engine/EngineMaterials/Substrate/GLints/dict_16_192_64_0p5_0p02_0023_0015" 6250
"/Engine/EngineMaterials/Substrate/GLints/dict_16_192_64_0p5_0p02_0024_0000" 6251
"../../../Engine/Content/EngineMaterials/Substrate/GLints/dict_16_192_64_0p5_0p02_0022_0000.uasset" 6252
"../../../Engine/Content/EngineMaterials/Substrate/GLints/dict_16_192_64_0p5_0p02_0021_0015.uasset" 6253
"../../../Engine/Content/EngineMaterials/Substrate/GLints/dict_16_192_64_0p5_0p02_0021_0008.uasset" 6254
"../../../Engine/Content/EngineMaterials/Substrate/GLints/dict_16_192_64_0p5_0p02_0021_0009.uasset" 6255
"../../../Engine/Content/EngineMaterials/Substrate/GLints/dict_16_192_64_0p5_0p02_0021_0007.uasset" 6256
"../../../Engine/Content/EngineMaterials/Substrate/GLints/dict_16_192_64_0p5_0p02_0021_0013.uasset" 6257
"../../../Engine/Content/EngineMaterials/Substrate/GLints/dict_16_192_64_0p5_0p02_0021_0010.uasset" 6258
"../../../Engine/Content/EngineMaterials/Substrate/GLints/dict_16_192_64_0p5_0p02_0021_0014.uasset" 6259
"/Engine/EngineMaterials/Substrate/GLints/dict_16_192_64_0p5_0p02_0022_0001" 6260
"../../../Engine/Content/EngineMaterials/Substrate/GLints/dict_16_192_64_0p5_0p02_0021_0011.uasset" 6261
"../../../Engine/Content/EngineMaterials/Substrate/GLints/dict_16_192_64_0p5_0p02_0021_0012.uasset" 6262
"/Engine/EngineMaterials/Substrate/GLints/dict_16_192_64_0p5_0p02_0022_0002" 6263
"../../../Engine/Content/EngineMaterials/Substrate/GLints/dict_16_192_64_0p5_0p02_0021_0005.uasset" 6264
"../../../Engine/Content/EngineMaterials/Substrate/GLints/dict_16_192_64_0p5_0p02_0021_0004.uasset" 6265
"../../../Engine/Content/EngineMaterials/Substrate/GLints/dict_16_192_64_0p5_0p02_0021_0003.uasset" 6266
"../../../Engine/Content/EngineMaterials/Substrate/GLints/dict_16_192_64_0p5_0p02_0021_0006.uasset" 6267
"/Engine/EngineMaterials/Substrate/GLints/dict_16_192_64_0p5_0p02_0022_0003" 6268
"../../../Engine/Content/EngineMaterials/Substrate/GLints/dict_16_192_64_0p5_0p02_0021_0002.uasset" 6269
"../../../Engine/Content/EngineMaterials/Substrate/GLints/dict_16_192_64_0p5_0p02_0021_0001.uasset" 6270
"../../../Engine/Content/EngineMaterials/Substrate/GLints/dict_16_192_64_0p5_0p02_0021_0000.uasset" 6271
"/Engine/EngineMaterials/Substrate/GLints/dict_16_192_64_0p5_0p02_0022_0004" 6272
"/Engine/EngineMaterials/Substrate/GLints/dict_16_192_64_0p5_0p02_0022_0005" 6273
"/Engine/EngineMaterials/Substrate/GLints/dict_16_192_64_0p5_0p02_0022_0006" 6274
"/Engine/EngineMaterials/Substrate/GLints/dict_16_192_64_0p5_0p02_0022_0007" 6275
"/Engine/EngineMaterials/Substrate/GLints/dict_16_192_64_0p5_0p02_0022_0008" 6276
"/Engine/EngineMaterials/Substrate/GLints/dict_16_192_64_0p5_0p02_0022_0009" 6277
"/Engine/EngineMaterials/Substrate/GLints/dict_16_192_64_0p5_0p02_0022_0010" 6278
"/Engine/EngineMaterials/Substrate/GLints/dict_16_192_64_0p5_0p02_0022_0011" 6279
"/Engine/EngineMaterials/Substrate/GLints/dict_16_192_64_0p5_0p02_0022_0012" 6280
"/Engine/EngineMaterials/Substrate/GLints/dict_16_192_64_0p5_0p02_0022_0013" 6281
"/Engine/EngineMaterials/Substrate/GLints/dict_16_192_64_0p5_0p02_0022_0014" 6282
"/Engine/EngineMaterials/Substrate/GLints/dict_16_192_64_0p5_0p02_0022_0015" 6283
"../../../Engine/Content/EngineMaterials/Substrate/GLints/dict_16_192_64_0p5_0p02_0020_0015.uasset" 6284
"../../../Engine/Content/EngineMaterials/Substrate/GLints/dict_16_192_64_0p5_0p02_0020_0014.uasset" 6285
"../../../Engine/Content/EngineMaterials/Substrate/GLints/dict_16_192_64_0p5_0p02_0020_0012.uasset" 6286
"../../../Engine/Content/EngineMaterials/Substrate/GLints/dict_16_192_64_0p5_0p02_0020_0010.uasset" 6287
"../../../Engine/Content/EngineMaterials/Substrate/GLints/dict_16_192_64_0p5_0p02_0020_0013.uasset" 6288
"../../../Engine/Content/EngineMaterials/Substrate/GLints/dict_16_192_64_0p5_0p02_0020_0007.uasset" 6289
"../../../Engine/Content/EngineMaterials/Substrate/GLints/dict_16_192_64_0p5_0p02_0020_0008.uasset" 6290
"/Engine/EngineMaterials/Substrate/GLints/dict_16_192_64_0p5_0p02_0021_0000" 6291
"../../../Engine/Content/EngineMaterials/Substrate/GLints/dict_16_192_64_0p5_0p02_0020_0006.uasset" 6292
"../../../Engine/Content/EngineMaterials/Substrate/GLints/dict_16_192_64_0p5_0p02_0020_0011.uasset" 6293
"../../../Engine/Content/EngineMaterials/Substrate/GLints/dict_16_192_64_0p5_0p02_0020_0009.uasset" 6294
"../../../Engine/Content/EngineMaterials/Substrate/GLints/dict_16_192_64_0p5_0p02_0020_0005.uasset" 6295
"/Engine/EngineMaterials/Substrate/GLints/dict_16_192_64_0p5_0p02_0021_0001" 6296
"../../../Engine/Content/EngineMaterials/Substrate/GLints/dict_16_192_64_0p5_0p02_0020_0004.uasset" 6297
"../../../Engine/Content/EngineMaterials/Substrate/GLints/dict_16_192_64_0p5_0p02_0020_0002.uasset" 6298
"../../../Engine/Content/EngineMaterials/Substrate/GLints/dict_16_192_64_0p5_0p02_0020_0003.uasset" 6299
"../../../Engine/Content/EngineMaterials/Substrate/GLints/dict_16_192_64_0p5_0p02_0020_0001.uasset" 6300
"/Engine/EngineMaterials/Substrate/GLints/dict_16_192_64_0p5_0p02_0021_0002" 6301
"/Engine/EngineMaterials/Substrate/GLints/dict_16_192_64_0p5_0p02_0021_0003" 6302
"/Engine/EngineMaterials/Substrate/GLints/dict_16_192_64_0p5_0p02_0021_0004" 6303
"/Engine/EngineMaterials/Substrate/GLints/dict_16_192_64_0p5_0p02_0021_0005" 6304
"/Engine/EngineMaterials/Substrate/GLints/dict_16_192_64_0p5_0p02_0021_0006" 6305
"/Engine/EngineMaterials/Substrate/GLints/dict_16_192_64_0p5_0p02_0021_0007" 6306
"/Engine/EngineMaterials/Substrate/GLints/dict_16_192_64_0p5_0p02_0021_0008" 6307
"/Engine/EngineMaterials/Substrate/GLints/dict_16_192_64_0p5_0p02_0021_0009" 6308
"/Engine/EngineMaterials/Substrate/GLints/dict_16_192_64_0p5_0p02_0021_0010" 6309
"/Engine/EngineMaterials/Substrate/GLints/dict_16_192_64_0p5_0p02_0021_0011" 6310
"/Engine/EngineMaterials/Substrate/GLints/dict_16_192_64_0p5_0p02_0021_0012" 6311
"/Engine/EngineMaterials/Substrate/GLints/dict_16_192_64_0p5_0p02_0021_0013" 6312
"/Engine/EngineMaterials/Substrate/GLints/dict_16_192_64_0p5_0p02_0021_0014" 6313
"/Engine/EngineMaterials/Substrate/GLints/dict_16_192_64_0p5_0p02_0021_0015" 6314
"/Engine/EngineMaterials/Substrate/GLints/dict_16_192_64_0p5_0p02_0022_0000" 6315
"../../../Engine/Content/EngineMaterials/Substrate/GLints/dict_16_192_64_0p5_0p02_0020_0000.uasset" 6316
"../../../Engine/Content/EngineMaterials/Substrate/GLints/dict_16_192_64_0p5_0p02_0019_0015.uasset" 6317
"../../../Engine/Content/EngineMaterials/Substrate/GLints/dict_16_192_64_0p5_0p02_0019_0014.uasset" 6318
"../../../Engine/Content/EngineMaterials/Substrate/GLints/dict_16_192_64_0p5_0p02_0019_0011.uasset" 6319
"../../../Engine/Content/EngineMaterials/Substrate/GLints/dict_16_192_64_0p5_0p02_0019_0009.uasset" 6320
"../../../Engine/Content/EngineMaterials/Substrate/GLints/dict_16_192_64_0p5_0p02_0019_0013.uasset" 6321
"../../../Engine/Content/EngineMaterials/Substrate/GLints/dict_16_192_64_0p5_0p02_0019_0010.uasset" 6322
"../../../Engine/Content/EngineMaterials/Substrate/GLints/dict_16_192_64_0p5_0p02_0019_0007.uasset" 6323
"/Engine/EngineMaterials/Substrate/GLints/dict_16_192_64_0p5_0p02_0020_0001" 6324
"../../../Engine/Content/EngineMaterials/Substrate/GLints/dict_16_192_64_0p5_0p02_0019_0008.uasset" 6325
"../../../Engine/Content/EngineMaterials/Substrate/GLints/dict_16_192_64_0p5_0p02_0019_0012.uasset" 6326
"/Engine/EngineMaterials/Substrate/GLints/dict_16_192_64_0p5_0p02_0020_0002" 6327
"../../../Engine/Content/EngineMaterials/Substrate/GLints/dict_16_192_64_0p5_0p02_0019_0005.uasset" 6328
"../../../Engine/Content/EngineMaterials/Substrate/GLints/dict_16_192_64_0p5_0p02_0019_0002.uasset" 6329
"../../../Engine/Content/EngineMaterials/Substrate/GLints/dict_16_192_64_0p5_0p02_0019_0004.uasset" 6330
"../../../Engine/Content/EngineMaterials/Substrate/GLints/dict_16_192_64_0p5_0p02_0019_0001.uasset" 6331
"../../../Engine/Content/EngineMaterials/Substrate/GLints/dict_16_192_64_0p5_0p02_0019_0003.uasset" 6332
"../../../Engine/Content/EngineMaterials/Substrate/GLints/dict_16_192_64_0p5_0p02_0019_0000.uasset" 6333
"../../../Engine/Content/EngineMaterials/Substrate/GLints/dict_16_192_64_0p5_0p02_0019_0006.uasset" 6334
"/Engine/EngineMaterials/Substrate/GLints/dict_16_192_64_0p5_0p02_0020_0003" 6335
"/Engine/EngineMaterials/Substrate/GLints/dict_16_192_64_0p5_0p02_0020_0004" 6336
"/Engine/EngineMaterials/Substrate/GLints/dict_16_192_64_0p5_0p02_0020_0005" 6337
"/Engine/EngineMaterials/Substrate/GLints/dict_16_192_64_0p5_0p02_0020_0006" 6338
"/Engine/EngineMaterials/Substrate/GLints/dict_16_192_64_0p5_0p02_0020_0007" 6339
"/Engine/EngineMaterials/Substrate/GLints/dict_16_192_64_0p5_0p02_0020_0008" 6340
"/Engine/EngineMaterials/Substrate/GLints/dict_16_192_64_0p5_0p02_0020_0009" 6341
"/Engine/EngineMaterials/Substrate/GLints/dict_16_192_64_0p5_0p02_0020_0010" 6342
"/Engine/EngineMaterials/Substrate/GLints/dict_16_192_64_0p5_0p02_0020_0011" 6343
"/Engine/EngineMaterials/Substrate/GLints/dict_16_192_64_0p5_0p02_0020_0012" 6344
"/Engine/EngineMaterials/Substrate/GLints/dict_16_192_64_0p5_0p02_0020_0013" 6345
"/Engine/EngineMaterials/Substrate/GLints/dict_16_192_64_0p5_0p02_0020_0014" 6346
"/Engine/EngineMaterials/Substrate/GLints/dict_16_192_64_0p5_0p02_0020_0015" 6347
"../../../Engine/Content/EngineMaterials/Substrate/GLints/dict_16_192_64_0p5_0p02_0018_0015.uasset" 6348
"../../../Engine/Content/EngineMaterials/Substrate/GLints/dict_16_192_64_0p5_0p02_0018_0014.uasset" 6349
"../../../Engine/Content/EngineMaterials/Substrate/GLints/dict_16_192_64_0p5_0p02_0018_0010.uasset" 6350
"../../../Engine/Content/EngineMaterials/Substrate/GLints/dict_16_192_64_0p5_0p02_0018_0008.uasset" 6351
"../../../Engine/Content/EngineMaterials/Substrate/GLints/dict_16_192_64_0p5_0p02_0018_0011.uasset" 6352
"../../../Engine/Content/EngineMaterials/Substrate/GLints/dict_16_192_64_0p5_0p02_0018_0006.uasset" 6353
"../../../Engine/Content/EngineMaterials/Substrate/GLints/dict_16_192_64_0p5_0p02_0018_0007.uasset" 6354
"../../../Engine/Content/EngineMaterials/Substrate/GLints/dict_16_192_64_0p5_0p02_0018_0012.uasset" 6355
"../../../Engine/Content/EngineMaterials/Substrate/GLints/dict_16_192_64_0p5_0p02_0018_0009.uasset" 6356
"../../../Engine/Content/EngineMaterials/Substrate/GLints/dict_16_192_64_0p5_0p02_0018_0013.uasset" 6357
"/Engine/EngineMaterials/Substrate/GLints/dict_16_192_64_0p5_0p02_0019_0000" 6358
"../../../Engine/Content/EngineMaterials/Substrate/GLints/dict_16_192_64_0p5_0p02_0018_0005.uasset" 6359
"../../../Engine/Content/EngineMaterials/Substrate/GLints/dict_16_192_64_0p5_0p02_0018_0003.uasset" 6360
"../../../Engine/Content/EngineMaterials/Substrate/GLints/dict_16_192_64_0p5_0p02_0018_0004.uasset" 6361
"../../../Engine/Content/EngineMaterials/Substrate/GLints/dict_16_192_64_0p5_0p02_0018_0002.uasset" 6362
"../../../Engine/Content/EngineMaterials/Substrate/GLints/dict_16_192_64_0p5_0p02_0018_0001.uasset" 6363
"/Engine/EngineMaterials/Substrate/GLints/dict_16_192_64_0p5_0p02_0019_0001" 6364
"/Engine/EngineMaterials/Substrate/GLints/dict_16_192_64_0p5_0p02_0019_0002" 6365
"/Engine/EngineMaterials/Substrate/GLints/dict_16_192_64_0p5_0p02_0019_0003" 6366
"/Engine/EngineMaterials/Substrate/GLints/dict_16_192_64_0p5_0p02_0019_0004" 6367
"/Engine/EngineMaterials/Substrate/GLints/dict_16_192_64_0p5_0p02_0019_0005" 6368
"/Engine/EngineMaterials/Substrate/GLints/dict_16_192_64_0p5_0p02_0019_0006" 6369
"/Engine/EngineMaterials/Substrate/GLints/dict_16_192_64_0p5_0p02_0019_0007" 6370
"/Engine/EngineMaterials/Substrate/GLints/dict_16_192_64_0p5_0p02_0019_0008" 6371
"/Engine/EngineMaterials/Substrate/GLints/dict_16_192_64_0p5_0p02_0019_0009" 6372
"/Engine/EngineMaterials/Substrate/GLints/dict_16_192_64_0p5_0p02_0019_0010" 6373
"/Engine/EngineMaterials/Substrate/GLints/dict_16_192_64_0p5_0p02_0019_0011" 6374
"/Engine/EngineMaterials/Substrate/GLints/dict_16_192_64_0p5_0p02_0019_0012" 6375
"/Engine/EngineMaterials/Substrate/GLints/dict_16_192_64_0p5_0p02_0019_0013" 6376
"/Engine/EngineMaterials/Substrate/GLints/dict_16_192_64_0p5_0p02_0019_0014" 6377
"/Engine/EngineMaterials/Substrate/GLints/dict_16_192_64_0p5_0p02_0019_0015" 6378
"/Engine/EngineMaterials/Substrate/GLints/dict_16_192_64_0p5_0p02_0020_0000" 6379
"../../../Engine/Content/EngineMaterials/Substrate/GLints/dict_16_192_64_0p5_0p02_0018_0000.uasset" 6380
"../../../Engine/Content/EngineMaterials/Substrate/GLints/dict_16_192_64_0p5_0p02_0017_0015.uasset" 6381
"../../../Engine/Content/EngineMaterials/Substrate/GLints/dict_16_192_64_0p5_0p02_0017_0014.uasset" 6382
"../../../Engine/Content/EngineMaterials/Substrate/GLints/dict_16_192_64_0p5_0p02_0017_0012.uasset" 6383
"../../../Engine/Content/EngineMaterials/Substrate/GLints/dict_16_192_64_0p5_0p02_0017_0011.uasset" 6384
"../../../Engine/Content/EngineMaterials/Substrate/GLints/dict_16_192_64_0p5_0p02_0017_0010.uasset" 6385
"../../../Engine/Content/EngineMaterials/Substrate/GLints/dict_16_192_64_0p5_0p02_0017_0008.uasset" 6386
"../../../Engine/Content/EngineMaterials/Substrate/GLints/dict_16_192_64_0p5_0p02_0017_0013.uasset" 6387
"/Engine/EngineMaterials/Substrate/GLints/dict_16_192_64_0p5_0p02_0018_0001" 6388
"../../../Engine/Content/EngineMaterials/Substrate/GLints/dict_16_192_64_0p5_0p02_0017_0007.uasset" 6389
"../../../Engine/Content/EngineMaterials/Substrate/GLints/dict_16_192_64_0p5_0p02_0017_0009.uasset" 6390
"/Engine/EngineMaterials/Substrate/GLints/dict_16_192_64_0p5_0p02_0018_0002" 6391
"../../../Engine/Content/EngineMaterials/Substrate/GLints/dict_16_192_64_0p5_0p02_0017_0006.uasset" 6392
"../../../Engine/Content/EngineMaterials/Substrate/GLints/dict_16_192_64_0p5_0p02_0017_0004.uasset" 6393
"../../../Engine/Content/EngineMaterials/Substrate/GLints/dict_16_192_64_0p5_0p02_0017_0005.uasset" 6394
"../../../Engine/Content/EngineMaterials/Substrate/GLints/dict_16_192_64_0p5_0p02_0017_0003.uasset" 6395
"/Engine/EngineMaterials/Substrate/GLints/dict_16_192_64_0p5_0p02_0018_0003" 6396
"../../../Engine/Content/EngineMaterials/Substrate/GLints/dict_16_192_64_0p5_0p02_0017_0002.uasset" 6397
"../../../Engine/Content/EngineMaterials/Substrate/GLints/dict_16_192_64_0p5_0p02_0017_0001.uasset" 6398
"../../../Engine/Content/EngineMaterials/Substrate/GLints/dict_16_192_64_0p5_0p02_0017_0000.uasset" 6399
"/Engine/EngineMaterials/Substrate/GLints/dict_16_192_64_0p5_0p02_0018_0004" 6400
"/Engine/EngineMaterials/Substrate/GLints/dict_16_192_64_0p5_0p02_0018_0005" 6401
"/Engine/EngineMaterials/Substrate/GLints/dict_16_192_64_0p5_0p02_0018_0006" 6402
"/Engine/EngineMaterials/Substrate/GLints/dict_16_192_64_0p5_0p02_0018_0007" 6403
"/Engine/EngineMaterials/Substrate/GLints/dict_16_192_64_0p5_0p02_0018_0008" 6404
"/Engine/EngineMaterials/Substrate/GLints/dict_16_192_64_0p5_0p02_0018_0009" 6405
"/Engine/EngineMaterials/Substrate/GLints/dict_16_192_64_0p5_0p02_0018_0010" 6406
"/Engine/EngineMaterials/Substrate/GLints/dict_16_192_64_0p5_0p02_0018_0011" 6407
"/Engine/EngineMaterials/Substrate/GLints/dict_16_192_64_0p5_0p02_0018_0012" 6408
"/Engine/EngineMaterials/Substrate/GLints/dict_16_192_64_0p5_0p02_0018_0013" 6409
"/Engine/EngineMaterials/Substrate/GLints/dict_16_192_64_0p5_0p02_0018_0014" 6410
"/Engine/EngineMaterials/Substrate/GLints/dict_16_192_64_0p5_0p02_0018_0015" 6411
"../../../Engine/Content/EngineMaterials/Substrate/GLints/dict_16_192_64_0p5_0p02_0016_0015.uasset" 6412
"../../../Engine/Content/EngineMaterials/Substrate/GLints/dict_16_192_64_0p5_0p02_0016_0006.uasset" 6413
"../../../Engine/Content/EngineMaterials/Substrate/GLints/dict_16_192_64_0p5_0p02_0016_0007.uasset" 6414
"../../../Engine/Content/EngineMaterials/Substrate/GLints/dict_16_192_64_0p5_0p02_0016_0010.uasset" 6415
"../../../Engine/Content/EngineMaterials/Substrate/GLints/dict_16_192_64_0p5_0p02_0016_0008.uasset" 6416
"../../../Engine/Content/EngineMaterials/Substrate/GLints/dict_16_192_64_0p5_0p02_0016_0009.uasset" 6417
"../../../Engine/Content/EngineMaterials/Substrate/GLints/dict_16_192_64_0p5_0p02_0016_0014.uasset" 6418
"/Engine/EngineMaterials/Substrate/GLints/dict_16_192_64_0p5_0p02_0017_0000" 6419
"../../../Engine/Content/EngineMaterials/Substrate/GLints/dict_16_192_64_0p5_0p02_0016_0012.uasset" 6420
"../../../Engine/Content/EngineMaterials/Substrate/GLints/dict_16_192_64_0p5_0p02_0016_0013.uasset" 6421
"../../../Engine/Content/EngineMaterials/Substrate/GLints/dict_16_192_64_0p5_0p02_0016_0011.uasset" 6422
"../../../Engine/Content/EngineMaterials/Substrate/GLints/dict_16_192_64_0p5_0p02_0016_0005.uasset" 6423
"../../../Engine/Content/EngineMaterials/Substrate/GLints/dict_16_192_64_0p5_0p02_0016_0004.uasset" 6424
"../../../Engine/Content/EngineMaterials/Substrate/GLints/dict_16_192_64_0p5_0p02_0016_0003.uasset" 6425
"../../../Engine/Content/EngineMaterials/Substrate/GLints/dict_16_192_64_0p5_0p02_0016_0002.uasset" 6426
"/Engine/EngineMaterials/Substrate/GLints/dict_16_192_64_0p5_0p02_0017_0001" 6427
"../../../Engine/Content/EngineMaterials/Substrate/GLints/dict_16_192_64_0p5_0p02_0016_0001.uasset" 6428
"/Engine/EngineMaterials/Substrate/GLints/dict_16_192_64_0p5_0p02_0017_0002" 6429
"/Engine/EngineMaterials/Substrate/GLints/dict_16_192_64_0p5_0p02_0017_0003" 6430
"/Engine/EngineMaterials/Substrate/GLints/dict_16_192_64_0p5_0p02_0017_0004" 6431
"/Engine/EngineMaterials/Substrate/GLints/dict_16_192_64_0p5_0p02_0017_0005" 6432
"/Engine/EngineMaterials/Substrate/GLints/dict_16_192_64_0p5_0p02_0017_0006" 6433
"/Engine/EngineMaterials/Substrate/GLints/dict_16_192_64_0p5_0p02_0017_0007" 6434
"/Engine/EngineMaterials/Substrate/GLints/dict_16_192_64_0p5_0p02_0017_0008" 6435
"/Engine/EngineMaterials/Substrate/GLints/dict_16_192_64_0p5_0p02_0017_0009" 6436
"/Engine/EngineMaterials/Substrate/GLints/dict_16_192_64_0p5_0p02_0017_0010" 6437
"/Engine/EngineMaterials/Substrate/GLints/dict_16_192_64_0p5_0p02_0017_0011" 6438
"/Engine/EngineMaterials/Substrate/GLints/dict_16_192_64_0p5_0p02_0017_0012" 6439
"/Engine/EngineMaterials/Substrate/GLints/dict_16_192_64_0p5_0p02_0017_0013" 6440
"/Engine/EngineMaterials/Substrate/GLints/dict_16_192_64_0p5_0p02_0017_0014" 6441
"/Engine/EngineMaterials/Substrate/GLints/dict_16_192_64_0p5_0p02_0017_0015" 6442
"/Engine/EngineMaterials/Substrate/GLints/dict_16_192_64_0p5_0p02_0018_0000" 6443
"../../../Engine/Content/EngineMaterials/Substrate/GLints/dict_16_192_64_0p5_0p02_0016_0000.uasset" 6444
"../../../Engine/Content/EngineMaterials/Substrate/GLints/dict_16_192_64_0p5_0p02_0015_0015.uasset" 6445
"../../../Engine/Content/EngineMaterials/Substrate/GLints/dict_16_192_64_0p5_0p02_0015_0011.uasset" 6446
"../../../Engine/Content/EngineMaterials/Substrate/GLints/dict_16_192_64_0p5_0p02_0015_0009.uasset" 6447
"../../../Engine/Content/EngineMaterials/Substrate/GLints/dict_16_192_64_0p5_0p02_0015_0010.uasset" 6448
"../../../Engine/Content/EngineMaterials/Substrate/GLints/dict_16_192_64_0p5_0p02_0015_0008.uasset" 6449
"../../../Engine/Content/EngineMaterials/Substrate/GLints/dict_16_192_64_0p5_0p02_0015_0013.uasset" 6450
"/Engine/EngineMaterials/Substrate/GLints/dict_16_192_64_0p5_0p02_0016_0001" 6451
"../../../Engine/Content/EngineMaterials/Substrate/GLints/dict_16_192_64_0p5_0p02_0015_0014.uasset" 6452
"../../../Engine/Content/EngineMaterials/Substrate/GLints/dict_16_192_64_0p5_0p02_0015_0007.uasset" 6453
"../../../Engine/Content/EngineMaterials/Substrate/GLints/dict_16_192_64_0p5_0p02_0015_0012.uasset" 6454
"/Engine/EngineMaterials/Substrate/GLints/dict_16_192_64_0p5_0p02_0016_0002" 6455
"../../../Engine/Content/EngineMaterials/Substrate/GLints/dict_16_192_64_0p5_0p02_0015_0006.uasset" 6456
"../../../Engine/Content/EngineMaterials/Substrate/GLints/dict_16_192_64_0p5_0p02_0015_0005.uasset" 6457
"../../../Engine/Content/EngineMaterials/Substrate/GLints/dict_16_192_64_0p5_0p02_0015_0003.uasset" 6458
"../../../Engine/Content/EngineMaterials/Substrate/GLints/dict_16_192_64_0p5_0p02_0015_0002.uasset" 6459
"../../../Engine/Content/EngineMaterials/Substrate/GLints/dict_16_192_64_0p5_0p02_0015_0001.uasset" 6460
"../../../Engine/Content/EngineMaterials/Substrate/GLints/dict_16_192_64_0p5_0p02_0015_0004.uasset" 6461
"../../../Engine/Content/EngineMaterials/Substrate/GLints/dict_16_192_64_0p5_0p02_0015_0000.uasset" 6462
"/Engine/EngineMaterials/Substrate/GLints/dict_16_192_64_0p5_0p02_0016_0003" 6463
"/Engine/EngineMaterials/Substrate/GLints/dict_16_192_64_0p5_0p02_0016_0004" 6464
"/Engine/EngineMaterials/Substrate/GLints/dict_16_192_64_0p5_0p02_0016_0005" 6465
"/Engine/EngineMaterials/Substrate/GLints/dict_16_192_64_0p5_0p02_0016_0006" 6466
"/Engine/EngineMaterials/Substrate/GLints/dict_16_192_64_0p5_0p02_0016_0007" 6467
"/Engine/EngineMaterials/Substrate/GLints/dict_16_192_64_0p5_0p02_0016_0008" 6468
"/Engine/EngineMaterials/Substrate/GLints/dict_16_192_64_0p5_0p02_0016_0009" 6469
"/Engine/EngineMaterials/Substrate/GLints/dict_16_192_64_0p5_0p02_0016_0010" 6470
"/Engine/EngineMaterials/Substrate/GLints/dict_16_192_64_0p5_0p02_0016_0011" 6471
"/Engine/EngineMaterials/Substrate/GLints/dict_16_192_64_0p5_0p02_0016_0012" 6472
"/Engine/EngineMaterials/Substrate/GLints/dict_16_192_64_0p5_0p02_0016_0013" 6473
"/Engine/EngineMaterials/Substrate/GLints/dict_16_192_64_0p5_0p02_0016_0014" 6474
"/Engine/EngineMaterials/Substrate/GLints/dict_16_192_64_0p5_0p02_0016_0015" 6475
"../../../Engine/Content/EngineMaterials/Substrate/GLints/dict_16_192_64_0p5_0p02_0014_0015.uasset" 6476
"../../../Engine/Content/EngineMaterials/Substrate/GLints/dict_16_192_64_0p5_0p02_0014_0014.uasset" 6477
"../../../Engine/Content/EngineMaterials/Substrate/GLints/dict_16_192_64_0p5_0p02_0014_0011.uasset" 6478
"../../../Engine/Content/EngineMaterials/Substrate/GLints/dict_16_192_64_0p5_0p02_0014_0012.uasset" 6479
"../../../Engine/Content/EngineMaterials/Substrate/GLints/dict_16_192_64_0p5_0p02_0014_0009.uasset" 6480
"../../../Engine/Content/EngineMaterials/Substrate/GLints/dict_16_192_64_0p5_0p02_0014_0008.uasset" 6481
"/Engine/EngineMaterials/Substrate/GLints/dict_16_192_64_0p5_0p02_0015_0000" 6482
"../../../Engine/Content/EngineMaterials/Substrate/GLints/dict_16_192_64_0p5_0p02_0014_0013.uasset" 6483
"../../../Engine/Content/EngineMaterials/Substrate/GLints/dict_16_192_64_0p5_0p02_0014_0010.uasset" 6484
"../../../Engine/Content/EngineMaterials/Substrate/GLints/dict_16_192_64_0p5_0p02_0014_0006.uasset" 6485
"../../../Engine/Content/EngineMaterials/Substrate/GLints/dict_16_192_64_0p5_0p02_0014_0007.uasset" 6486
"../../../Engine/Content/EngineMaterials/Substrate/GLints/dict_16_192_64_0p5_0p02_0014_0005.uasset" 6487
"../../../Engine/Content/EngineMaterials/Substrate/GLints/dict_16_192_64_0p5_0p02_0014_0004.uasset" 6488
"../../../Engine/Content/EngineMaterials/Substrate/GLints/dict_16_192_64_0p5_0p02_0014_0003.uasset" 6489
"/Engine/EngineMaterials/Substrate/GLints/dict_16_192_64_0p5_0p02_0015_0001" 6490
"../../../Engine/Content/EngineMaterials/Substrate/GLints/dict_16_192_64_0p5_0p02_0014_0002.uasset" 6491
"../../../Engine/Content/EngineMaterials/Substrate/GLints/dict_16_192_64_0p5_0p02_0014_0001.uasset" 6492
"/Engine/EngineMaterials/Substrate/GLints/dict_16_192_64_0p5_0p02_0015_0002" 6493
"/Engine/EngineMaterials/Substrate/GLints/dict_16_192_64_0p5_0p02_0015_0003" 6494
"/Engine/EngineMaterials/Substrate/GLints/dict_16_192_64_0p5_0p02_0015_0004" 6495
"/Engine/EngineMaterials/Substrate/GLints/dict_16_192_64_0p5_0p02_0015_0005" 6496
"/Engine/EngineMaterials/Substrate/GLints/dict_16_192_64_0p5_0p02_0015_0006" 6497
"/Engine/EngineMaterials/Substrate/GLints/dict_16_192_64_0p5_0p02_0015_0007" 6498
"/Engine/EngineMaterials/Substrate/GLints/dict_16_192_64_0p5_0p02_0015_0008" 6499
"/Engine/EngineMaterials/Substrate/GLints/dict_16_192_64_0p5_0p02_0015_0009" 6500
"/Engine/EngineMaterials/Substrate/GLints/dict_16_192_64_0p5_0p02_0015_0010" 6501
"/Engine/EngineMaterials/Substrate/GLints/dict_16_192_64_0p5_0p02_0015_0011" 6502
"/Engine/EngineMaterials/Substrate/GLints/dict_16_192_64_0p5_0p02_0015_0012" 6503
"/Engine/EngineMaterials/Substrate/GLints/dict_16_192_64_0p5_0p02_0015_0013" 6504
"/Engine/EngineMaterials/Substrate/GLints/dict_16_192_64_0p5_0p02_0015_0014" 6505
"/Engine/EngineMaterials/Substrate/GLints/dict_16_192_64_0p5_0p02_0015_0015" 6506
"/Engine/EngineMaterials/Substrate/GLints/dict_16_192_64_0p5_0p02_0016_0000" 6507
"../../../Engine/Content/EngineMaterials/Substrate/GLints/dict_16_192_64_0p5_0p02_0014_0000.uasset" 6508
"../../../Engine/Content/EngineMaterials/Substrate/GLints/dict_16_192_64_0p5_0p02_0013_0015.uasset" 6509
"../../../Engine/Content/EngineMaterials/Substrate/GLints/dict_16_192_64_0p5_0p02_0013_0013.uasset" 6510
"../../../Engine/Content/EngineMaterials/Substrate/GLints/dict_16_192_64_0p5_0p02_0013_0008.uasset" 6511
"../../../Engine/Content/EngineMaterials/Substrate/GLints/dict_16_192_64_0p5_0p02_0013_0011.uasset" 6512
"/Engine/EngineMaterials/Substrate/GLints/dict_16_192_64_0p5_0p02_0014_0001" 6513
"../../../Engine/Content/EngineMaterials/Substrate/GLints/dict_16_192_64_0p5_0p02_0013_0007.uasset" 6514
"../../../Engine/Content/EngineMaterials/Substrate/GLints/dict_16_192_64_0p5_0p02_0013_0012.uasset" 6515
"../../../Engine/Content/EngineMaterials/Substrate/GLints/dict_16_192_64_0p5_0p02_0013_0009.uasset" 6516
"../../../Engine/Content/EngineMaterials/Substrate/GLints/dict_16_192_64_0p5_0p02_0013_0014.uasset" 6517
"../../../Engine/Content/EngineMaterials/Substrate/GLints/dict_16_192_64_0p5_0p02_0013_0010.uasset" 6518
"../../../Engine/Content/EngineMaterials/Substrate/GLints/dict_16_192_64_0p5_0p02_0013_0006.uasset" 6519
"/Engine/EngineMaterials/Substrate/GLints/dict_16_192_64_0p5_0p02_0014_0002" 6520
"../../../Engine/Content/EngineMaterials/Substrate/GLints/dict_16_192_64_0p5_0p02_0013_0002.uasset" 6521
"../../../Engine/Content/EngineMaterials/Substrate/GLints/dict_16_192_64_0p5_0p02_0013_0004.uasset" 6522
"../../../Engine/Content/EngineMaterials/Substrate/GLints/dict_16_192_64_0p5_0p02_0013_0005.uasset" 6523
"../../../Engine/Content/EngineMaterials/Substrate/GLints/dict_16_192_64_0p5_0p02_0013_0003.uasset" 6524
"../../../Engine/Content/EngineMaterials/Substrate/GLints/dict_16_192_64_0p5_0p02_0013_0000.uasset" 6525
"../../../Engine/Content/EngineMaterials/Substrate/GLints/dict_16_192_64_0p5_0p02_0013_0001.uasset" 6526
"/Engine/EngineMaterials/Substrate/GLints/dict_16_192_64_0p5_0p02_0014_0003" 6527
"/Engine/EngineMaterials/Substrate/GLints/dict_16_192_64_0p5_0p02_0014_0004" 6528
"/Engine/EngineMaterials/Substrate/GLints/dict_16_192_64_0p5_0p02_0014_0005" 6529
"/Engine/EngineMaterials/Substrate/GLints/dict_16_192_64_0p5_0p02_0014_0006" 6530
"/Engine/EngineMaterials/Substrate/GLints/dict_16_192_64_0p5_0p02_0014_0007" 6531
"/Engine/EngineMaterials/Substrate/GLints/dict_16_192_64_0p5_0p02_0014_0008" 6532
"/Engine/EngineMaterials/Substrate/GLints/dict_16_192_64_0p5_0p02_0014_0009" 6533
"/Engine/EngineMaterials/Substrate/GLints/dict_16_192_64_0p5_0p02_0014_0010" 6534
"/Engine/EngineMaterials/Substrate/GLints/dict_16_192_64_0p5_0p02_0014_0011" 6535
"/Engine/EngineMaterials/Substrate/GLints/dict_16_192_64_0p5_0p02_0014_0012" 6536
"/Engine/EngineMaterials/Substrate/GLints/dict_16_192_64_0p5_0p02_0014_0013" 6537
"/Engine/EngineMaterials/Substrate/GLints/dict_16_192_64_0p5_0p02_0014_0014" 6538
"/Engine/EngineMaterials/Substrate/GLints/dict_16_192_64_0p5_0p02_0014_0015" 6539
"../../../Engine/Content/EngineMaterials/Substrate/GLints/dict_16_192_64_0p5_0p02_0012_0015.uasset" 6540
"../../../Engine/Content/EngineMaterials/Substrate/GLints/dict_16_192_64_0p5_0p02_0012_0014.uasset" 6541
"../../../Engine/Content/EngineMaterials/Substrate/GLints/dict_16_192_64_0p5_0p02_0012_0009.uasset" 6542
"../../../Engine/Content/EngineMaterials/Substrate/GLints/dict_16_192_64_0p5_0p02_0012_0006.uasset" 6543
"../../../Engine/Content/EngineMaterials/Substrate/GLints/dict_16_192_64_0p5_0p02_0012_0010.uasset" 6544
"../../../Engine/Content/EngineMaterials/Substrate/GLints/dict_16_192_64_0p5_0p02_0012_0013.uasset" 6545
"../../../Engine/Content/EngineMaterials/Substrate/GLints/dict_16_192_64_0p5_0p02_0012_0007.uasset" 6546
"/Engine/EngineMaterials/Substrate/GLints/dict_16_192_64_0p5_0p02_0013_0000" 6547
"../../../Engine/Content/EngineMaterials/Substrate/GLints/dict_16_192_64_0p5_0p02_0012_0011.uasset" 6548
"../../../Engine/Content/EngineMaterials/Substrate/GLints/dict_16_192_64_0p5_0p02_0012_0008.uasset" 6549
"../../../Engine/Content/EngineMaterials/Substrate/GLints/dict_16_192_64_0p5_0p02_0012_0012.uasset" 6550
"../../../Engine/Content/EngineMaterials/Substrate/GLints/dict_16_192_64_0p5_0p02_0012_0005.uasset" 6551
"../../../Engine/Content/EngineMaterials/Substrate/GLints/dict_16_192_64_0p5_0p02_0012_0004.uasset" 6552
"../../../Engine/Content/EngineMaterials/Substrate/GLints/dict_16_192_64_0p5_0p02_0012_0002.uasset" 6553
"../../../Engine/Content/EngineMaterials/Substrate/GLints/dict_16_192_64_0p5_0p02_0012_0003.uasset" 6554
"../../../Engine/Content/EngineMaterials/Substrate/GLints/dict_16_192_64_0p5_0p02_0012_0001.uasset" 6555
"/Engine/EngineMaterials/Substrate/GLints/dict_16_192_64_0p5_0p02_0013_0001" 6556
"/Engine/EngineMaterials/Substrate/GLints/dict_16_192_64_0p5_0p02_0013_0002" 6557
"/Engine/EngineMaterials/Substrate/GLints/dict_16_192_64_0p5_0p02_0013_0003" 6558
"/Engine/EngineMaterials/Substrate/GLints/dict_16_192_64_0p5_0p02_0013_0004" 6559
"/Engine/EngineMaterials/Substrate/GLints/dict_16_192_64_0p5_0p02_0013_0005" 6560
"/Engine/EngineMaterials/Substrate/GLints/dict_16_192_64_0p5_0p02_0013_0006" 6561
"/Engine/EngineMaterials/Substrate/GLints/dict_16_192_64_0p5_0p02_0013_0007" 6562
"/Engine/EngineMaterials/Substrate/GLints/dict_16_192_64_0p5_0p02_0013_0008" 6563
"/Engine/EngineMaterials/Substrate/GLints/dict_16_192_64_0p5_0p02_0013_0009" 6564
"/Engine/EngineMaterials/Substrate/GLints/dict_16_192_64_0p5_0p02_0013_0010" 6565
"/Engine/EngineMaterials/Substrate/GLints/dict_16_192_64_0p5_0p02_0013_0011" 6566
"/Engine/EngineMaterials/Substrate/GLints/dict_16_192_64_0p5_0p02_0013_0012" 6567
"/Engine/EngineMaterials/Substrate/GLints/dict_16_192_64_0p5_0p02_0013_0013" 6568
"/Engine/EngineMaterials/Substrate/GLints/dict_16_192_64_0p5_0p02_0013_0014" 6569
"/Engine/EngineMaterials/Substrate/GLints/dict_16_192_64_0p5_0p02_0013_0015" 6570
"/Engine/EngineMaterials/Substrate/GLints/dict_16_192_64_0p5_0p02_0014_0000" 6571
"../../../Engine/Content/EngineMaterials/Substrate/GLints/dict_16_192_64_0p5_0p02_0012_0000.uasset" 6572
"../../../Engine/Content/EngineMaterials/Substrate/GLints/dict_16_192_64_0p5_0p02_0011_0009.uasset" 6573
"../../../Engine/Content/EngineMaterials/Substrate/GLints/dict_16_192_64_0p5_0p02_0011_0014.uasset" 6574
"../../../Engine/Content/EngineMaterials/Substrate/GLints/dict_16_192_64_0p5_0p02_0011_0010.uasset" 6575
"../../../Engine/Content/EngineMaterials/Substrate/GLints/dict_16_192_64_0p5_0p02_0011_0013.uasset" 6576
"../../../Engine/Content/EngineMaterials/Substrate/GLints/dict_16_192_64_0p5_0p02_0011_0015.uasset" 6577
"../../../Engine/Content/EngineMaterials/Substrate/GLints/dict_16_192_64_0p5_0p02_0011_0012.uasset" 6578
"/Engine/EngineMaterials/Substrate/GLints/dict_16_192_64_0p5_0p02_0012_0001" 6579
"../../../Engine/Content/EngineMaterials/Substrate/GLints/dict_16_192_64_0p5_0p02_0011_0011.uasset" 6580
"../../../Engine/Content/EngineMaterials/Substrate/GLints/dict_16_192_64_0p5_0p02_0011_0007.uasset" 6581
"../../../Engine/Content/EngineMaterials/Substrate/GLints/dict_16_192_64_0p5_0p02_0011_0008.uasset" 6582
"/Engine/EngineMaterials/Substrate/GLints/dict_16_192_64_0p5_0p02_0012_0002" 6583
"../../../Engine/Content/EngineMaterials/Substrate/GLints/dict_16_192_64_0p5_0p02_0011_0005.uasset" 6584
"../../../Engine/Content/EngineMaterials/Substrate/GLints/dict_16_192_64_0p5_0p02_0011_0006.uasset" 6585
"../../../Engine/Content/EngineMaterials/Substrate/GLints/dict_16_192_64_0p5_0p02_0011_0004.uasset" 6586
"../../../Engine/Content/EngineMaterials/Substrate/GLints/dict_16_192_64_0p5_0p02_0011_0003.uasset" 6587
"../../../Engine/Content/EngineMaterials/Substrate/GLints/dict_16_192_64_0p5_0p02_0011_0002.uasset" 6588
"../../../Engine/Content/EngineMaterials/Substrate/GLints/dict_16_192_64_0p5_0p02_0011_0001.uasset" 6589
"../../../Engine/Content/EngineMaterials/Substrate/GLints/dict_16_192_64_0p5_0p02_0011_0000.uasset" 6590
"/Engine/EngineMaterials/Substrate/GLints/dict_16_192_64_0p5_0p02_0012_0003" 6591
"/Engine/EngineMaterials/Substrate/GLints/dict_16_192_64_0p5_0p02_0012_0004" 6592
"/Engine/EngineMaterials/Substrate/GLints/dict_16_192_64_0p5_0p02_0012_0005" 6593
"/Engine/EngineMaterials/Substrate/GLints/dict_16_192_64_0p5_0p02_0012_0006" 6594
"/Engine/EngineMaterials/Substrate/GLints/dict_16_192_64_0p5_0p02_0012_0007" 6595
"/Engine/EngineMaterials/Substrate/GLints/dict_16_192_64_0p5_0p02_0012_0008" 6596
"/Engine/EngineMaterials/Substrate/GLints/dict_16_192_64_0p5_0p02_0012_0009" 6597
"/Engine/EngineMaterials/Substrate/GLints/dict_16_192_64_0p5_0p02_0012_0010" 6598
"/Engine/EngineMaterials/Substrate/GLints/dict_16_192_64_0p5_0p02_0012_0011" 6599
"/Engine/EngineMaterials/Substrate/GLints/dict_16_192_64_0p5_0p02_0012_0012" 6600
"/Engine/EngineMaterials/Substrate/GLints/dict_16_192_64_0p5_0p02_0012_0013" 6601
"/Engine/EngineMaterials/Substrate/GLints/dict_16_192_64_0p5_0p02_0012_0014" 6602
"/Engine/EngineMaterials/Substrate/GLints/dict_16_192_64_0p5_0p02_0012_0015" 6603
"../../../Engine/Content/EngineMaterials/Substrate/GLints/dict_16_192_64_0p5_0p02_0010_0014.uasset" 6604
"../../../Engine/Content/EngineMaterials/Substrate/GLints/dict_16_192_64_0p5_0p02_0010_0015.uasset" 6605
"../../../Engine/Content/EngineMaterials/Substrate/GLints/dict_16_192_64_0p5_0p02_0010_0011.uasset" 6606
"../../../Engine/Content/EngineMaterials/Substrate/GLints/dict_16_192_64_0p5_0p02_0010_0006.uasset" 6607
"../../../Engine/Content/EngineMaterials/Substrate/GLints/dict_16_192_64_0p5_0p02_0010_0009.uasset" 6608
"../../../Engine/Content/EngineMaterials/Substrate/GLints/dict_16_192_64_0p5_0p02_0010_0010.uasset" 6609
"../../../Engine/Content/EngineMaterials/Substrate/GLints/dict_16_192_64_0p5_0p02_0010_0012.uasset" 6610
"../../../Engine/Content/EngineMaterials/Substrate/GLints/dict_16_192_64_0p5_0p02_0010_0013.uasset" 6611
"../../../Engine/Content/EngineMaterials/Substrate/GLints/dict_16_192_64_0p5_0p02_0010_0008.uasset" 6612
"/Engine/EngineMaterials/Substrate/GLints/dict_16_192_64_0p5_0p02_0011_0000" 6613
"../../../Engine/Content/EngineMaterials/Substrate/GLints/dict_16_192_64_0p5_0p02_0010_0007.uasset" 6614
"../../../Engine/Content/EngineMaterials/Substrate/GLints/dict_16_192_64_0p5_0p02_0010_0004.uasset" 6615
"../../../Engine/Content/EngineMaterials/Substrate/GLints/dict_16_192_64_0p5_0p02_0010_0003.uasset" 6616
"../../../Engine/Content/EngineMaterials/Substrate/GLints/dict_16_192_64_0p5_0p02_0010_0005.uasset" 6617
"../../../Engine/Content/EngineMaterials/Substrate/GLints/dict_16_192_64_0p5_0p02_0010_0001.uasset" 6618
"../../../Engine/Content/EngineMaterials/Substrate/GLints/dict_16_192_64_0p5_0p02_0010_0002.uasset" 6619
"/Engine/EngineMaterials/Substrate/GLints/dict_16_192_64_0p5_0p02_0011_0001" 6620
"/Engine/EngineMaterials/Substrate/GLints/dict_16_192_64_0p5_0p02_0011_0002" 6621
"/Engine/EngineMaterials/Substrate/GLints/dict_16_192_64_0p5_0p02_0011_0003" 6622
"/Engine/EngineMaterials/Substrate/GLints/dict_16_192_64_0p5_0p02_0011_0004" 6623
"/Engine/EngineMaterials/Substrate/GLints/dict_16_192_64_0p5_0p02_0011_0005" 6624
"/Engine/EngineMaterials/Substrate/GLints/dict_16_192_64_0p5_0p02_0011_0006" 6625
"/Engine/EngineMaterials/Substrate/GLints/dict_16_192_64_0p5_0p02_0011_0007" 6626
"/Engine/EngineMaterials/Substrate/GLints/dict_16_192_64_0p5_0p02_0011_0008" 6627
"/Engine/EngineMaterials/Substrate/GLints/dict_16_192_64_0p5_0p02_0011_0009" 6628
"/Engine/EngineMaterials/Substrate/GLints/dict_16_192_64_0p5_0p02_0011_0010" 6629
"/Engine/EngineMaterials/Substrate/GLints/dict_16_192_64_0p5_0p02_0011_0011" 6630
"/Engine/EngineMaterials/Substrate/GLints/dict_16_192_64_0p5_0p02_0011_0012" 6631
"/Engine/EngineMaterials/Substrate/GLints/dict_16_192_64_0p5_0p02_0011_0013" 6632
"/Engine/EngineMaterials/Substrate/GLints/dict_16_192_64_0p5_0p02_0011_0014" 6633
"/Engine/EngineMaterials/Substrate/GLints/dict_16_192_64_0p5_0p02_0011_0015" 6634
"/Engine/EngineMaterials/Substrate/GLints/dict_16_192_64_0p5_0p02_0012_0000" 6635
"../../../Engine/Content/EngineMaterials/Substrate/GLints/dict_16_192_64_0p5_0p02_0010_0000.uasset" 6636
"../../../Engine/Content/EngineMaterials/Substrate/GLints/dict_16_192_64_0p5_0p02_0009_0013.uasset" 6637
"../../../Engine/Content/EngineMaterials/Substrate/GLints/dict_16_192_64_0p5_0p02_0009_0010.uasset" 6638
"../../../Engine/Content/EngineMaterials/Substrate/GLints/dict_16_192_64_0p5_0p02_0009_0012.uasset" 6639
"../../../Engine/Content/EngineMaterials/Substrate/GLints/dict_16_192_64_0p5_0p02_0009_0009.uasset" 6640
"../../../Engine/Content/EngineMaterials/Substrate/GLints/dict_16_192_64_0p5_0p02_0009_0008.uasset" 6641
"../../../Engine/Content/EngineMaterials/Substrate/GLints/dict_16_192_64_0p5_0p02_0009_0014.uasset" 6642
"../../../Engine/Content/EngineMaterials/Substrate/GLints/dict_16_192_64_0p5_0p02_0009_0007.uasset" 6643
"/Engine/EngineMaterials/Substrate/GLints/dict_16_192_64_0p5_0p02_0010_0001" 6644
"../../../Engine/Content/EngineMaterials/Substrate/GLints/dict_16_192_64_0p5_0p02_0009_0015.uasset" 6645
"../../../Engine/Content/EngineMaterials/Substrate/GLints/dict_16_192_64_0p5_0p02_0009_0011.uasset" 6646
"../../../Engine/Content/EngineMaterials/Substrate/GLints/dict_16_192_64_0p5_0p02_0009_0006.uasset" 6647
"../../../Engine/Content/EngineMaterials/Substrate/GLints/dict_16_192_64_0p5_0p02_0009_0005.uasset" 6648
"../../../Engine/Content/EngineMaterials/Substrate/GLints/dict_16_192_64_0p5_0p02_0009_0003.uasset" 6649
"/Engine/EngineMaterials/Substrate/GLints/dict_16_192_64_0p5_0p02_0010_0002" 6650
"../../../Engine/Content/EngineMaterials/Substrate/GLints/dict_16_192_64_0p5_0p02_0009_0002.uasset" 6651
"../../../Engine/Content/EngineMaterials/Substrate/GLints/dict_16_192_64_0p5_0p02_0009_0004.uasset" 6652
"../../../Engine/Content/EngineMaterials/Substrate/GLints/dict_16_192_64_0p5_0p02_0009_0000.uasset" 6653
"../../../Engine/Content/EngineMaterials/Substrate/GLints/dict_16_192_64_0p5_0p02_0009_0001.uasset" 6654
"/Engine/EngineMaterials/Substrate/GLints/dict_16_192_64_0p5_0p02_0010_0003" 6655
"/Engine/EngineMaterials/Substrate/GLints/dict_16_192_64_0p5_0p02_0010_0004" 6656
"/Engine/EngineMaterials/Substrate/GLints/dict_16_192_64_0p5_0p02_0010_0005" 6657
"/Engine/EngineMaterials/Substrate/GLints/dict_16_192_64_0p5_0p02_0010_0006" 6658
"/Engine/EngineMaterials/Substrate/GLints/dict_16_192_64_0p5_0p02_0010_0007" 6659
"/Engine/EngineMaterials/Substrate/GLints/dict_16_192_64_0p5_0p02_0010_0008" 6660
"/Engine/EngineMaterials/Substrate/GLints/dict_16_192_64_0p5_0p02_0010_0009" 6661
"/Engine/EngineMaterials/Substrate/GLints/dict_16_192_64_0p5_0p02_0010_0010" 6662
"/Engine/EngineMaterials/Substrate/GLints/dict_16_192_64_0p5_0p02_0010_0011" 6663
"/Engine/EngineMaterials/Substrate/GLints/dict_16_192_64_0p5_0p02_0010_0012" 6664
"/Engine/EngineMaterials/Substrate/GLints/dict_16_192_64_0p5_0p02_0010_0013" 6665
"/Engine/EngineMaterials/Substrate/GLints/dict_16_192_64_0p5_0p02_0010_0014" 6666
"/Engine/EngineMaterials/Substrate/GLints/dict_16_192_64_0p5_0p02_0010_0015" 6667
"../../../Engine/Content/EngineMaterials/Substrate/GLints/dict_16_192_64_0p5_0p02_0008_0013.uasset" 6668
"../../../Engine/Content/EngineMaterials/Substrate/GLints/dict_16_192_64_0p5_0p02_0008_0015.uasset" 6669
"../../../Engine/Content/EngineMaterials/Substrate/GLints/dict_16_192_64_0p5_0p02_0008_0007.uasset" 6670
"../../../Engine/Content/EngineMaterials/Substrate/GLints/dict_16_192_64_0p5_0p02_0008_0006.uasset" 6671
"../../../Engine/Content/EngineMaterials/Substrate/GLints/dict_16_192_64_0p5_0p02_0008_0008.uasset" 6672
"../../../Engine/Content/EngineMaterials/Substrate/GLints/dict_16_192_64_0p5_0p02_0008_0012.uasset" 6673
"../../../Engine/Content/EngineMaterials/Substrate/GLints/dict_16_192_64_0p5_0p02_0008_0014.uasset" 6674
"/Engine/EngineMaterials/Substrate/GLints/dict_16_192_64_0p5_0p02_0009_0000" 6675
"../../../Engine/Content/EngineMaterials/Substrate/GLints/dict_16_192_64_0p5_0p02_0008_0009.uasset" 6676
"../../../Engine/Content/EngineMaterials/Substrate/GLints/dict_16_192_64_0p5_0p02_0008_0011.uasset" 6677
"../../../Engine/Content/EngineMaterials/Substrate/GLints/dict_16_192_64_0p5_0p02_0008_0010.uasset" 6678
"/Engine/EngineMaterials/Substrate/GLints/dict_16_192_64_0p5_0p02_0009_0001" 6679
"../../../Engine/Content/EngineMaterials/Substrate/GLints/dict_16_192_64_0p5_0p02_0008_0005.uasset" 6680
"../../../Engine/Content/EngineMaterials/Substrate/GLints/dict_16_192_64_0p5_0p02_0008_0002.uasset" 6681
"../../../Engine/Content/EngineMaterials/Substrate/GLints/dict_16_192_64_0p5_0p02_0008_0004.uasset" 6682
"../../../Engine/Content/EngineMaterials/Substrate/GLints/dict_16_192_64_0p5_0p02_0008_0003.uasset" 6683
"../../../Engine/Content/EngineMaterials/Substrate/GLints/dict_16_192_64_0p5_0p02_0008_0001.uasset" 6684
"/Engine/EngineMaterials/Substrate/GLints/dict_16_192_64_0p5_0p02_0009_0002" 6685
"/Engine/EngineMaterials/Substrate/GLints/dict_16_192_64_0p5_0p02_0009_0003" 6686
"/Engine/EngineMaterials/Substrate/GLints/dict_16_192_64_0p5_0p02_0009_0004" 6687
"/Engine/EngineMaterials/Substrate/GLints/dict_16_192_64_0p5_0p02_0009_0005" 6688
"/Engine/EngineMaterials/Substrate/GLints/dict_16_192_64_0p5_0p02_0009_0006" 6689
"/Engine/EngineMaterials/Substrate/GLints/dict_16_192_64_0p5_0p02_0009_0007" 6690
"/Engine/EngineMaterials/Substrate/GLints/dict_16_192_64_0p5_0p02_0009_0008" 6691
"/Engine/EngineMaterials/Substrate/GLints/dict_16_192_64_0p5_0p02_0009_0009" 6692
"/Engine/EngineMaterials/Substrate/GLints/dict_16_192_64_0p5_0p02_0009_0010" 6693
"/Engine/EngineMaterials/Substrate/GLints/dict_16_192_64_0p5_0p02_0009_0011" 6694
"/Engine/EngineMaterials/Substrate/GLints/dict_16_192_64_0p5_0p02_0009_0012" 6695
"/Engine/EngineMaterials/Substrate/GLints/dict_16_192_64_0p5_0p02_0009_0013" 6696
"/Engine/EngineMaterials/Substrate/GLints/dict_16_192_64_0p5_0p02_0009_0014" 6697
"/Engine/EngineMaterials/Substrate/GLints/dict_16_192_64_0p5_0p02_0009_0015" 6698
"/Engine/EngineMaterials/Substrate/GLints/dict_16_192_64_0p5_0p02_0010_0000" 6699
"../../../Engine/Content/EngineMaterials/Substrate/GLints/dict_16_192_64_0p5_0p02_0008_0000.uasset" 6700
"../../../Engine/Content/EngineMaterials/Substrate/GLints/dict_16_192_64_0p5_0p02_0007_0015.uasset" 6701
"../../../Engine/Content/EngineMaterials/Substrate/GLints/dict_16_192_64_0p5_0p02_0007_0013.uasset" 6702
"../../../Engine/Content/EngineMaterials/Substrate/GLints/dict_16_192_64_0p5_0p02_0007_0007.uasset" 6703
"../../../Engine/Content/EngineMaterials/Substrate/GLints/dict_16_192_64_0p5_0p02_0007_0014.uasset" 6704
"../../../Engine/Content/EngineMaterials/Substrate/GLints/dict_16_192_64_0p5_0p02_0007_0008.uasset" 6705
"../../../Engine/Content/EngineMaterials/Substrate/GLints/dict_16_192_64_0p5_0p02_0007_0012.uasset" 6706
"../../../Engine/Content/EngineMaterials/Substrate/GLints/dict_16_192_64_0p5_0p02_0007_0010.uasset" 6707
"../../../Engine/Content/EngineMaterials/Substrate/GLints/dict_16_192_64_0p5_0p02_0007_0011.uasset" 6708
"/Engine/EngineMaterials/Substrate/GLints/dict_16_192_64_0p5_0p02_0008_0001" 6709
"../../../Engine/Content/EngineMaterials/Substrate/GLints/dict_16_192_64_0p5_0p02_0007_0009.uasset" 6710
"../../../Engine/Content/EngineMaterials/Substrate/GLints/dict_16_192_64_0p5_0p02_0007_0006.uasset" 6711
"../../../Engine/Content/EngineMaterials/Substrate/GLints/dict_16_192_64_0p5_0p02_0007_0005.uasset" 6712
"../../../Engine/Content/EngineMaterials/Substrate/GLints/dict_16_192_64_0p5_0p02_0007_0003.uasset" 6713
"../../../Engine/Content/EngineMaterials/Substrate/GLints/dict_16_192_64_0p5_0p02_0007_0002.uasset" 6714
"../../../Engine/Content/EngineMaterials/Substrate/GLints/dict_16_192_64_0p5_0p02_0007_0000.uasset" 6715
"/Engine/EngineMaterials/Substrate/GLints/dict_16_192_64_0p5_0p02_0008_0002" 6716
"../../../Engine/Content/EngineMaterials/Substrate/GLints/dict_16_192_64_0p5_0p02_0007_0001.uasset" 6717
"../../../Engine/Content/EngineMaterials/Substrate/GLints/dict_16_192_64_0p5_0p02_0007_0004.uasset" 6718
"/Engine/EngineMaterials/Substrate/GLints/dict_16_192_64_0p5_0p02_0008_0003" 6719
"/Engine/EngineMaterials/Substrate/GLints/dict_16_192_64_0p5_0p02_0008_0004" 6720
"/Engine/EngineMaterials/Substrate/GLints/dict_16_192_64_0p5_0p02_0008_0005" 6721
"/Engine/EngineMaterials/Substrate/GLints/dict_16_192_64_0p5_0p02_0008_0006" 6722
"/Engine/EngineMaterials/Substrate/GLints/dict_16_192_64_0p5_0p02_0008_0007" 6723
"/Engine/EngineMaterials/Substrate/GLints/dict_16_192_64_0p5_0p02_0008_0008" 6724
"/Engine/EngineMaterials/Substrate/GLints/dict_16_192_64_0p5_0p02_0008_0009" 6725
"/Engine/EngineMaterials/Substrate/GLints/dict_16_192_64_0p5_0p02_0008_0010" 6726
"/Engine/EngineMaterials/Substrate/GLints/dict_16_192_64_0p5_0p02_0008_0011" 6727
"/Engine/EngineMaterials/Substrate/GLints/dict_16_192_64_0p5_0p02_0008_0012" 6728
"/Engine/EngineMaterials/Substrate/GLints/dict_16_192_64_0p5_0p02_0008_0013" 6729
"/Engine/EngineMaterials/Substrate/GLints/dict_16_192_64_0p5_0p02_0008_0014" 6730
"/Engine/EngineMaterials/Substrate/GLints/dict_16_192_64_0p5_0p02_0008_0015" 6731
"../../../Engine/Content/EngineMaterials/Substrate/GLints/dict_16_192_64_0p5_0p02_0006_0014.uasset" 6732
"../../../Engine/Content/EngineMaterials/Substrate/GLints/dict_16_192_64_0p5_0p02_0006_0015.uasset" 6733
"../../../Engine/Content/EngineMaterials/Substrate/GLints/dict_16_192_64_0p5_0p02_0006_0012.uasset" 6734
"../../../Engine/Content/EngineMaterials/Substrate/GLints/dict_16_192_64_0p5_0p02_0006_0013.uasset" 6735
"../../../Engine/Content/EngineMaterials/Substrate/GLints/dict_16_192_64_0p5_0p02_0006_0008.uasset" 6736
"../../../Engine/Content/EngineMaterials/Substrate/GLints/dict_16_192_64_0p5_0p02_0006_0009.uasset" 6737
"../../../Engine/Content/EngineMaterials/Substrate/GLints/dict_16_192_64_0p5_0p02_0006_0007.uasset" 6738
"../../../Engine/Content/EngineMaterials/Substrate/GLints/dict_16_192_64_0p5_0p02_0006_0006.uasset" 6739
"../../../Engine/Content/EngineMaterials/Substrate/GLints/dict_16_192_64_0p5_0p02_0006_0010.uasset" 6740
"../../../Engine/Content/EngineMaterials/Substrate/GLints/dict_16_192_64_0p5_0p02_0006_0011.uasset" 6741
"/Engine/EngineMaterials/Substrate/GLints/dict_16_192_64_0p5_0p02_0007_0000" 6742
"../../../Engine/Content/EngineMaterials/Substrate/GLints/dict_16_192_64_0p5_0p02_0006_0005.uasset" 6743
"../../../Engine/Content/EngineMaterials/Substrate/GLints/dict_16_192_64_0p5_0p02_0006_0004.uasset" 6744
"../../../Engine/Content/EngineMaterials/Substrate/GLints/dict_16_192_64_0p5_0p02_0006_0002.uasset" 6745
"../../../Engine/Content/EngineMaterials/Substrate/GLints/dict_16_192_64_0p5_0p02_0006_0001.uasset" 6746
"../../../Engine/Content/EngineMaterials/Substrate/GLints/dict_16_192_64_0p5_0p02_0006_0003.uasset" 6747
"/Engine/EngineMaterials/Substrate/GLints/dict_16_192_64_0p5_0p02_0007_0001" 6748
"/Engine/EngineMaterials/Substrate/GLints/dict_16_192_64_0p5_0p02_0007_0002" 6749
"/Engine/EngineMaterials/Substrate/GLints/dict_16_192_64_0p5_0p02_0007_0003" 6750
"/Engine/EngineMaterials/Substrate/GLints/dict_16_192_64_0p5_0p02_0007_0004" 6751
"/Engine/EngineMaterials/Substrate/GLints/dict_16_192_64_0p5_0p02_0007_0005" 6752
"/Engine/EngineMaterials/Substrate/GLints/dict_16_192_64_0p5_0p02_0007_0006" 6753
"/Engine/EngineMaterials/Substrate/GLints/dict_16_192_64_0p5_0p02_0007_0007" 6754
"/Engine/EngineMaterials/Substrate/GLints/dict_16_192_64_0p5_0p02_0007_0008" 6755
"/Engine/EngineMaterials/Substrate/GLints/dict_16_192_64_0p5_0p02_0007_0009" 6756
"/Engine/EngineMaterials/Substrate/GLints/dict_16_192_64_0p5_0p02_0007_0010" 6757
"/Engine/EngineMaterials/Substrate/GLints/dict_16_192_64_0p5_0p02_0007_0011" 6758
"/Engine/EngineMaterials/Substrate/GLints/dict_16_192_64_0p5_0p02_0007_0012" 6759
"/Engine/EngineMaterials/Substrate/GLints/dict_16_192_64_0p5_0p02_0007_0013" 6760
"/Engine/EngineMaterials/Substrate/GLints/dict_16_192_64_0p5_0p02_0007_0014" 6761
"/Engine/EngineMaterials/Substrate/GLints/dict_16_192_64_0p5_0p02_0007_0015" 6762
"/Engine/EngineMaterials/Substrate/GLints/dict_16_192_64_0p5_0p02_0008_0000" 6763
"../../../Engine/Content/EngineMaterials/Substrate/GLints/dict_16_192_64_0p5_0p02_0005_0015.uasset" 6764
"../../../Engine/Content/EngineMaterials/Substrate/GLints/dict_16_192_64_0p5_0p02_0006_0000.uasset" 6765
"../../../Engine/Content/EngineMaterials/Substrate/GLints/dict_16_192_64_0p5_0p02_0005_0012.uasset" 6766
"../../../Engine/Content/EngineMaterials/Substrate/GLints/dict_16_192_64_0p5_0p02_0005_0007.uasset" 6767
"../../../Engine/Content/EngineMaterials/Substrate/GLints/dict_16_192_64_0p5_0p02_0005_0014.uasset" 6768
"/Engine/EngineMaterials/Substrate/GLints/dict_16_192_64_0p5_0p02_0006_0001" 6769
"../../../Engine/Content/EngineMaterials/Substrate/GLints/dict_16_192_64_0p5_0p02_0005_0013.uasset" 6770
"../../../Engine/Content/EngineMaterials/Substrate/GLints/dict_16_192_64_0p5_0p02_0005_0011.uasset" 6771
"../../../Engine/Content/EngineMaterials/Substrate/GLints/dict_16_192_64_0p5_0p02_0005_0009.uasset" 6772
"../../../Engine/Content/EngineMaterials/Substrate/GLints/dict_16_192_64_0p5_0p02_0005_0008.uasset" 6773
"../../../Engine/Content/EngineMaterials/Substrate/GLints/dict_16_192_64_0p5_0p02_0005_0010.uasset" 6774
"/Engine/EngineMaterials/Substrate/GLints/dict_16_192_64_0p5_0p02_0006_0002" 6775
"../../../Engine/Content/EngineMaterials/Substrate/GLints/dict_16_192_64_0p5_0p02_0005_0005.uasset" 6776
"../../../Engine/Content/EngineMaterials/Substrate/GLints/dict_16_192_64_0p5_0p02_0005_0006.uasset" 6777
"../../../Engine/Content/EngineMaterials/Substrate/GLints/dict_16_192_64_0p5_0p02_0005_0003.uasset" 6778
"../../../Engine/Content/EngineMaterials/Substrate/GLints/dict_16_192_64_0p5_0p02_0005_0004.uasset" 6779
"../../../Engine/Content/EngineMaterials/Substrate/GLints/dict_16_192_64_0p5_0p02_0005_0002.uasset" 6780
"../../../Engine/Content/EngineMaterials/Substrate/GLints/dict_16_192_64_0p5_0p02_0005_0001.uasset" 6781
"../../../Engine/Content/EngineMaterials/Substrate/GLints/dict_16_192_64_0p5_0p02_0005_0000.uasset" 6782
"/Engine/EngineMaterials/Substrate/GLints/dict_16_192_64_0p5_0p02_0006_0003" 6783
"/Engine/EngineMaterials/Substrate/GLints/dict_16_192_64_0p5_0p02_0006_0004" 6784
"/Engine/EngineMaterials/Substrate/GLints/dict_16_192_64_0p5_0p02_0006_0005" 6785
"/Engine/EngineMaterials/Substrate/GLints/dict_16_192_64_0p5_0p02_0006_0006" 6786
"/Engine/EngineMaterials/Substrate/GLints/dict_16_192_64_0p5_0p02_0006_0007" 6787
"/Engine/EngineMaterials/Substrate/GLints/dict_16_192_64_0p5_0p02_0006_0008" 6788
"/Engine/EngineMaterials/Substrate/GLints/dict_16_192_64_0p5_0p02_0006_0009" 6789
"/Engine/EngineMaterials/Substrate/GLints/dict_16_192_64_0p5_0p02_0006_0010" 6790
"/Engine/EngineMaterials/Substrate/GLints/dict_16_192_64_0p5_0p02_0006_0011" 6791
"/Engine/EngineMaterials/Substrate/GLints/dict_16_192_64_0p5_0p02_0006_0012" 6792
"/Engine/EngineMaterials/Substrate/GLints/dict_16_192_64_0p5_0p02_0006_0013" 6793
"/Engine/EngineMaterials/Substrate/GLints/dict_16_192_64_0p5_0p02_0006_0014" 6794
"/Engine/EngineMaterials/Substrate/GLints/dict_16_192_64_0p5_0p02_0006_0015" 6795
"../../../Engine/Content/EngineMaterials/Substrate/GLints/dict_16_192_64_0p5_0p02_0004_0014.uasset" 6796
"../../../Engine/Content/EngineMaterials/Substrate/GLints/dict_16_192_64_0p5_0p02_0004_0008.uasset" 6797
"../../../Engine/Content/EngineMaterials/Substrate/GLints/dict_16_192_64_0p5_0p02_0004_0015.uasset" 6798
"../../../Engine/Content/EngineMaterials/Substrate/GLints/dict_16_192_64_0p5_0p02_0004_0012.uasset" 6799
"../../../Engine/Content/EngineMaterials/Substrate/GLints/dict_16_192_64_0p5_0p02_0004_0006.uasset" 6800
"../../../Engine/Content/EngineMaterials/Substrate/GLints/dict_16_192_64_0p5_0p02_0004_0007.uasset" 6801
"../../../Engine/Content/EngineMaterials/Substrate/GLints/dict_16_192_64_0p5_0p02_0004_0013.uasset" 6802
"../../../Engine/Content/EngineMaterials/Substrate/GLints/dict_16_192_64_0p5_0p02_0004_0011.uasset" 6803
"/Engine/EngineMaterials/Substrate/GLints/dict_16_192_64_0p5_0p02_0005_0000" 6804
"../../../Engine/Content/EngineMaterials/Substrate/GLints/dict_16_192_64_0p5_0p02_0004_0010.uasset" 6805
"../../../Engine/Content/EngineMaterials/Substrate/GLints/dict_16_192_64_0p5_0p02_0004_0009.uasset" 6806
"../../../Engine/Content/EngineMaterials/Substrate/GLints/dict_16_192_64_0p5_0p02_0004_0005.uasset" 6807
"../../../Engine/Content/EngineMaterials/Substrate/GLints/dict_16_192_64_0p5_0p02_0004_0004.uasset" 6808
"/Engine/EngineMaterials/Substrate/GLints/dict_16_192_64_0p5_0p02_0005_0001" 6809
"../../../Engine/Content/EngineMaterials/Substrate/GLints/dict_16_192_64_0p5_0p02_0004_0003.uasset" 6810
"../../../Engine/Content/EngineMaterials/Substrate/GLints/dict_16_192_64_0p5_0p02_0004_0002.uasset" 6811
"../../../Engine/Content/EngineMaterials/Substrate/GLints/dict_16_192_64_0p5_0p02_0004_0001.uasset" 6812
"/Engine/EngineMaterials/Substrate/GLints/dict_16_192_64_0p5_0p02_0005_0002" 6813
"/Engine/EngineMaterials/Substrate/GLints/dict_16_192_64_0p5_0p02_0005_0003" 6814
"/Engine/EngineMaterials/Substrate/GLints/dict_16_192_64_0p5_0p02_0005_0004" 6815
"/Engine/EngineMaterials/Substrate/GLints/dict_16_192_64_0p5_0p02_0005_0005" 6816
"/Engine/EngineMaterials/Substrate/GLints/dict_16_192_64_0p5_0p02_0005_0006" 6817
"/Engine/EngineMaterials/Substrate/GLints/dict_16_192_64_0p5_0p02_0005_0007" 6818
"/Engine/EngineMaterials/Substrate/GLints/dict_16_192_64_0p5_0p02_0005_0008" 6819
"/Engine/EngineMaterials/Substrate/GLints/dict_16_192_64_0p5_0p02_0005_0009" 6820
"/Engine/EngineMaterials/Substrate/GLints/dict_16_192_64_0p5_0p02_0005_0010" 6821
"/Engine/EngineMaterials/Substrate/GLints/dict_16_192_64_0p5_0p02_0005_0011" 6822
"/Engine/EngineMaterials/Substrate/GLints/dict_16_192_64_0p5_0p02_0005_0012" 6823
"/Engine/EngineMaterials/Substrate/GLints/dict_16_192_64_0p5_0p02_0005_0013" 6824
"/Engine/EngineMaterials/Substrate/GLints/dict_16_192_64_0p5_0p02_0005_0014" 6825
"/Engine/EngineMaterials/Substrate/GLints/dict_16_192_64_0p5_0p02_0005_0015" 6826
"/Engine/EngineMaterials/Substrate/GLints/dict_16_192_64_0p5_0p02_0006_0000" 6827
"../../../Engine/Content/EngineMaterials/Substrate/GLints/dict_16_192_64_0p5_0p02_0004_0000.uasset" 6828
"../../../Engine/Content/EngineMaterials/Substrate/GLints/dict_16_192_64_0p5_0p02_0003_0014.uasset" 6829
"../../../Engine/Content/EngineMaterials/Substrate/GLints/dict_16_192_64_0p5_0p02_0003_0013.uasset" 6830
"../../../Engine/Content/EngineMaterials/Substrate/GLints/dict_16_192_64_0p5_0p02_0003_0009.uasset" 6831
"../../../Engine/Content/EngineMaterials/Substrate/GLints/dict_16_192_64_0p5_0p02_0003_0012.uasset" 6832
"../../../Engine/Content/EngineMaterials/Substrate/GLints/dict_16_192_64_0p5_0p02_0003_0010.uasset" 6833
"../../../Engine/Content/EngineMaterials/Substrate/GLints/dict_16_192_64_0p5_0p02_0003_0015.uasset" 6834
"../../../Engine/Content/EngineMaterials/Substrate/GLints/dict_16_192_64_0p5_0p02_0003_0011.uasset" 6835
"../../../Engine/Content/EngineMaterials/Substrate/GLints/dict_16_192_64_0p5_0p02_0003_0008.uasset" 6836
"../../../Engine/Content/EngineMaterials/Substrate/GLints/dict_16_192_64_0p5_0p02_0003_0007.uasset" 6837
"/Engine/EngineMaterials/Substrate/GLints/dict_16_192_64_0p5_0p02_0004_0001" 6838
"../../../Engine/Content/EngineMaterials/Substrate/GLints/dict_16_192_64_0p5_0p02_0003_0006.uasset" 6839
"../../../Engine/Content/EngineMaterials/Substrate/GLints/dict_16_192_64_0p5_0p02_0003_0005.uasset" 6840
"../../../Engine/Content/EngineMaterials/Substrate/GLints/dict_16_192_64_0p5_0p02_0003_0002.uasset" 6841
"../../../Engine/Content/EngineMaterials/Substrate/GLints/dict_16_192_64_0p5_0p02_0003_0004.uasset" 6842
"../../../Engine/Content/EngineMaterials/Substrate/GLints/dict_16_192_64_0p5_0p02_0003_0003.uasset" 6843
"/Engine/EngineMaterials/Substrate/GLints/dict_16_192_64_0p5_0p02_0004_0002" 6844
"../../../Engine/Content/EngineMaterials/Substrate/GLints/dict_16_192_64_0p5_0p02_0003_0001.uasset" 6845
"../../../Engine/Content/EngineMaterials/Substrate/GLints/dict_16_192_64_0p5_0p02_0003_0000.uasset" 6846
"/Engine/EngineMaterials/Substrate/GLints/dict_16_192_64_0p5_0p02_0004_0003" 6847
"/Engine/EngineMaterials/Substrate/GLints/dict_16_192_64_0p5_0p02_0004_0004" 6848
"/Engine/EngineMaterials/Substrate/GLints/dict_16_192_64_0p5_0p02_0004_0005" 6849
"/Engine/EngineMaterials/Substrate/GLints/dict_16_192_64_0p5_0p02_0004_0006" 6850
"/Engine/EngineMaterials/Substrate/GLints/dict_16_192_64_0p5_0p02_0004_0007" 6851
"/Engine/EngineMaterials/Substrate/GLints/dict_16_192_64_0p5_0p02_0004_0008" 6852
"/Engine/EngineMaterials/Substrate/GLints/dict_16_192_64_0p5_0p02_0004_0009" 6853
"/Engine/EngineMaterials/Substrate/GLints/dict_16_192_64_0p5_0p02_0004_0010" 6854
"/Engine/EngineMaterials/Substrate/GLints/dict_16_192_64_0p5_0p02_0004_0011" 6855
"/Engine/EngineMaterials/Substrate/GLints/dict_16_192_64_0p5_0p02_0004_0012" 6856
"/Engine/EngineMaterials/Substrate/GLints/dict_16_192_64_0p5_0p02_0004_0013" 6857
"/Engine/EngineMaterials/Substrate/GLints/dict_16_192_64_0p5_0p02_0004_0014" 6858
"/Engine/EngineMaterials/Substrate/GLints/dict_16_192_64_0p5_0p02_0004_0015" 6859
"../../../Engine/Content/EngineMaterials/Substrate/GLints/dict_16_192_64_0p5_0p02_0002_0013.uasset" 6860
"../../../Engine/Content/EngineMaterials/Substrate/GLints/dict_16_192_64_0p5_0p02_0002_0012.uasset" 6861
"../../../Engine/Content/EngineMaterials/Substrate/GLints/dict_16_192_64_0p5_0p02_0002_0010.uasset" 6862
"../../../Engine/Content/EngineMaterials/Substrate/GLints/dict_16_192_64_0p5_0p02_0002_0008.uasset" 6863
"../../../Engine/Content/EngineMaterials/Substrate/GLints/dict_16_192_64_0p5_0p02_0002_0011.uasset" 6864
"../../../Engine/Content/EngineMaterials/Substrate/GLints/dict_16_192_64_0p5_0p02_0002_0006.uasset" 6865
"../../../Engine/Content/EngineMaterials/Substrate/GLints/dict_16_192_64_0p5_0p02_0002_0009.uasset" 6866
"../../../Engine/Content/EngineMaterials/Substrate/GLints/dict_16_192_64_0p5_0p02_0002_0015.uasset" 6867
"../../../Engine/Content/EngineMaterials/Substrate/GLints/dict_16_192_64_0p5_0p02_0002_0014.uasset" 6868
"../../../Engine/Content/EngineMaterials/Substrate/GLints/dict_16_192_64_0p5_0p02_0002_0007.uasset" 6869
"/Engine/EngineMaterials/Substrate/GLints/dict_16_192_64_0p5_0p02_0003_0000" 6870
"../../../Engine/Content/EngineMaterials/Substrate/GLints/dict_16_192_64_0p5_0p02_0002_0005.uasset" 6871
"../../../Engine/Content/EngineMaterials/Substrate/GLints/dict_16_192_64_0p5_0p02_0002_0003.uasset" 6872
"../../../Engine/Content/EngineMaterials/Substrate/GLints/dict_16_192_64_0p5_0p02_0002_0002.uasset" 6873
"../../../Engine/Content/EngineMaterials/Substrate/GLints/dict_16_192_64_0p5_0p02_0002_0001.uasset" 6874
"/Engine/EngineMaterials/Substrate/GLints/dict_16_192_64_0p5_0p02_0003_0001" 6875
"../../../Engine/Content/EngineMaterials/Substrate/GLints/dict_16_192_64_0p5_0p02_0002_0004.uasset" 6876
"/Engine/EngineMaterials/Substrate/GLints/dict_16_192_64_0p5_0p02_0003_0002" 6877
"/Engine/EngineMaterials/Substrate/GLints/dict_16_192_64_0p5_0p02_0003_0003" 6878
"/Engine/EngineMaterials/Substrate/GLints/dict_16_192_64_0p5_0p02_0003_0004" 6879
"/Engine/EngineMaterials/Substrate/GLints/dict_16_192_64_0p5_0p02_0003_0005" 6880
"/Engine/EngineMaterials/Substrate/GLints/dict_16_192_64_0p5_0p02_0003_0006" 6881
"/Engine/EngineMaterials/Substrate/GLints/dict_16_192_64_0p5_0p02_0003_0007" 6882
"/Engine/EngineMaterials/Substrate/GLints/dict_16_192_64_0p5_0p02_0003_0008" 6883
"/Engine/EngineMaterials/Substrate/GLints/dict_16_192_64_0p5_0p02_0003_0009" 6884
"/Engine/EngineMaterials/Substrate/GLints/dict_16_192_64_0p5_0p02_0003_0010" 6885
"/Engine/EngineMaterials/Substrate/GLints/dict_16_192_64_0p5_0p02_0003_0011" 6886
"/Engine/EngineMaterials/Substrate/GLints/dict_16_192_64_0p5_0p02_0003_0012" 6887
"/Engine/EngineMaterials/Substrate/GLints/dict_16_192_64_0p5_0p02_0003_0013" 6888
"/Engine/EngineMaterials/Substrate/GLints/dict_16_192_64_0p5_0p02_0003_0014" 6889
"/Engine/EngineMaterials/Substrate/GLints/dict_16_192_64_0p5_0p02_0003_0015" 6890
"/Engine/EngineMaterials/Substrate/GLints/dict_16_192_64_0p5_0p02_0004_0000" 6891
"../../../Engine/Content/EngineMaterials/Substrate/GLints/dict_16_192_64_0p5_0p02_0001_0015.uasset" 6892
"../../../Engine/Content/EngineMaterials/Substrate/GLints/dict_16_192_64_0p5_0p02_0001_0013.uasset" 6893
"../../../Engine/Content/EngineMaterials/Substrate/GLints/dict_16_192_64_0p5_0p02_0002_0000.uasset" 6894
"../../../Engine/Content/EngineMaterials/Substrate/GLints/dict_16_192_64_0p5_0p02_0001_0011.uasset" 6895
"../../../Engine/Content/EngineMaterials/Substrate/GLints/dict_16_192_64_0p5_0p02_0001_0010.uasset" 6896
"../../../Engine/Content/EngineMaterials/Substrate/GLints/dict_16_192_64_0p5_0p02_0001_0014.uasset" 6897
"../../../Engine/Content/EngineMaterials/Substrate/GLints/dict_16_192_64_0p5_0p02_0001_0007.uasset" 6898
"../../../Engine/Content/EngineMaterials/Substrate/GLints/dict_16_192_64_0p5_0p02_0001_0009.uasset" 6899
"../../../Engine/Content/EngineMaterials/Substrate/GLints/dict_16_192_64_0p5_0p02_0001_0008.uasset" 6900
"/Engine/EngineMaterials/Substrate/GLints/dict_16_192_64_0p5_0p02_0002_0001" 6901
"../../../Engine/Content/EngineMaterials/Substrate/GLints/dict_16_192_64_0p5_0p02_0001_0012.uasset" 6902
"../../../Engine/Content/EngineMaterials/Substrate/GLints/dict_16_192_64_0p5_0p02_0001_0006.uasset" 6903
"../../../Engine/Content/EngineMaterials/Substrate/GLints/dict_16_192_64_0p5_0p02_0001_0005.uasset" 6904
"../../../Engine/Content/EngineMaterials/Substrate/GLints/dict_16_192_64_0p5_0p02_0001_0004.uasset" 6905
"/Engine/EngineMaterials/Substrate/GLints/dict_16_192_64_0p5_0p02_0002_0002" 6906
"../../../Engine/Content/EngineMaterials/Substrate/GLints/dict_16_192_64_0p5_0p02_0001_0002.uasset" 6907
"../../../Engine/Content/EngineMaterials/Substrate/GLints/dict_16_192_64_0p5_0p02_0001_0003.uasset" 6908
"../../../Engine/Content/EngineMaterials/Substrate/GLints/dict_16_192_64_0p5_0p02_0001_0000.uasset" 6909
"../../../Engine/Content/EngineMaterials/Substrate/GLints/dict_16_192_64_0p5_0p02_0001_0001.uasset" 6910
"/Engine/EngineMaterials/Substrate/GLints/dict_16_192_64_0p5_0p02_0002_0003" 6911
"/Engine/EngineMaterials/Substrate/GLints/dict_16_192_64_0p5_0p02_0002_0004" 6912
"/Engine/EngineMaterials/Substrate/GLints/dict_16_192_64_0p5_0p02_0002_0005" 6913
"/Engine/EngineMaterials/Substrate/GLints/dict_16_192_64_0p5_0p02_0002_0006" 6914
"/Engine/EngineMaterials/Substrate/GLints/dict_16_192_64_0p5_0p02_0002_0007" 6915
"/Engine/EngineMaterials/Substrate/GLints/dict_16_192_64_0p5_0p02_0002_0008" 6916
"/Engine/EngineMaterials/Substrate/GLints/dict_16_192_64_0p5_0p02_0002_0009" 6917
"/Engine/EngineMaterials/Substrate/GLints/dict_16_192_64_0p5_0p02_0002_0010" 6918
"/Engine/EngineMaterials/Substrate/GLints/dict_16_192_64_0p5_0p02_0002_0011" 6919
"/Engine/EngineMaterials/Substrate/GLints/dict_16_192_64_0p5_0p02_0002_0012" 6920
"/Engine/EngineMaterials/Substrate/GLints/dict_16_192_64_0p5_0p02_0002_0013" 6921
"/Engine/EngineMaterials/Substrate/GLints/dict_16_192_64_0p5_0p02_0002_0014" 6922
"/Engine/EngineMaterials/Substrate/GLints/dict_16_192_64_0p5_0p02_0002_0015" 6923
"../../../Engine/Content/EngineMaterials/Substrate/GLints/dict_16_192_64_0p5_0p02_0000_0015.uasset" 6924
"../../../Engine/Content/EngineMaterials/Substrate/GLints/dict_16_192_64_0p5_0p02_0000_0014.uasset" 6925
"../../../Engine/Content/EngineMaterials/Substrate/GLints/dict_16_192_64_0p5_0p02_0000_0007.uasset" 6926
"../../../Engine/Content/EngineMaterials/Substrate/GLints/dict_16_192_64_0p5_0p02_0000_0012.uasset" 6927
"../../../Engine/Content/EngineMaterials/Substrate/GLints/dict_16_192_64_0p5_0p02_0000_0009.uasset" 6928
"../../../Engine/Content/EngineMaterials/Substrate/GLints/dict_16_192_64_0p5_0p02_0000_0010.uasset" 6929
"../../../Engine/Content/EngineMaterials/Substrate/GLints/dict_16_192_64_0p5_0p02_0000_0011.uasset" 6930
"../../../Engine/Content/EngineMaterials/Substrate/GLints/dict_16_192_64_0p5_0p02_0000_0008.uasset" 6931
"../../../Engine/Content/EngineMaterials/Substrate/GLints/dict_16_192_64_0p5_0p02_0000_0013.uasset" 6932
"../../../Engine/Content/EngineMaterials/Substrate/GLints/dict_16_192_64_0p5_0p02_0000_0006.uasset" 6933
"/Engine/EngineMaterials/Substrate/GLints/dict_16_192_64_0p5_0p02_0001_0000" 6934
"../../../Engine/Content/EngineMaterials/Substrate/GLints/dict_16_192_64_0p5_0p02_0000_0005.uasset" 6935
"../../../Engine/Content/EngineMaterials/Substrate/GLints/dict_16_192_64_0p5_0p02_0000_0004.uasset" 6936
"../../../Engine/Content/EngineMaterials/Substrate/GLints/dict_16_192_64_0p5_0p02_0000_0003.uasset" 6937
"../../../Engine/Content/EngineMaterials/Substrate/GLints/dict_16_192_64_0p5_0p02_0000_0001.uasset" 6938
"../../../Engine/Content/EngineMaterials/Substrate/GLints/dict_16_192_64_0p5_0p02_0000_0002.uasset" 6939
"/Engine/EngineMaterials/Substrate/GLints/dict_16_192_64_0p5_0p02_0001_0001" 6940
"/Engine/EngineMaterials/Substrate/GLints/dict_16_192_64_0p5_0p02_0001_0002" 6941
"/Engine/EngineMaterials/Substrate/GLints/dict_16_192_64_0p5_0p02_0001_0003" 6942
"/Engine/EngineMaterials/Substrate/GLints/dict_16_192_64_0p5_0p02_0001_0004" 6943
"/Engine/EngineMaterials/Substrate/GLints/dict_16_192_64_0p5_0p02_0001_0005" 6944
"/Engine/EngineMaterials/Substrate/GLints/dict_16_192_64_0p5_0p02_0001_0006" 6945
"/Engine/EngineMaterials/Substrate/GLints/dict_16_192_64_0p5_0p02_0001_0007" 6946
"/Engine/EngineMaterials/Substrate/GLints/dict_16_192_64_0p5_0p02_0001_0008" 6947
"/Engine/EngineMaterials/Substrate/GLints/dict_16_192_64_0p5_0p02_0001_0009" 6948
"/Engine/EngineMaterials/Substrate/GLints/dict_16_192_64_0p5_0p02_0001_0010" 6949
"/Engine/EngineMaterials/Substrate/GLints/dict_16_192_64_0p5_0p02_0001_0011" 6950
"/Engine/EngineMaterials/Substrate/GLints/dict_16_192_64_0p5_0p02_0001_0012" 6951
"/Engine/EngineMaterials/Substrate/GLints/dict_16_192_64_0p5_0p02_0001_0013" 6952
"/Engine/EngineMaterials/Substrate/GLints/dict_16_192_64_0p5_0p02_0001_0014" 6953
"/Engine/EngineMaterials/Substrate/GLints/dict_16_192_64_0p5_0p02_0001_0015" 6954
"/Engine/EngineMaterials/Substrate/GLints/dict_16_192_64_0p5_0p02_0002_0000" 6955
"../../../Engine/Content/EngineMaterials/Substrate/GLints/dict_16_192_64_0p5_0p02_0000_0000.uasset" 6956
"../../../Engine/Content/EngineMaterials/Substrate/Glints2/dict_0007_0255.uasset" 6957
"../../../Engine/Content/EngineMaterials/Substrate/GLints/AGlintTex2dArray.uasset" 6958
"../../../Engine/Content/EngineMaterials/Substrate/Glints2/dict_0007_0251.uasset" 6959
"../../../Engine/Content/EngineMaterials/Substrate/Glints2/dict_0007_0254.uasset" 6960
"../../../Engine/Content/EngineMaterials/Substrate/Glints2/dict_0007_0249.uasset" 6961
"/Engine/EngineMaterials/Substrate/GLints/dict_16_192_64_0p5_0p02_0000_0001" 6962
"../../../Engine/Content/EngineMaterials/Substrate/Glints2/dict_0007_0253.uasset" 6963
"../../../Engine/Content/EngineMaterials/Substrate/Glints2/dict_0007_0252.uasset" 6964
"../../../Engine/Content/EngineMaterials/Substrate/Glints2/dict_0007_0250.uasset" 6965
"../../../Engine/Content/EngineMaterials/Substrate/Glints2/dict_0007_0248.uasset" 6966
"/Engine/EngineMaterials/Substrate/GLints/dict_16_192_64_0p5_0p02_0000_0002" 6967
"../../../Engine/Content/EngineMaterials/Substrate/Glints2/dict_0007_0247.uasset" 6968
"../../../Engine/Content/EngineMaterials/Substrate/Glints2/dict_0007_0246.uasset" 6969
"../../../Engine/Content/EngineMaterials/Substrate/Glints2/dict_0007_0245.uasset" 6970
"../../../Engine/Content/EngineMaterials/Substrate/Glints2/dict_0007_0243.uasset" 6971
"../../../Engine/Content/EngineMaterials/Substrate/Glints2/dict_0007_0244.uasset" 6972
"../../../Engine/Content/EngineMaterials/Substrate/Glints2/dict_0007_0242.uasset" 6973
"/Engine/EngineMaterials/Substrate/GLints/dict_16_192_64_0p5_0p02_0000_0003" 6974
"../../../Engine/Content/EngineMaterials/Substrate/Glints2/dict_0007_0241.uasset" 6975
"/Engine/EngineMaterials/Substrate/GLints/dict_16_192_64_0p5_0p02_0000_0004" 6976
"/Engine/EngineMaterials/Substrate/GLints/dict_16_192_64_0p5_0p02_0000_0005" 6977
"/Engine/EngineMaterials/Substrate/GLints/dict_16_192_64_0p5_0p02_0000_0006" 6978
"/Engine/EngineMaterials/Substrate/GLints/dict_16_192_64_0p5_0p02_0000_0007" 6979
"/Engine/EngineMaterials/Substrate/GLints/dict_16_192_64_0p5_0p02_0000_0008" 6980
"/Engine/EngineMaterials/Substrate/GLints/dict_16_192_64_0p5_0p02_0000_0009" 6981
"/Engine/EngineMaterials/Substrate/GLints/dict_16_192_64_0p5_0p02_0000_0010" 6982
"/Engine/EngineMaterials/Substrate/GLints/dict_16_192_64_0p5_0p02_0000_0011" 6983
"/Engine/EngineMaterials/Substrate/GLints/dict_16_192_64_0p5_0p02_0000_0012" 6984
"/Engine/EngineMaterials/Substrate/GLints/dict_16_192_64_0p5_0p02_0000_0013" 6985
"/Engine/EngineMaterials/Substrate/GLints/dict_16_192_64_0p5_0p02_0000_0014" 6986
"/Engine/EngineMaterials/Substrate/GLints/dict_16_192_64_0p5_0p02_0000_0015" 6987
"../../../Engine/Content/EngineMaterials/Substrate/Glints2/dict_0007_0239.uasset" 6988
"../../../Engine/Content/EngineMaterials/Substrate/Glints2/dict_0007_0240.uasset" 6989
"../../../Engine/Content/EngineMaterials/Substrate/Glints2/dict_0007_0238.uasset" 6990
"../../../Engine/Content/EngineMaterials/Substrate/Glints2/dict_0007_0233.uasset" 6991
"../../../Engine/Content/EngineMaterials/Substrate/Glints2/dict_0007_0234.uasset" 6992
"../../../Engine/Content/EngineMaterials/Substrate/Glints2/dict_0007_0235.uasset" 6993
"../../../Engine/Content/EngineMaterials/Substrate/Glints2/dict_0007_0236.uasset" 6994
"../../../Engine/Content/EngineMaterials/Substrate/Glints2/dict_0007_0231.uasset" 6995
"../../../Engine/Content/EngineMaterials/Substrate/Glints2/dict_0007_0237.uasset" 6996
"../../../Engine/Content/EngineMaterials/Substrate/Glints2/dict_0007_0232.uasset" 6997
"/Engine/EngineMaterials/Substrate/Glints2/dict_0007_0241" 6998
"/Engine/EngineMaterials/Substrate/Glints2/dict_0007_0242" 6999
"../../../Engine/Content/EngineMaterials/Substrate/Glints2/dict_0007_0229.uasset" 7000
"../../../Engine/Content/EngineMaterials/Substrate/Glints2/dict_0007_0228.uasset" 7001
"../../../Engine/Content/EngineMaterials/Substrate/Glints2/dict_0007_0230.uasset" 7002
"../../../Engine/Content/EngineMaterials/Substrate/Glints2/dict_0007_0226.uasset" 7003
"../../../Engine/Content/EngineMaterials/Substrate/Glints2/dict_0007_0227.uasset" 7004
"/Engine/EngineMaterials/Substrate/Glints2/dict_0007_0243" 7005
"/Engine/EngineMaterials/Substrate/Glints2/dict_0007_0244" 7006
"/Engine/EngineMaterials/Substrate/Glints2/dict_0007_0245" 7007
"/Engine/EngineMaterials/Substrate/Glints2/dict_0007_0246" 7008
"/Engine/EngineMaterials/Substrate/Glints2/dict_0007_0247" 7009
"/Engine/EngineMaterials/Substrate/Glints2/dict_0007_0248" 7010
"/Engine/EngineMaterials/Substrate/Glints2/dict_0007_0249" 7011
"/Engine/EngineMaterials/Substrate/Glints2/dict_0007_0250" 7012
"/Engine/EngineMaterials/Substrate/Glints2/dict_0007_0251" 7013
"/Engine/EngineMaterials/Substrate/Glints2/dict_0007_0252" 7014
"/Engine/EngineMaterials/Substrate/Glints2/dict_0007_0253" 7015
"/Engine/EngineMaterials/Substrate/Glints2/dict_0007_0254" 7016
"/Engine/EngineMaterials/Substrate/Glints2/dict_0007_0255" 7017
"/Engine/EngineMaterials/Substrate/GLints/AGlintTex2dArray" 7018
"../../../Engine/Content/EngineMaterials/Substrate/Glints2/dict_0007_0225.uasset" 7019
"../../../Engine/Content/EngineMaterials/Substrate/Glints2/dict_0007_0224.uasset" 7020
"../../../Engine/Content/EngineMaterials/Substrate/Glints2/dict_0007_0223.uasset" 7021
"../../../Engine/Content/EngineMaterials/Substrate/Glints2/dict_0007_0222.uasset" 7022
"../../../Engine/Content/EngineMaterials/Substrate/Glints2/dict_0007_0221.uasset" 7023
"../../../Engine/Content/EngineMaterials/Substrate/Glints2/dict_0007_0220.uasset" 7024
"../../../Engine/Content/EngineMaterials/Substrate/Glints2/dict_0007_0219.uasset" 7025
"../../../Engine/Content/EngineMaterials/Substrate/Glints2/dict_0007_0218.uasset" 7026
"../../../Engine/Content/EngineMaterials/Substrate/Glints2/dict_0007_0217.uasset" 7027
"../../../Engine/Content/EngineMaterials/Substrate/Glints2/dict_0007_0216.uasset" 7028
"../../../Engine/Content/EngineMaterials/Substrate/Glints2/dict_0007_0215.uasset" 7029
"../../../Engine/Content/EngineMaterials/Substrate/Glints2/dict_0007_0214.uasset" 7030
"../../../Engine/Content/EngineMaterials/Substrate/Glints2/dict_0007_0212.uasset" 7031
"../../../Engine/Content/EngineMaterials/Substrate/Glints2/dict_0007_0213.uasset" 7032
"../../../Engine/Content/EngineMaterials/Substrate/Glints2/dict_0007_0211.uasset" 7033
"../../../Engine/Content/EngineMaterials/Substrate/Glints2/dict_0007_0210.uasset" 7034
"../../../Engine/Content/EngineMaterials/Substrate/Glints2/dict_0007_0209.uasset" 7035
"/Engine/EngineMaterials/Substrate/Glints2/dict_0007_0226" 7036
"/Engine/EngineMaterials/Substrate/Glints2/dict_0007_0227" 7037
"/Engine/EngineMaterials/Substrate/Glints2/dict_0007_0228" 7038
"/Engine/EngineMaterials/Substrate/Glints2/dict_0007_0229" 7039
"/Engine/EngineMaterials/Substrate/Glints2/dict_0007_0230" 7040
"/Engine/EngineMaterials/Substrate/Glints2/dict_0007_0231" 7041
"/Engine/EngineMaterials/Substrate/Glints2/dict_0007_0232" 7042
"/Engine/EngineMaterials/Substrate/Glints2/dict_0007_0233" 7043
"/Engine/EngineMaterials/Substrate/Glints2/dict_0007_0234" 7044
"/Engine/EngineMaterials/Substrate/Glints2/dict_0007_0235" 7045
"/Engine/EngineMaterials/Substrate/Glints2/dict_0007_0236" 7046
"/Engine/EngineMaterials/Substrate/Glints2/dict_0007_0237" 7047
"/Engine/EngineMaterials/Substrate/Glints2/dict_0007_0238" 7048
"/Engine/EngineMaterials/Substrate/Glints2/dict_0007_0239" 7049
"/Engine/EngineMaterials/Substrate/Glints2/dict_0007_0240" 7050
"../../../Engine/Content/EngineMaterials/Substrate/Glints2/dict_0007_0208.uasset" 7051
"../../../Engine/Content/EngineMaterials/Substrate/Glints2/dict_0007_0207.uasset" 7052
"../../../Engine/Content/EngineMaterials/Substrate/Glints2/dict_0007_0206.uasset" 7053
"../../../Engine/Content/EngineMaterials/Substrate/Glints2/dict_0007_0205.uasset" 7054
"../../../Engine/Content/EngineMaterials/Substrate/Glints2/dict_0007_0204.uasset" 7055
"../../../Engine/Content/EngineMaterials/Substrate/Glints2/dict_0007_0203.uasset" 7056
"../../../Engine/Content/EngineMaterials/Substrate/Glints2/dict_0007_0202.uasset" 7057
"../../../Engine/Content/EngineMaterials/Substrate/Glints2/dict_0007_0201.uasset" 7058
"../../../Engine/Content/EngineMaterials/Substrate/Glints2/dict_0007_0200.uasset" 7059
"../../../Engine/Content/EngineMaterials/Substrate/Glints2/dict_0007_0198.uasset" 7060
"../../../Engine/Content/EngineMaterials/Substrate/Glints2/dict_0007_0199.uasset" 7061
"../../../Engine/Content/EngineMaterials/Substrate/Glints2/dict_0007_0197.uasset" 7062
"../../../Engine/Content/EngineMaterials/Substrate/Glints2/dict_0007_0196.uasset" 7063
"../../../Engine/Content/EngineMaterials/Substrate/Glints2/dict_0007_0195.uasset" 7064
"../../../Engine/Content/EngineMaterials/Substrate/Glints2/dict_0007_0194.uasset" 7065
"/Engine/EngineMaterials/Substrate/Glints2/dict_0007_0209" 7066
"/Engine/EngineMaterials/Substrate/Glints2/dict_0007_0210" 7067
"/Engine/EngineMaterials/Substrate/Glints2/dict_0007_0211" 7068
"/Engine/EngineMaterials/Substrate/Glints2/dict_0007_0212" 7069
"/Engine/EngineMaterials/Substrate/Glints2/dict_0007_0213" 7070
"/Engine/EngineMaterials/Substrate/Glints2/dict_0007_0214" 7071
"/Engine/EngineMaterials/Substrate/Glints2/dict_0007_0215" 7072
"/Engine/EngineMaterials/Substrate/Glints2/dict_0007_0216" 7073
"/Engine/EngineMaterials/Substrate/Glints2/dict_0007_0217" 7074
"/Engine/EngineMaterials/Substrate/Glints2/dict_0007_0218" 7075
"/Engine/EngineMaterials/Substrate/Glints2/dict_0007_0219" 7076
"/Engine/EngineMaterials/Substrate/Glints2/dict_0007_0220" 7077
"/Engine/EngineMaterials/Substrate/Glints2/dict_0007_0221" 7078
"/Engine/EngineMaterials/Substrate/Glints2/dict_0007_0222" 7079
"/Engine/EngineMaterials/Substrate/Glints2/dict_0007_0223" 7080
"/Engine/EngineMaterials/Substrate/Glints2/dict_0007_0224" 7081
"/Engine/EngineMaterials/Substrate/Glints2/dict_0007_0225" 7082
"../../../Engine/Content/EngineMaterials/Substrate/Glints2/dict_0007_0193.uasset" 7083
"../../../Engine/Content/EngineMaterials/Substrate/Glints2/dict_0007_0192.uasset" 7084
"../../../Engine/Content/EngineMaterials/Substrate/Glints2/dict_0007_0191.uasset" 7085
"../../../Engine/Content/EngineMaterials/Substrate/Glints2/dict_0007_0190.uasset" 7086
"../../../Engine/Content/EngineMaterials/Substrate/Glints2/dict_0007_0189.uasset" 7087
"../../../Engine/Content/EngineMaterials/Substrate/Glints2/dict_0007_0188.uasset" 7088
"../../../Engine/Content/EngineMaterials/Substrate/Glints2/dict_0007_0187.uasset" 7089
"../../../Engine/Content/EngineMaterials/Substrate/Glints2/dict_0007_0186.uasset" 7090
"../../../Engine/Content/EngineMaterials/Substrate/Glints2/dict_0007_0185.uasset" 7091
"../../../Engine/Content/EngineMaterials/Substrate/Glints2/dict_0007_0184.uasset" 7092
"../../../Engine/Content/EngineMaterials/Substrate/Glints2/dict_0007_0183.uasset" 7093
"../../../Engine/Content/EngineMaterials/Substrate/Glints2/dict_0007_0182.uasset" 7094
"../../../Engine/Content/EngineMaterials/Substrate/Glints2/dict_0007_0181.uasset" 7095
"../../../Engine/Content/EngineMaterials/Substrate/Glints2/dict_0007_0180.uasset" 7096
"../../../Engine/Content/EngineMaterials/Substrate/Glints2/dict_0007_0179.uasset" 7097
"../../../Engine/Content/EngineMaterials/Substrate/Glints2/dict_0007_0178.uasset" 7098
"../../../Engine/Content/EngineMaterials/Substrate/Glints2/dict_0007_0177.uasset" 7099
"/Engine/EngineMaterials/Substrate/Glints2/dict_0007_0194" 7100
"/Engine/EngineMaterials/Substrate/Glints2/dict_0007_0195" 7101
"/Engine/EngineMaterials/Substrate/Glints2/dict_0007_0196" 7102
"/Engine/EngineMaterials/Substrate/Glints2/dict_0007_0197" 7103
"/Engine/EngineMaterials/Substrate/Glints2/dict_0007_0198" 7104
"/Engine/EngineMaterials/Substrate/Glints2/dict_0007_0199" 7105
"/Engine/EngineMaterials/Substrate/Glints2/dict_0007_0200" 7106
"/Engine/EngineMaterials/Substrate/Glints2/dict_0007_0201" 7107
"/Engine/EngineMaterials/Substrate/Glints2/dict_0007_0202" 7108
"/Engine/EngineMaterials/Substrate/Glints2/dict_0007_0203" 7109
"/Engine/EngineMaterials/Substrate/Glints2/dict_0007_0204" 7110
"/Engine/EngineMaterials/Substrate/Glints2/dict_0007_0205" 7111
"/Engine/EngineMaterials/Substrate/Glints2/dict_0007_0206" 7112
"/Engine/EngineMaterials/Substrate/Glints2/dict_0007_0207" 7113
"/Engine/EngineMaterials/Substrate/Glints2/dict_0007_0208" 7114
"/Engine/EngineMaterials/Substrate/Glints2/dict_0007_0177" 7115
"/Engine/EngineMaterials/Substrate/Glints2/dict_0007_0178" 7116
"/Engine/EngineMaterials/Substrate/Glints2/dict_0007_0179" 7117
"/Engine/EngineMaterials/Substrate/Glints2/dict_0007_0180" 7118
"/Engine/EngineMaterials/Substrate/Glints2/dict_0007_0181" 7119
"/Engine/EngineMaterials/Substrate/Glints2/dict_0007_0182" 7120
"/Engine/EngineMaterials/Substrate/Glints2/dict_0007_0183" 7121
"../../../Engine/Content/EngineMaterials/Substrate/Glints2/dict_0007_0176.uasset" 7122
"/Engine/EngineMaterials/Substrate/Glints2/dict_0007_0184" 7123
"/Engine/EngineMaterials/Substrate/Glints2/dict_0007_0185" 7124
"../../../Engine/Content/EngineMaterials/Substrate/Glints2/dict_0007_0175.uasset" 7125
"/Engine/EngineMaterials/Substrate/Glints2/dict_0007_0186" 7126
"../../../Engine/Content/EngineMaterials/Substrate/Glints2/dict_0007_0174.uasset" 7127
"/Engine/EngineMaterials/Substrate/Glints2/dict_0007_0187" 7128
"../../../Engine/Content/EngineMaterials/Substrate/Glints2/dict_0007_0173.uasset" 7129
"/Engine/EngineMaterials/Substrate/Glints2/dict_0007_0188" 7130
"../../../Engine/Content/EngineMaterials/Substrate/Glints2/dict_0007_0172.uasset" 7131
"/Engine/EngineMaterials/Substrate/Glints2/dict_0007_0189" 7132
"../../../Engine/Content/EngineMaterials/Substrate/Glints2/dict_0007_0171.uasset" 7133
"/Engine/EngineMaterials/Substrate/Glints2/dict_0007_0190" 7134
"../../../Engine/Content/EngineMaterials/Substrate/Glints2/dict_0007_0170.uasset" 7135
"/Engine/EngineMaterials/Substrate/Glints2/dict_0007_0191" 7136
"/Engine/EngineMaterials/Substrate/Glints2/dict_0007_0192" 7137
"../../../Engine/Content/EngineMaterials/Substrate/Glints2/dict_0007_0169.uasset" 7138
"../../../Engine/Content/EngineMaterials/Substrate/Glints2/dict_0007_0168.uasset" 7139
"/Engine/EngineMaterials/Substrate/Glints2/dict_0007_0193" 7140
"../../../Engine/Content/EngineMaterials/Substrate/Glints2/dict_0007_0167.uasset" 7141
"../../../Engine/Content/EngineMaterials/Substrate/Glints2/dict_0007_0166.uasset" 7142
"../../../Engine/Content/EngineMaterials/Substrate/Glints2/dict_0007_0165.uasset" 7143
"/Engine/EngineMaterials/Substrate/Glints2/dict_0007_0167" 7144
"../../../Engine/Content/EngineMaterials/Substrate/Glints2/dict_0007_0164.uasset" 7145
"../../../Engine/Content/EngineMaterials/Substrate/Glints2/dict_0007_0163.uasset" 7146
"/Engine/EngineMaterials/Substrate/Glints2/dict_0007_0168" 7147
"../../../Engine/Content/EngineMaterials/Substrate/Glints2/dict_0007_0162.uasset" 7148
"../../../Engine/Content/EngineMaterials/Substrate/Glints2/dict_0007_0161.uasset" 7149
"/Engine/EngineMaterials/Substrate/Glints2/dict_0007_0169" 7150
"../../../Engine/Content/EngineMaterials/Substrate/Glints2/dict_0007_0160.uasset" 7151
"/Engine/EngineMaterials/Substrate/Glints2/dict_0007_0170" 7152
"../../../Engine/Content/EngineMaterials/Substrate/Glints2/dict_0007_0159.uasset" 7153
"../../../Engine/Content/EngineMaterials/Substrate/Glints2/dict_0007_0158.uasset" 7154
"/Engine/EngineMaterials/Substrate/Glints2/dict_0007_0171" 7155
"../../../Engine/Content/EngineMaterials/Substrate/Glints2/dict_0007_0157.uasset" 7156
"../../../Engine/Content/EngineMaterials/Substrate/Glints2/dict_0007_0156.uasset" 7157
"/Engine/EngineMaterials/Substrate/Glints2/dict_0007_0172" 7158
"../../../Engine/Content/EngineMaterials/Substrate/Glints2/dict_0007_0155.uasset" 7159
"/Engine/EngineMaterials/Substrate/Glints2/dict_0007_0173" 7160
"/Engine/EngineMaterials/Substrate/Glints2/dict_0007_0174" 7161
"../../../Engine/Content/EngineMaterials/Substrate/Glints2/dict_0007_0154.uasset" 7162
"/Engine/EngineMaterials/Substrate/Glints2/dict_0007_0175" 7163
"../../../Engine/Content/EngineMaterials/Substrate/Glints2/dict_0007_0153.uasset" 7164
"../../../Engine/Content/EngineMaterials/Substrate/Glints2/dict_0007_0152.uasset" 7165
"/Engine/EngineMaterials/Substrate/Glints2/dict_0007_0176" 7166
"../../../Engine/Content/EngineMaterials/Substrate/Glints2/dict_0007_0151.uasset" 7167
"../../../Engine/Content/EngineMaterials/Substrate/Glints2/dict_0007_0150.uasset" 7168
"/Engine/EngineMaterials/Substrate/Glints2/dict_0007_0162" 7169
"../../../Engine/Content/EngineMaterials/Substrate/Glints2/dict_0007_0149.uasset" 7170
"../../../Engine/Content/EngineMaterials/Substrate/Glints2/dict_0007_0148.uasset" 7171
"../../../Engine/Content/EngineMaterials/Substrate/Glints2/dict_0007_0147.uasset" 7172
"../../../Engine/Content/EngineMaterials/Substrate/Glints2/dict_0007_0146.uasset" 7173
"/Engine/EngineMaterials/Substrate/Glints2/dict_0007_0163" 7174
"../../../Engine/Content/EngineMaterials/Substrate/Glints2/dict_0007_0145.uasset" 7175
"../../../Engine/Content/EngineMaterials/Substrate/Glints2/dict_0007_0144.uasset" 7176
"/Engine/EngineMaterials/Substrate/Glints2/dict_0007_0164" 7177
"../../../Engine/Content/EngineMaterials/Substrate/Glints2/dict_0007_0143.uasset" 7178
"../../../Engine/Content/EngineMaterials/Substrate/Glints2/dict_0007_0142.uasset" 7179
"../../../Engine/Content/EngineMaterials/Substrate/Glints2/dict_0007_0141.uasset" 7180
"../../../Engine/Content/EngineMaterials/Substrate/Glints2/dict_0007_0139.uasset" 7181
"/Engine/EngineMaterials/Substrate/Glints2/dict_0007_0165" 7182
"../../../Engine/Content/EngineMaterials/Substrate/Glints2/dict_0007_0140.uasset" 7183
"../../../Engine/Content/EngineMaterials/Substrate/Glints2/dict_0007_0138.uasset" 7184
"/Engine/EngineMaterials/Substrate/Glints2/dict_0007_0166" 7185
"../../../Engine/Content/EngineMaterials/Substrate/Glints2/dict_0007_0137.uasset" 7186
"../../../Engine/Content/EngineMaterials/Substrate/Glints2/dict_0007_0136.uasset" 7187
"/Engine/EngineMaterials/Substrate/Glints2/dict_0007_0152" 7188
"../../../Engine/Content/EngineMaterials/Substrate/Glints2/dict_0007_0135.uasset" 7189
"/Engine/EngineMaterials/Substrate/Glints2/dict_0007_0153" 7190
"/Engine/EngineMaterials/Substrate/Glints2/dict_0007_0154" 7191
"/Engine/EngineMaterials/Substrate/Glints2/dict_0007_0155" 7192
"/Engine/EngineMaterials/Substrate/Glints2/dict_0007_0156" 7193
"/Engine/EngineMaterials/Substrate/Glints2/dict_0007_0157" 7194
"/Engine/EngineMaterials/Substrate/Glints2/dict_0007_0158" 7195
"/Engine/EngineMaterials/Substrate/Glints2/dict_0007_0159" 7196
"/Engine/EngineMaterials/Substrate/Glints2/dict_0007_0160" 7197
"/Engine/EngineMaterials/Substrate/Glints2/dict_0007_0161" 7198
"../../../Engine/Content/EngineMaterials/Substrate/Glints2/dict_0007_0134.uasset" 7199
"../../../Engine/Content/EngineMaterials/Substrate/Glints2/dict_0007_0133.uasset" 7200
"/Engine/EngineMaterials/Substrate/Glints2/dict_0007_0135" 7201
"../../../Engine/Content/EngineMaterials/Substrate/Glints2/dict_0007_0132.uasset" 7202
"/Engine/EngineMaterials/Substrate/Glints2/dict_0007_0136" 7203
"../../../Engine/Content/EngineMaterials/Substrate/Glints2/dict_0007_0130.uasset" 7204
"../../../Engine/Content/EngineMaterials/Substrate/Glints2/dict_0007_0131.uasset" 7205
"../../../Engine/Content/EngineMaterials/Substrate/Glints2/dict_0007_0129.uasset" 7206
"/Engine/EngineMaterials/Substrate/Glints2/dict_0007_0137" 7207
"../../../Engine/Content/EngineMaterials/Substrate/Glints2/dict_0007_0128.uasset" 7208
"../../../Engine/Content/EngineMaterials/Substrate/Glints2/dict_0007_0127.uasset" 7209
"../../../Engine/Content/EngineMaterials/Substrate/Glints2/dict_0007_0126.uasset" 7210
"/Engine/EngineMaterials/Substrate/Glints2/dict_0007_0138" 7211
"../../../Engine/Content/EngineMaterials/Substrate/Glints2/dict_0007_0125.uasset" 7212
"../../../Engine/Content/EngineMaterials/Substrate/Glints2/dict_0007_0124.uasset" 7213
"/Engine/EngineMaterials/Substrate/Glints2/dict_0007_0139" 7214
"../../../Engine/Content/EngineMaterials/Substrate/Glints2/dict_0007_0123.uasset" 7215
"../../../Engine/Content/EngineMaterials/Substrate/Glints2/dict_0007_0122.uasset" 7216
"../../../Engine/Content/EngineMaterials/Substrate/Glints2/dict_0007_0121.uasset" 7217
"/Engine/EngineMaterials/Substrate/Glints2/dict_0007_0145" 7218
"../../../Engine/Content/EngineMaterials/Substrate/Glints2/dict_0007_0120.uasset" 7219
"/Engine/EngineMaterials/Substrate/Glints2/dict_0007_0146" 7220
"/Engine/EngineMaterials/Substrate/Glints2/dict_0007_0147" 7221
"/Engine/EngineMaterials/Substrate/Glints2/dict_0007_0148" 7222
"/Engine/EngineMaterials/Substrate/Glints2/dict_0007_0149" 7223
"/Engine/EngineMaterials/Substrate/Glints2/dict_0007_0150" 7224
"/Engine/EngineMaterials/Substrate/Glints2/dict_0007_0151" 7225
"/Engine/EngineMaterials/Substrate/Glints2/dict_0007_0140" 7226
"/Engine/EngineMaterials/Substrate/Glints2/dict_0007_0141" 7227
"/Engine/EngineMaterials/Substrate/Glints2/dict_0007_0142" 7228
"/Engine/EngineMaterials/Substrate/Glints2/dict_0007_0143" 7229
"/Engine/EngineMaterials/Substrate/Glints2/dict_0007_0144" 7230
"../../../Engine/Content/EngineMaterials/Substrate/Glints2/dict_0007_0119.uasset" 7231
"/Engine/EngineMaterials/Substrate/Glints2/dict_0007_0120" 7232
"/Engine/EngineMaterials/Substrate/Glints2/dict_0007_0121" 7233
"/Engine/EngineMaterials/Substrate/Glints2/dict_0007_0122" 7234
"/Engine/EngineMaterials/Substrate/Glints2/dict_0007_0124" 7235
"/Engine/EngineMaterials/Substrate/Glints2/dict_0007_0125" 7236
"../../../Engine/Content/EngineMaterials/Substrate/Glints2/dict_0007_0117.uasset" 7237
"../../../Engine/Content/EngineMaterials/Substrate/Glints2/dict_0007_0116.uasset" 7238
"../../../Engine/Content/EngineMaterials/Substrate/Glints2/dict_0007_0115.uasset" 7239
"../../../Engine/Content/EngineMaterials/Substrate/Glints2/dict_0007_0118.uasset" 7240
"../../../Engine/Content/EngineMaterials/Substrate/Glints2/dict_0007_0114.uasset" 7241
"../../../Engine/Content/EngineMaterials/Substrate/Glints2/dict_0007_0113.uasset" 7242
"/Engine/EngineMaterials/Substrate/Glints2/dict_0007_0126" 7243
"../../../Engine/Content/EngineMaterials/Substrate/Glints2/dict_0007_0112.uasset" 7244
"../../../Engine/Content/EngineMaterials/Substrate/Glints2/dict_0007_0111.uasset" 7245
"/Engine/EngineMaterials/Substrate/Glints2/dict_0007_0127" 7246
"../../../Engine/Content/EngineMaterials/Substrate/Glints2/dict_0007_0110.uasset" 7247
"../../../Engine/Content/EngineMaterials/Substrate/Glints2/dict_0007_0109.uasset" 7248
"/Engine/EngineMaterials/Substrate/Glints2/dict_0007_0128" 7249
"../../../Engine/Content/EngineMaterials/Substrate/Glints2/dict_0007_0108.uasset" 7250
"../../../Engine/Content/EngineMaterials/Substrate/Glints2/dict_0007_0107.uasset" 7251
"/Engine/EngineMaterials/Substrate/Glints2/dict_0007_0129" 7252
"../../../Engine/Content/EngineMaterials/Substrate/Glints2/dict_0007_0106.uasset" 7253
"../../../Engine/Content/EngineMaterials/Substrate/Glints2/dict_0007_0105.uasset" 7254
"/Engine/EngineMaterials/Substrate/Glints2/dict_0007_0130" 7255
"../../../Engine/Content/EngineMaterials/Substrate/Glints2/dict_0007_0104.uasset" 7256
"/Engine/EngineMaterials/Substrate/Glints2/dict_0007_0131" 7257
"../../../Engine/Content/EngineMaterials/Substrate/Glints2/dict_0007_0103.uasset" 7258
"/Engine/EngineMaterials/Substrate/Glints2/dict_0007_0132" 7259
"/Engine/EngineMaterials/Substrate/Glints2/dict_0007_0133" 7260
"/Engine/EngineMaterials/Substrate/Glints2/dict_0007_0134" 7261
"/Engine/EngineMaterials/Substrate/Glints2/dict_0007_0123" 7262
"/Engine/EngineMaterials/Substrate/Glints2/dict_0007_0103" 7263
"/Engine/EngineMaterials/Substrate/Glints2/dict_0007_0104" 7264
"/Engine/EngineMaterials/Substrate/Glints2/dict_0007_0105" 7265
"/Engine/EngineMaterials/Substrate/Glints2/dict_0007_0106" 7266
"/Engine/EngineMaterials/Substrate/Glints2/dict_0007_0107" 7267
"/Engine/EngineMaterials/Substrate/Glints2/dict_0007_0108" 7268
"/Engine/EngineMaterials/Substrate/Glints2/dict_0007_0109" 7269
"/Engine/EngineMaterials/Substrate/Glints2/dict_0007_0110" 7270
"/Engine/EngineMaterials/Substrate/Glints2/dict_0007_0111" 7271
"/Engine/EngineMaterials/Substrate/Glints2/dict_0007_0112" 7272
"/Engine/EngineMaterials/Substrate/Glints2/dict_0007_0113" 7273
"/Engine/EngineMaterials/Substrate/Glints2/dict_0007_0114" 7274
"/Engine/EngineMaterials/Substrate/Glints2/dict_0007_0115" 7275
"/Engine/EngineMaterials/Substrate/Glints2/dict_0007_0116" 7276
"/Engine/EngineMaterials/Substrate/Glints2/dict_0007_0117" 7277
"/Engine/EngineMaterials/Substrate/Glints2/dict_0007_0118" 7278
"/Engine/EngineMaterials/Substrate/Glints2/dict_0007_0119" 7279
"../../../Engine/Content/EngineMaterials/Substrate/Glints2/dict_0007_0102.uasset" 7280
"../../../Engine/Content/EngineMaterials/Substrate/Glints2/dict_0007_0101.uasset" 7281
"/Engine/EngineMaterials/Substrate/Glints2/dict_0007_0102" 7282
"../../../Engine/Content/EngineMaterials/Substrate/Glints2/dict_0007_0100.uasset" 7283
"../../../Engine/Content/EngineMaterials/Substrate/Glints2/dict_0007_0099.uasset" 7284
"../../../Engine/Content/EngineMaterials/Substrate/Glints2/dict_0007_0098.uasset" 7285
"/Engine/EngineMaterials/Substrate/Glints2/dict_0007_0099" 7286
"/Engine/EngineMaterials/Substrate/Glints2/dict_0007_0100" 7287
"/Engine/EngineMaterials/Substrate/Glints2/dict_0007_0101" 7288
"../../../Engine/Content/EngineMaterials/Substrate/Glints2/dict_0007_0097.uasset" 7289
"../../../Engine/Content/EngineMaterials/Substrate/Glints2/dict_0007_0096.uasset" 7290
"../../../Engine/Content/EngineMaterials/Substrate/Glints2/dict_0007_0095.uasset" 7291
"../../../Engine/Content/EngineMaterials/Substrate/Glints2/dict_0007_0094.uasset" 7292
"../../../Engine/Content/EngineMaterials/Substrate/Glints2/dict_0007_0093.uasset" 7293
"../../../Engine/Content/EngineMaterials/Substrate/Glints2/dict_0007_0092.uasset" 7294
"../../../Engine/Content/EngineMaterials/Substrate/Glints2/dict_0007_0091.uasset" 7295
"../../../Engine/Content/EngineMaterials/Substrate/Glints2/dict_0007_0090.uasset" 7296
"../../../Engine/Content/EngineMaterials/Substrate/Glints2/dict_0007_0089.uasset" 7297
"../../../Engine/Content/EngineMaterials/Substrate/Glints2/dict_0007_0088.uasset" 7298
"../../../Engine/Content/EngineMaterials/Substrate/Glints2/dict_0007_0087.uasset" 7299
"../../../Engine/Content/EngineMaterials/Substrate/Glints2/dict_0007_0086.uasset" 7300
"../../../Engine/Content/EngineMaterials/Substrate/Glints2/dict_0007_0085.uasset" 7301
"../../../Engine/Content/EngineMaterials/Substrate/Glints2/dict_0007_0084.uasset" 7302
"../../../Engine/Content/EngineMaterials/Substrate/Glints2/dict_0007_0083.uasset" 7303
"../../../Engine/Content/EngineMaterials/Substrate/Glints2/dict_0007_0082.uasset" 7304
"../../../Engine/Content/EngineMaterials/Substrate/Glints2/dict_0007_0081.uasset" 7305
"../../../Engine/Content/EngineMaterials/Substrate/Glints2/dict_0007_0080.uasset" 7306
"../../../Engine/Content/EngineMaterials/Substrate/Glints2/dict_0007_0079.uasset" 7307
"../../../Engine/Content/EngineMaterials/Substrate/Glints2/dict_0007_0078.uasset" 7308
"../../../Engine/Content/EngineMaterials/Substrate/Glints2/dict_0007_0077.uasset" 7309
"../../../Engine/Content/EngineMaterials/Substrate/Glints2/dict_0007_0076.uasset" 7310
"../../../Engine/Content/EngineMaterials/Substrate/Glints2/dict_0007_0075.uasset" 7311
"../../../Engine/Content/EngineMaterials/Substrate/Glints2/dict_0007_0074.uasset" 7312
"../../../Engine/Content/EngineMaterials/Substrate/Glints2/dict_0007_0073.uasset" 7313
"../../../Engine/Content/EngineMaterials/Substrate/Glints2/dict_0007_0072.uasset" 7314
"../../../Engine/Content/EngineMaterials/Substrate/Glints2/dict_0007_0071.uasset" 7315
"../../../Engine/Content/EngineMaterials/Substrate/Glints2/dict_0007_0070.uasset" 7316
"../../../Engine/Content/EngineMaterials/Substrate/Glints2/dict_0007_0069.uasset" 7317
"../../../Engine/Content/EngineMaterials/Substrate/Glints2/dict_0007_0068.uasset" 7318
"../../../Engine/Content/EngineMaterials/Substrate/Glints2/dict_0007_0067.uasset" 7319
"/Engine/EngineMaterials/Substrate/Glints2/dict_0007_0089" 7320
"/Engine/EngineMaterials/Substrate/Glints2/dict_0007_0090" 7321
"/Engine/EngineMaterials/Substrate/Glints2/dict_0007_0091" 7322
"/Engine/EngineMaterials/Substrate/Glints2/dict_0007_0071" 7323
"/Engine/EngineMaterials/Substrate/Glints2/dict_0007_0092" 7324
"/Engine/EngineMaterials/Substrate/Glints2/dict_0007_0072" 7325
"/Engine/EngineMaterials/Substrate/Glints2/dict_0007_0073" 7326
"/Engine/EngineMaterials/Substrate/Glints2/dict_0007_0074" 7327
"/Engine/EngineMaterials/Substrate/Glints2/dict_0007_0075" 7328
"/Engine/EngineMaterials/Substrate/Glints2/dict_0007_0076" 7329
"/Engine/EngineMaterials/Substrate/Glints2/dict_0007_0077" 7330
"/Engine/EngineMaterials/Substrate/Glints2/dict_0007_0078" 7331
"/Engine/EngineMaterials/Substrate/Glints2/dict_0007_0079" 7332
"/Engine/EngineMaterials/Substrate/Glints2/dict_0007_0080" 7333
"/Engine/EngineMaterials/Substrate/Glints2/dict_0007_0081" 7334
"/Engine/EngineMaterials/Substrate/Glints2/dict_0007_0082" 7335
"/Engine/EngineMaterials/Substrate/Glints2/dict_0007_0083" 7336
"/Engine/EngineMaterials/Substrate/Glints2/dict_0007_0093" 7337
"/Engine/EngineMaterials/Substrate/Glints2/dict_0007_0094" 7338
"/Engine/EngineMaterials/Substrate/Glints2/dict_0007_0095" 7339
"/Engine/EngineMaterials/Substrate/Glints2/dict_0007_0096" 7340
"/Engine/EngineMaterials/Substrate/Glints2/dict_0007_0097" 7341
"/Engine/EngineMaterials/Substrate/Glints2/dict_0007_0098" 7342
"/Engine/EngineMaterials/Substrate/Glints2/dict_0007_0067" 7343
"/Engine/EngineMaterials/Substrate/Glints2/dict_0007_0068" 7344
"/Engine/EngineMaterials/Substrate/Glints2/dict_0007_0069" 7345
"/Engine/EngineMaterials/Substrate/Glints2/dict_0007_0070" 7346
"/Engine/EngineMaterials/Substrate/Glints2/dict_0007_0084" 7347
"/Engine/EngineMaterials/Substrate/Glints2/dict_0007_0085" 7348
"/Engine/EngineMaterials/Substrate/Glints2/dict_0007_0086" 7349
"/Engine/EngineMaterials/Substrate/Glints2/dict_0007_0087" 7350
"/Engine/EngineMaterials/Substrate/Glints2/dict_0007_0088" 7351
"../../../Engine/Content/EngineMaterials/Substrate/Glints2/dict_0007_0066.uasset" 7352
"../../../Engine/Content/EngineMaterials/Substrate/Glints2/dict_0007_0065.uasset" 7353
"../../../Engine/Content/EngineMaterials/Substrate/Glints2/dict_0007_0063.uasset" 7354
"../../../Engine/Content/EngineMaterials/Substrate/Glints2/dict_0007_0064.uasset" 7355
"../../../Engine/Content/EngineMaterials/Substrate/Glints2/dict_0007_0062.uasset" 7356
"../../../Engine/Content/EngineMaterials/Substrate/Glints2/dict_0007_0061.uasset" 7357
"../../../Engine/Content/EngineMaterials/Substrate/Glints2/dict_0007_0060.uasset" 7358
"../../../Engine/Content/EngineMaterials/Substrate/Glints2/dict_0007_0059.uasset" 7359
"../../../Engine/Content/EngineMaterials/Substrate/Glints2/dict_0007_0058.uasset" 7360
"../../../Engine/Content/EngineMaterials/Substrate/Glints2/dict_0007_0057.uasset" 7361
"../../../Engine/Content/EngineMaterials/Substrate/Glints2/dict_0007_0056.uasset" 7362
"../../../Engine/Content/EngineMaterials/Substrate/Glints2/dict_0007_0055.uasset" 7363
"../../../Engine/Content/EngineMaterials/Substrate/Glints2/dict_0007_0054.uasset" 7364
"../../../Engine/Content/EngineMaterials/Substrate/Glints2/dict_0007_0053.uasset" 7365
"../../../Engine/Content/EngineMaterials/Substrate/Glints2/dict_0007_0052.uasset" 7366
"../../../Engine/Content/EngineMaterials/Substrate/Glints2/dict_0007_0051.uasset" 7367
"../../../Engine/Content/EngineMaterials/Substrate/Glints2/dict_0007_0050.uasset" 7368
"../../../Engine/Content/EngineMaterials/Substrate/Glints2/dict_0007_0049.uasset" 7369
"../../../Engine/Content/EngineMaterials/Substrate/Glints2/dict_0007_0048.uasset" 7370
"../../../Engine/Content/EngineMaterials/Substrate/Glints2/dict_0007_0047.uasset" 7371
"../../../Engine/Content/EngineMaterials/Substrate/Glints2/dict_0007_0046.uasset" 7372
"../../../Engine/Content/EngineMaterials/Substrate/Glints2/dict_0007_0045.uasset" 7373
"../../../Engine/Content/EngineMaterials/Substrate/Glints2/dict_0007_0044.uasset" 7374
"../../../Engine/Content/EngineMaterials/Substrate/Glints2/dict_0007_0043.uasset" 7375
"../../../Engine/Content/EngineMaterials/Substrate/Glints2/dict_0007_0042.uasset" 7376
"../../../Engine/Content/EngineMaterials/Substrate/Glints2/dict_0007_0041.uasset" 7377
"../../../Engine/Content/EngineMaterials/Substrate/Glints2/dict_0007_0040.uasset" 7378
"../../../Engine/Content/EngineMaterials/Substrate/Glints2/dict_0007_0039.uasset" 7379
"../../../Engine/Content/EngineMaterials/Substrate/Glints2/dict_0007_0038.uasset" 7380
"../../../Engine/Content/EngineMaterials/Substrate/Glints2/dict_0007_0037.uasset" 7381
"../../../Engine/Content/EngineMaterials/Substrate/Glints2/dict_0007_0036.uasset" 7382
"../../../Engine/Content/EngineMaterials/Substrate/Glints2/dict_0007_0035.uasset" 7383
"/Engine/EngineMaterials/Substrate/Glints2/dict_0007_0035" 7384
"/Engine/EngineMaterials/Substrate/Glints2/dict_0007_0036" 7385
"/Engine/EngineMaterials/Substrate/Glints2/dict_0007_0037" 7386
"/Engine/EngineMaterials/Substrate/Glints2/dict_0007_0038" 7387
"/Engine/EngineMaterials/Substrate/Glints2/dict_0007_0039" 7388
"/Engine/EngineMaterials/Substrate/Glints2/dict_0007_0040" 7389
"/Engine/EngineMaterials/Substrate/Glints2/dict_0007_0041" 7390
"/Engine/EngineMaterials/Substrate/Glints2/dict_0007_0042" 7391
"/Engine/EngineMaterials/Substrate/Glints2/dict_0007_0043" 7392
"/Engine/EngineMaterials/Substrate/Glints2/dict_0007_0044" 7393
"/Engine/EngineMaterials/Substrate/Glints2/dict_0007_0045" 7394
"/Engine/EngineMaterials/Substrate/Glints2/dict_0007_0046" 7395
"/Engine/EngineMaterials/Substrate/Glints2/dict_0007_0047" 7396
"/Engine/EngineMaterials/Substrate/Glints2/dict_0007_0048" 7397
"/Engine/EngineMaterials/Substrate/Glints2/dict_0007_0049" 7398
"/Engine/EngineMaterials/Substrate/Glints2/dict_0007_0050" 7399
"/Engine/EngineMaterials/Substrate/Glints2/dict_0007_0051" 7400
"/Engine/EngineMaterials/Substrate/Glints2/dict_0007_0052" 7401
"/Engine/EngineMaterials/Substrate/Glints2/dict_0007_0053" 7402
"/Engine/EngineMaterials/Substrate/Glints2/dict_0007_0054" 7403
"/Engine/EngineMaterials/Substrate/Glints2/dict_0007_0055" 7404
"/Engine/EngineMaterials/Substrate/Glints2/dict_0007_0056" 7405
"/Engine/EngineMaterials/Substrate/Glints2/dict_0007_0057" 7406
"/Engine/EngineMaterials/Substrate/Glints2/dict_0007_0058" 7407
"/Engine/EngineMaterials/Substrate/Glints2/dict_0007_0059" 7408
"/Engine/EngineMaterials/Substrate/Glints2/dict_0007_0060" 7409
"/Engine/EngineMaterials/Substrate/Glints2/dict_0007_0061" 7410
"/Engine/EngineMaterials/Substrate/Glints2/dict_0007_0062" 7411
"/Engine/EngineMaterials/Substrate/Glints2/dict_0007_0063" 7412
"/Engine/EngineMaterials/Substrate/Glints2/dict_0007_0064" 7413
"/Engine/EngineMaterials/Substrate/Glints2/dict_0007_0065" 7414
"/Engine/EngineMaterials/Substrate/Glints2/dict_0007_0066" 7415
"../../../Engine/Content/EngineMaterials/Substrate/Glints2/dict_0007_0034.uasset" 7416
"../../../Engine/Content/EngineMaterials/Substrate/Glints2/dict_0007_0033.uasset" 7417
"../../../Engine/Content/EngineMaterials/Substrate/Glints2/dict_0007_0031.uasset" 7418
"../../../Engine/Content/EngineMaterials/Substrate/Glints2/dict_0007_0032.uasset" 7419
"../../../Engine/Content/EngineMaterials/Substrate/Glints2/dict_0007_0030.uasset" 7420
"../../../Engine/Content/EngineMaterials/Substrate/Glints2/dict_0007_0029.uasset" 7421
"../../../Engine/Content/EngineMaterials/Substrate/Glints2/dict_0007_0028.uasset" 7422
"../../../Engine/Content/EngineMaterials/Substrate/Glints2/dict_0007_0027.uasset" 7423
"../../../Engine/Content/EngineMaterials/Substrate/Glints2/dict_0007_0026.uasset" 7424
"../../../Engine/Content/EngineMaterials/Substrate/Glints2/dict_0007_0025.uasset" 7425
"../../../Engine/Content/EngineMaterials/Substrate/Glints2/dict_0007_0024.uasset" 7426
"../../../Engine/Content/EngineMaterials/Substrate/Glints2/dict_0007_0023.uasset" 7427
"../../../Engine/Content/EngineMaterials/Substrate/Glints2/dict_0007_0021.uasset" 7428
"../../../Engine/Content/EngineMaterials/Substrate/Glints2/dict_0007_0022.uasset" 7429
"../../../Engine/Content/EngineMaterials/Substrate/Glints2/dict_0007_0020.uasset" 7430
"../../../Engine/Content/EngineMaterials/Substrate/Glints2/dict_0007_0019.uasset" 7431
"../../../Engine/Content/EngineMaterials/Substrate/Glints2/dict_0007_0018.uasset" 7432
"../../../Engine/Content/EngineMaterials/Substrate/Glints2/dict_0007_0017.uasset" 7433
"../../../Engine/Content/EngineMaterials/Substrate/Glints2/dict_0007_0016.uasset" 7434
"../../../Engine/Content/EngineMaterials/Substrate/Glints2/dict_0007_0015.uasset" 7435
"../../../Engine/Content/EngineMaterials/Substrate/Glints2/dict_0007_0014.uasset" 7436
"../../../Engine/Content/EngineMaterials/Substrate/Glints2/dict_0007_0013.uasset" 7437
"../../../Engine/Content/EngineMaterials/Substrate/Glints2/dict_0007_0012.uasset" 7438
"../../../Engine/Content/EngineMaterials/Substrate/Glints2/dict_0007_0011.uasset" 7439
"../../../Engine/Content/EngineMaterials/Substrate/Glints2/dict_0007_0010.uasset" 7440
"../../../Engine/Content/EngineMaterials/Substrate/Glints2/dict_0007_0009.uasset" 7441
"../../../Engine/Content/EngineMaterials/Substrate/Glints2/dict_0007_0008.uasset" 7442
"../../../Engine/Content/EngineMaterials/Substrate/Glints2/dict_0007_0007.uasset" 7443
"../../../Engine/Content/EngineMaterials/Substrate/Glints2/dict_0007_0006.uasset" 7444
"../../../Engine/Content/EngineMaterials/Substrate/Glints2/dict_0007_0005.uasset" 7445
"../../../Engine/Content/EngineMaterials/Substrate/Glints2/dict_0007_0003.uasset" 7446
"../../../Engine/Content/EngineMaterials/Substrate/Glints2/dict_0007_0004.uasset" 7447
"/Engine/EngineMaterials/Substrate/Glints2/dict_0007_0003" 7448
"/Engine/EngineMaterials/Substrate/Glints2/dict_0007_0004" 7449
"/Engine/EngineMaterials/Substrate/Glints2/dict_0007_0005" 7450
"/Engine/EngineMaterials/Substrate/Glints2/dict_0007_0006" 7451
"/Engine/EngineMaterials/Substrate/Glints2/dict_0007_0007" 7452
"/Engine/EngineMaterials/Substrate/Glints2/dict_0007_0008" 7453
"/Engine/EngineMaterials/Substrate/Glints2/dict_0007_0009" 7454
"/Engine/EngineMaterials/Substrate/Glints2/dict_0007_0010" 7455
"/Engine/EngineMaterials/Substrate/Glints2/dict_0007_0011" 7456
"/Engine/EngineMaterials/Substrate/Glints2/dict_0007_0012" 7457
"/Engine/EngineMaterials/Substrate/Glints2/dict_0007_0013" 7458
"/Engine/EngineMaterials/Substrate/Glints2/dict_0007_0014" 7459
"/Engine/EngineMaterials/Substrate/Glints2/dict_0007_0015" 7460
"/Engine/EngineMaterials/Substrate/Glints2/dict_0007_0016" 7461
"/Engine/EngineMaterials/Substrate/Glints2/dict_0007_0017" 7462
"/Engine/EngineMaterials/Substrate/Glints2/dict_0007_0018" 7463
"/Engine/EngineMaterials/Substrate/Glints2/dict_0007_0019" 7464
"/Engine/EngineMaterials/Substrate/Glints2/dict_0007_0020" 7465
"/Engine/EngineMaterials/Substrate/Glints2/dict_0007_0021" 7466
"/Engine/EngineMaterials/Substrate/Glints2/dict_0007_0022" 7467
"/Engine/EngineMaterials/Substrate/Glints2/dict_0007_0023" 7468
"/Engine/EngineMaterials/Substrate/Glints2/dict_0007_0024" 7469
"/Engine/EngineMaterials/Substrate/Glints2/dict_0007_0025" 7470
"/Engine/EngineMaterials/Substrate/Glints2/dict_0007_0026" 7471
"/Engine/EngineMaterials/Substrate/Glints2/dict_0007_0027" 7472
"/Engine/EngineMaterials/Substrate/Glints2/dict_0007_0028" 7473
"/Engine/EngineMaterials/Substrate/Glints2/dict_0007_0029" 7474
"/Engine/EngineMaterials/Substrate/Glints2/dict_0007_0030" 7475
"/Engine/EngineMaterials/Substrate/Glints2/dict_0007_0031" 7476
"/Engine/EngineMaterials/Substrate/Glints2/dict_0007_0032" 7477
"/Engine/EngineMaterials/Substrate/Glints2/dict_0007_0033" 7478
"/Engine/EngineMaterials/Substrate/Glints2/dict_0007_0034" 7479
"../../../Engine/Content/EngineMaterials/Substrate/Glints2/dict_0007_0002.uasset" 7480
"../../../Engine/Content/EngineMaterials/Substrate/Glints2/dict_0007_0001.uasset" 7481
"../../../Engine/Content/EngineMaterials/Substrate/Glints2/dict_0007_0000.uasset" 7482
"../../../Engine/Content/EngineMaterials/Substrate/Glints2/dict_0006_0255.uasset" 7483
"../../../Engine/Content/EngineMaterials/Substrate/Glints2/dict_0006_0254.uasset" 7484
"../../../Engine/Content/EngineMaterials/Substrate/Glints2/dict_0006_0253.uasset" 7485
"../../../Engine/Content/EngineMaterials/Substrate/Glints2/dict_0006_0252.uasset" 7486
"../../../Engine/Content/EngineMaterials/Substrate/Glints2/dict_0006_0251.uasset" 7487
"../../../Engine/Content/EngineMaterials/Substrate/Glints2/dict_0006_0250.uasset" 7488
"../../../Engine/Content/EngineMaterials/Substrate/Glints2/dict_0006_0249.uasset" 7489
"../../../Engine/Content/EngineMaterials/Substrate/Glints2/dict_0006_0248.uasset" 7490
"../../../Engine/Content/EngineMaterials/Substrate/Glints2/dict_0006_0247.uasset" 7491
"../../../Engine/Content/EngineMaterials/Substrate/Glints2/dict_0006_0246.uasset" 7492
"../../../Engine/Content/EngineMaterials/Substrate/Glints2/dict_0006_0245.uasset" 7493
"../../../Engine/Content/EngineMaterials/Substrate/Glints2/dict_0006_0244.uasset" 7494
"../../../Engine/Content/EngineMaterials/Substrate/Glints2/dict_0006_0243.uasset" 7495
"../../../Engine/Content/EngineMaterials/Substrate/Glints2/dict_0006_0242.uasset" 7496
"../../../Engine/Content/EngineMaterials/Substrate/Glints2/dict_0006_0241.uasset" 7497
"../../../Engine/Content/EngineMaterials/Substrate/Glints2/dict_0006_0240.uasset" 7498
"../../../Engine/Content/EngineMaterials/Substrate/Glints2/dict_0006_0239.uasset" 7499
"../../../Engine/Content/EngineMaterials/Substrate/Glints2/dict_0006_0238.uasset" 7500
"../../../Engine/Content/EngineMaterials/Substrate/Glints2/dict_0006_0237.uasset" 7501
"../../../Engine/Content/EngineMaterials/Substrate/Glints2/dict_0006_0236.uasset" 7502
"../../../Engine/Content/EngineMaterials/Substrate/Glints2/dict_0006_0235.uasset" 7503
"../../../Engine/Content/EngineMaterials/Substrate/Glints2/dict_0006_0234.uasset" 7504
"../../../Engine/Content/EngineMaterials/Substrate/Glints2/dict_0006_0233.uasset" 7505
"../../../Engine/Content/EngineMaterials/Substrate/Glints2/dict_0006_0232.uasset" 7506
"../../../Engine/Content/EngineMaterials/Substrate/Glints2/dict_0006_0231.uasset" 7507
"../../../Engine/Content/EngineMaterials/Substrate/Glints2/dict_0006_0230.uasset" 7508
"../../../Engine/Content/EngineMaterials/Substrate/Glints2/dict_0006_0229.uasset" 7509
"../../../Engine/Content/EngineMaterials/Substrate/Glints2/dict_0006_0228.uasset" 7510
"../../../Engine/Content/EngineMaterials/Substrate/Glints2/dict_0006_0227.uasset" 7511
"/Engine/EngineMaterials/Substrate/Glints2/dict_0006_0227" 7512
"/Engine/EngineMaterials/Substrate/Glints2/dict_0006_0228" 7513
"/Engine/EngineMaterials/Substrate/Glints2/dict_0006_0229" 7514
"/Engine/EngineMaterials/Substrate/Glints2/dict_0006_0230" 7515
"/Engine/EngineMaterials/Substrate/Glints2/dict_0006_0231" 7516
"/Engine/EngineMaterials/Substrate/Glints2/dict_0006_0232" 7517
"/Engine/EngineMaterials/Substrate/Glints2/dict_0006_0233" 7518
"/Engine/EngineMaterials/Substrate/Glints2/dict_0006_0234" 7519
"/Engine/EngineMaterials/Substrate/Glints2/dict_0006_0235" 7520
"/Engine/EngineMaterials/Substrate/Glints2/dict_0006_0236" 7521
"/Engine/EngineMaterials/Substrate/Glints2/dict_0006_0237" 7522
"/Engine/EngineMaterials/Substrate/Glints2/dict_0006_0238" 7523
"/Engine/EngineMaterials/Substrate/Glints2/dict_0006_0239" 7524
"/Engine/EngineMaterials/Substrate/Glints2/dict_0006_0240" 7525
"/Engine/EngineMaterials/Substrate/Glints2/dict_0006_0241" 7526
"/Engine/EngineMaterials/Substrate/Glints2/dict_0006_0242" 7527
"/Engine/EngineMaterials/Substrate/Glints2/dict_0006_0243" 7528
"/Engine/EngineMaterials/Substrate/Glints2/dict_0006_0244" 7529
"/Engine/EngineMaterials/Substrate/Glints2/dict_0006_0245" 7530
"/Engine/EngineMaterials/Substrate/Glints2/dict_0006_0246" 7531
"/Engine/EngineMaterials/Substrate/Glints2/dict_0006_0247" 7532
"/Engine/EngineMaterials/Substrate/Glints2/dict_0006_0248" 7533
"/Engine/EngineMaterials/Substrate/Glints2/dict_0006_0249" 7534
"/Engine/EngineMaterials/Substrate/Glints2/dict_0006_0250" 7535
"/Engine/EngineMaterials/Substrate/Glints2/dict_0006_0251" 7536
"/Engine/EngineMaterials/Substrate/Glints2/dict_0006_0252" 7537
"/Engine/EngineMaterials/Substrate/Glints2/dict_0006_0253" 7538
"/Engine/EngineMaterials/Substrate/Glints2/dict_0006_0254" 7539
"/Engine/EngineMaterials/Substrate/Glints2/dict_0006_0255" 7540
"/Engine/EngineMaterials/Substrate/Glints2/dict_0007_0000" 7541
"/Engine/EngineMaterials/Substrate/Glints2/dict_0007_0001" 7542
"/Engine/EngineMaterials/Substrate/Glints2/dict_0007_0002" 7543
"../../../Engine/Content/EngineMaterials/Substrate/Glints2/dict_0006_0225.uasset" 7544
"../../../Engine/Content/EngineMaterials/Substrate/Glints2/dict_0006_0226.uasset" 7545
"../../../Engine/Content/EngineMaterials/Substrate/Glints2/dict_0006_0224.uasset" 7546
"../../../Engine/Content/EngineMaterials/Substrate/Glints2/dict_0006_0223.uasset" 7547
"../../../Engine/Content/EngineMaterials/Substrate/Glints2/dict_0006_0222.uasset" 7548
"../../../Engine/Content/EngineMaterials/Substrate/Glints2/dict_0006_0221.uasset" 7549
"../../../Engine/Content/EngineMaterials/Substrate/Glints2/dict_0006_0220.uasset" 7550
"../../../Engine/Content/EngineMaterials/Substrate/Glints2/dict_0006_0218.uasset" 7551
"../../../Engine/Content/EngineMaterials/Substrate/Glints2/dict_0006_0217.uasset" 7552
"../../../Engine/Content/EngineMaterials/Substrate/Glints2/dict_0006_0219.uasset" 7553
"../../../Engine/Content/EngineMaterials/Substrate/Glints2/dict_0006_0216.uasset" 7554
"../../../Engine/Content/EngineMaterials/Substrate/Glints2/dict_0006_0215.uasset" 7555
"../../../Engine/Content/EngineMaterials/Substrate/Glints2/dict_0006_0213.uasset" 7556
"../../../Engine/Content/EngineMaterials/Substrate/Glints2/dict_0006_0214.uasset" 7557
"../../../Engine/Content/EngineMaterials/Substrate/Glints2/dict_0006_0212.uasset" 7558
"../../../Engine/Content/EngineMaterials/Substrate/Glints2/dict_0006_0211.uasset" 7559
"../../../Engine/Content/EngineMaterials/Substrate/Glints2/dict_0006_0210.uasset" 7560
"../../../Engine/Content/EngineMaterials/Substrate/Glints2/dict_0006_0209.uasset" 7561
"../../../Engine/Content/EngineMaterials/Substrate/Glints2/dict_0006_0208.uasset" 7562
"../../../Engine/Content/EngineMaterials/Substrate/Glints2/dict_0006_0207.uasset" 7563
"../../../Engine/Content/EngineMaterials/Substrate/Glints2/dict_0006_0206.uasset" 7564
"../../../Engine/Content/EngineMaterials/Substrate/Glints2/dict_0006_0205.uasset" 7565
"../../../Engine/Content/EngineMaterials/Substrate/Glints2/dict_0006_0204.uasset" 7566
"../../../Engine/Content/EngineMaterials/Substrate/Glints2/dict_0006_0203.uasset" 7567
"../../../Engine/Content/EngineMaterials/Substrate/Glints2/dict_0006_0202.uasset" 7568
"../../../Engine/Content/EngineMaterials/Substrate/Glints2/dict_0006_0201.uasset" 7569
"../../../Engine/Content/EngineMaterials/Substrate/Glints2/dict_0006_0200.uasset" 7570
"../../../Engine/Content/EngineMaterials/Substrate/Glints2/dict_0006_0198.uasset" 7571
"../../../Engine/Content/EngineMaterials/Substrate/Glints2/dict_0006_0199.uasset" 7572
"../../../Engine/Content/EngineMaterials/Substrate/Glints2/dict_0006_0197.uasset" 7573
"../../../Engine/Content/EngineMaterials/Substrate/Glints2/dict_0006_0196.uasset" 7574
"../../../Engine/Content/EngineMaterials/Substrate/Glints2/dict_0006_0195.uasset" 7575
"/Engine/EngineMaterials/Substrate/Glints2/dict_0006_0195" 7576
"/Engine/EngineMaterials/Substrate/Glints2/dict_0006_0196" 7577
"/Engine/EngineMaterials/Substrate/Glints2/dict_0006_0197" 7578
"/Engine/EngineMaterials/Substrate/Glints2/dict_0006_0198" 7579
"/Engine/EngineMaterials/Substrate/Glints2/dict_0006_0199" 7580
"/Engine/EngineMaterials/Substrate/Glints2/dict_0006_0200" 7581
"/Engine/EngineMaterials/Substrate/Glints2/dict_0006_0201" 7582
"/Engine/EngineMaterials/Substrate/Glints2/dict_0006_0202" 7583
"/Engine/EngineMaterials/Substrate/Glints2/dict_0006_0203" 7584
"/Engine/EngineMaterials/Substrate/Glints2/dict_0006_0204" 7585
"/Engine/EngineMaterials/Substrate/Glints2/dict_0006_0205" 7586
"/Engine/EngineMaterials/Substrate/Glints2/dict_0006_0206" 7587
"/Engine/EngineMaterials/Substrate/Glints2/dict_0006_0207" 7588
"/Engine/EngineMaterials/Substrate/Glints2/dict_0006_0208" 7589
"/Engine/EngineMaterials/Substrate/Glints2/dict_0006_0209" 7590
"/Engine/EngineMaterials/Substrate/Glints2/dict_0006_0210" 7591
"/Engine/EngineMaterials/Substrate/Glints2/dict_0006_0211" 7592
"/Engine/EngineMaterials/Substrate/Glints2/dict_0006_0212" 7593
"/Engine/EngineMaterials/Substrate/Glints2/dict_0006_0213" 7594
"/Engine/EngineMaterials/Substrate/Glints2/dict_0006_0214" 7595
"/Engine/EngineMaterials/Substrate/Glints2/dict_0006_0215" 7596
"/Engine/EngineMaterials/Substrate/Glints2/dict_0006_0216" 7597
"/Engine/EngineMaterials/Substrate/Glints2/dict_0006_0217" 7598
"/Engine/EngineMaterials/Substrate/Glints2/dict_0006_0218" 7599
"/Engine/EngineMaterials/Substrate/Glints2/dict_0006_0219" 7600
"/Engine/EngineMaterials/Substrate/Glints2/dict_0006_0220" 7601
"/Engine/EngineMaterials/Substrate/Glints2/dict_0006_0221" 7602
"/Engine/EngineMaterials/Substrate/Glints2/dict_0006_0222" 7603
"/Engine/EngineMaterials/Substrate/Glints2/dict_0006_0223" 7604
"/Engine/EngineMaterials/Substrate/Glints2/dict_0006_0224" 7605
"/Engine/EngineMaterials/Substrate/Glints2/dict_0006_0225" 7606
"/Engine/EngineMaterials/Substrate/Glints2/dict_0006_0226" 7607
"../../../Engine/Content/EngineMaterials/Substrate/Glints2/dict_0006_0193.uasset" 7608
"../../../Engine/Content/EngineMaterials/Substrate/Glints2/dict_0006_0194.uasset" 7609
"../../../Engine/Content/EngineMaterials/Substrate/Glints2/dict_0006_0192.uasset" 7610
"../../../Engine/Content/EngineMaterials/Substrate/Glints2/dict_0006_0191.uasset" 7611
"../../../Engine/Content/EngineMaterials/Substrate/Glints2/dict_0006_0190.uasset" 7612
"../../../Engine/Content/EngineMaterials/Substrate/Glints2/dict_0006_0189.uasset" 7613
"../../../Engine/Content/EngineMaterials/Substrate/Glints2/dict_0006_0188.uasset" 7614
"../../../Engine/Content/EngineMaterials/Substrate/Glints2/dict_0006_0187.uasset" 7615
"../../../Engine/Content/EngineMaterials/Substrate/Glints2/dict_0006_0186.uasset" 7616
"../../../Engine/Content/EngineMaterials/Substrate/Glints2/dict_0006_0185.uasset" 7617
"../../../Engine/Content/EngineMaterials/Substrate/Glints2/dict_0006_0184.uasset" 7618
"../../../Engine/Content/EngineMaterials/Substrate/Glints2/dict_0006_0183.uasset" 7619
"../../../Engine/Content/EngineMaterials/Substrate/Glints2/dict_0006_0181.uasset" 7620
"../../../Engine/Content/EngineMaterials/Substrate/Glints2/dict_0006_0182.uasset" 7621
"../../../Engine/Content/EngineMaterials/Substrate/Glints2/dict_0006_0180.uasset" 7622
"../../../Engine/Content/EngineMaterials/Substrate/Glints2/dict_0006_0179.uasset" 7623
"../../../Engine/Content/EngineMaterials/Substrate/Glints2/dict_0006_0178.uasset" 7624
"../../../Engine/Content/EngineMaterials/Substrate/Glints2/dict_0006_0177.uasset" 7625
"../../../Engine/Content/EngineMaterials/Substrate/Glints2/dict_0006_0176.uasset" 7626
"../../../Engine/Content/EngineMaterials/Substrate/Glints2/dict_0006_0175.uasset" 7627
"../../../Engine/Content/EngineMaterials/Substrate/Glints2/dict_0006_0174.uasset" 7628
"../../../Engine/Content/EngineMaterials/Substrate/Glints2/dict_0006_0173.uasset" 7629
"../../../Engine/Content/EngineMaterials/Substrate/Glints2/dict_0006_0172.uasset" 7630
"../../../Engine/Content/EngineMaterials/Substrate/Glints2/dict_0006_0171.uasset" 7631
"../../../Engine/Content/EngineMaterials/Substrate/Glints2/dict_0006_0170.uasset" 7632
"../../../Engine/Content/EngineMaterials/Substrate/Glints2/dict_0006_0169.uasset" 7633
"../../../Engine/Content/EngineMaterials/Substrate/Glints2/dict_0006_0168.uasset" 7634
"../../../Engine/Content/EngineMaterials/Substrate/Glints2/dict_0006_0166.uasset" 7635
"../../../Engine/Content/EngineMaterials/Substrate/Glints2/dict_0006_0167.uasset" 7636
"../../../Engine/Content/EngineMaterials/Substrate/Glints2/dict_0006_0165.uasset" 7637
"../../../Engine/Content/EngineMaterials/Substrate/Glints2/dict_0006_0164.uasset" 7638
"../../../Engine/Content/EngineMaterials/Substrate/Glints2/dict_0006_0163.uasset" 7639
"/Engine/EngineMaterials/Substrate/Glints2/dict_0006_0163" 7640
"/Engine/EngineMaterials/Substrate/Glints2/dict_0006_0164" 7641
"/Engine/EngineMaterials/Substrate/Glints2/dict_0006_0165" 7642
"/Engine/EngineMaterials/Substrate/Glints2/dict_0006_0166" 7643
"/Engine/EngineMaterials/Substrate/Glints2/dict_0006_0167" 7644
"/Engine/EngineMaterials/Substrate/Glints2/dict_0006_0168" 7645
"/Engine/EngineMaterials/Substrate/Glints2/dict_0006_0169" 7646
"/Engine/EngineMaterials/Substrate/Glints2/dict_0006_0170" 7647
"/Engine/EngineMaterials/Substrate/Glints2/dict_0006_0171" 7648
"/Engine/EngineMaterials/Substrate/Glints2/dict_0006_0172" 7649
"/Engine/EngineMaterials/Substrate/Glints2/dict_0006_0173" 7650
"/Engine/EngineMaterials/Substrate/Glints2/dict_0006_0174" 7651
"/Engine/EngineMaterials/Substrate/Glints2/dict_0006_0175" 7652
"/Engine/EngineMaterials/Substrate/Glints2/dict_0006_0176" 7653
"/Engine/EngineMaterials/Substrate/Glints2/dict_0006_0177" 7654
"/Engine/EngineMaterials/Substrate/Glints2/dict_0006_0178" 7655
"/Engine/EngineMaterials/Substrate/Glints2/dict_0006_0179" 7656
"/Engine/EngineMaterials/Substrate/Glints2/dict_0006_0180" 7657
"/Engine/EngineMaterials/Substrate/Glints2/dict_0006_0181" 7658
"/Engine/EngineMaterials/Substrate/Glints2/dict_0006_0182" 7659
"/Engine/EngineMaterials/Substrate/Glints2/dict_0006_0183" 7660
"/Engine/EngineMaterials/Substrate/Glints2/dict_0006_0184" 7661
"/Engine/EngineMaterials/Substrate/Glints2/dict_0006_0185" 7662
"/Engine/EngineMaterials/Substrate/Glints2/dict_0006_0186" 7663
"/Engine/EngineMaterials/Substrate/Glints2/dict_0006_0187" 7664
"/Engine/EngineMaterials/Substrate/Glints2/dict_0006_0188" 7665
"/Engine/EngineMaterials/Substrate/Glints2/dict_0006_0189" 7666
"/Engine/EngineMaterials/Substrate/Glints2/dict_0006_0190" 7667
"/Engine/EngineMaterials/Substrate/Glints2/dict_0006_0191" 7668
"/Engine/EngineMaterials/Substrate/Glints2/dict_0006_0192" 7669
"/Engine/EngineMaterials/Substrate/Glints2/dict_0006_0193" 7670
"/Engine/EngineMaterials/Substrate/Glints2/dict_0006_0194" 7671
"../../../Engine/Content/EngineMaterials/Substrate/Glints2/dict_0006_0162.uasset" 7672
"../../../Engine/Content/EngineMaterials/Substrate/Glints2/dict_0006_0161.uasset" 7673
"../../../Engine/Content/EngineMaterials/Substrate/Glints2/dict_0006_0160.uasset" 7674
"../../../Engine/Content/EngineMaterials/Substrate/Glints2/dict_0006_0159.uasset" 7675
"../../../Engine/Content/EngineMaterials/Substrate/Glints2/dict_0006_0158.uasset" 7676
"../../../Engine/Content/EngineMaterials/Substrate/Glints2/dict_0006_0157.uasset" 7677
"../../../Engine/Content/EngineMaterials/Substrate/Glints2/dict_0006_0156.uasset" 7678
"../../../Engine/Content/EngineMaterials/Substrate/Glints2/dict_0006_0154.uasset" 7679
"../../../Engine/Content/EngineMaterials/Substrate/Glints2/dict_0006_0155.uasset" 7680
"../../../Engine/Content/EngineMaterials/Substrate/Glints2/dict_0006_0153.uasset" 7681
"../../../Engine/Content/EngineMaterials/Substrate/Glints2/dict_0006_0152.uasset" 7682
"../../../Engine/Content/EngineMaterials/Substrate/Glints2/dict_0006_0151.uasset" 7683
"../../../Engine/Content/EngineMaterials/Substrate/Glints2/dict_0006_0150.uasset" 7684
"../../../Engine/Content/EngineMaterials/Substrate/Glints2/dict_0006_0149.uasset" 7685
"../../../Engine/Content/EngineMaterials/Substrate/Glints2/dict_0006_0148.uasset" 7686
"../../../Engine/Content/EngineMaterials/Substrate/Glints2/dict_0006_0147.uasset" 7687
"../../../Engine/Content/EngineMaterials/Substrate/Glints2/dict_0006_0146.uasset" 7688
"../../../Engine/Content/EngineMaterials/Substrate/Glints2/dict_0006_0145.uasset" 7689
"../../../Engine/Content/EngineMaterials/Substrate/Glints2/dict_0006_0144.uasset" 7690
"../../../Engine/Content/EngineMaterials/Substrate/Glints2/dict_0006_0142.uasset" 7691
"../../../Engine/Content/EngineMaterials/Substrate/Glints2/dict_0006_0143.uasset" 7692
"../../../Engine/Content/EngineMaterials/Substrate/Glints2/dict_0006_0141.uasset" 7693
"../../../Engine/Content/EngineMaterials/Substrate/Glints2/dict_0006_0140.uasset" 7694
"../../../Engine/Content/EngineMaterials/Substrate/Glints2/dict_0006_0139.uasset" 7695
"../../../Engine/Content/EngineMaterials/Substrate/Glints2/dict_0006_0138.uasset" 7696
"../../../Engine/Content/EngineMaterials/Substrate/Glints2/dict_0006_0137.uasset" 7697
"../../../Engine/Content/EngineMaterials/Substrate/Glints2/dict_0006_0136.uasset" 7698
"../../../Engine/Content/EngineMaterials/Substrate/Glints2/dict_0006_0135.uasset" 7699
"../../../Engine/Content/EngineMaterials/Substrate/Glints2/dict_0006_0134.uasset" 7700
"../../../Engine/Content/EngineMaterials/Substrate/Glints2/dict_0006_0133.uasset" 7701
"../../../Engine/Content/EngineMaterials/Substrate/Glints2/dict_0006_0131.uasset" 7702
"../../../Engine/Content/EngineMaterials/Substrate/Glints2/dict_0006_0132.uasset" 7703
"/Engine/EngineMaterials/Substrate/Glints2/dict_0006_0131" 7704
"/Engine/EngineMaterials/Substrate/Glints2/dict_0006_0132" 7705
"/Engine/EngineMaterials/Substrate/Glints2/dict_0006_0133" 7706
"/Engine/EngineMaterials/Substrate/Glints2/dict_0006_0134" 7707
"/Engine/EngineMaterials/Substrate/Glints2/dict_0006_0135" 7708
"/Engine/EngineMaterials/Substrate/Glints2/dict_0006_0136" 7709
"/Engine/EngineMaterials/Substrate/Glints2/dict_0006_0137" 7710
"/Engine/EngineMaterials/Substrate/Glints2/dict_0006_0138" 7711
"/Engine/EngineMaterials/Substrate/Glints2/dict_0006_0139" 7712
"/Engine/EngineMaterials/Substrate/Glints2/dict_0006_0140" 7713
"/Engine/EngineMaterials/Substrate/Glints2/dict_0006_0141" 7714
"/Engine/EngineMaterials/Substrate/Glints2/dict_0006_0142" 7715
"/Engine/EngineMaterials/Substrate/Glints2/dict_0006_0143" 7716
"/Engine/EngineMaterials/Substrate/Glints2/dict_0006_0144" 7717
"/Engine/EngineMaterials/Substrate/Glints2/dict_0006_0145" 7718
"/Engine/EngineMaterials/Substrate/Glints2/dict_0006_0146" 7719
"/Engine/EngineMaterials/Substrate/Glints2/dict_0006_0147" 7720
"/Engine/EngineMaterials/Substrate/Glints2/dict_0006_0148" 7721
"/Engine/EngineMaterials/Substrate/Glints2/dict_0006_0149" 7722
"/Engine/EngineMaterials/Substrate/Glints2/dict_0006_0150" 7723
"/Engine/EngineMaterials/Substrate/Glints2/dict_0006_0151" 7724
"/Engine/EngineMaterials/Substrate/Glints2/dict_0006_0152" 7725
"/Engine/EngineMaterials/Substrate/Glints2/dict_0006_0153" 7726
"/Engine/EngineMaterials/Substrate/Glints2/dict_0006_0154" 7727
"/Engine/EngineMaterials/Substrate/Glints2/dict_0006_0155" 7728
"/Engine/EngineMaterials/Substrate/Glints2/dict_0006_0156" 7729
"/Engine/EngineMaterials/Substrate/Glints2/dict_0006_0157" 7730
"/Engine/EngineMaterials/Substrate/Glints2/dict_0006_0158" 7731
"/Engine/EngineMaterials/Substrate/Glints2/dict_0006_0159" 7732
"/Engine/EngineMaterials/Substrate/Glints2/dict_0006_0160" 7733
"/Engine/EngineMaterials/Substrate/Glints2/dict_0006_0161" 7734
"/Engine/EngineMaterials/Substrate/Glints2/dict_0006_0162" 7735
"../../../Engine/Content/EngineMaterials/Substrate/Glints2/dict_0006_0130.uasset" 7736
"../../../Engine/Content/EngineMaterials/Substrate/Glints2/dict_0006_0129.uasset" 7737
"../../../Engine/Content/EngineMaterials/Substrate/Glints2/dict_0006_0128.uasset" 7738
"../../../Engine/Content/EngineMaterials/Substrate/Glints2/dict_0006_0127.uasset" 7739
"../../../Engine/Content/EngineMaterials/Substrate/Glints2/dict_0006_0126.uasset" 7740
"../../../Engine/Content/EngineMaterials/Substrate/Glints2/dict_0006_0125.uasset" 7741
"../../../Engine/Content/EngineMaterials/Substrate/Glints2/dict_0006_0124.uasset" 7742
"../../../Engine/Content/EngineMaterials/Substrate/Glints2/dict_0006_0123.uasset" 7743
"../../../Engine/Content/EngineMaterials/Substrate/Glints2/dict_0006_0122.uasset" 7744
"../../../Engine/Content/EngineMaterials/Substrate/Glints2/dict_0006_0121.uasset" 7745
"../../../Engine/Content/EngineMaterials/Substrate/Glints2/dict_0006_0120.uasset" 7746
"../../../Engine/Content/EngineMaterials/Substrate/Glints2/dict_0006_0119.uasset" 7747
"../../../Engine/Content/EngineMaterials/Substrate/Glints2/dict_0006_0118.uasset" 7748
"../../../Engine/Content/EngineMaterials/Substrate/Glints2/dict_0006_0117.uasset" 7749
"../../../Engine/Content/EngineMaterials/Substrate/Glints2/dict_0006_0116.uasset" 7750
"../../../Engine/Content/EngineMaterials/Substrate/Glints2/dict_0006_0115.uasset" 7751
"../../../Engine/Content/EngineMaterials/Substrate/Glints2/dict_0006_0114.uasset" 7752
"../../../Engine/Content/EngineMaterials/Substrate/Glints2/dict_0006_0113.uasset" 7753
"../../../Engine/Content/EngineMaterials/Substrate/Glints2/dict_0006_0111.uasset" 7754
"../../../Engine/Content/EngineMaterials/Substrate/Glints2/dict_0006_0112.uasset" 7755
"../../../Engine/Content/EngineMaterials/Substrate/Glints2/dict_0006_0110.uasset" 7756
"../../../Engine/Content/EngineMaterials/Substrate/Glints2/dict_0006_0109.uasset" 7757
"../../../Engine/Content/EngineMaterials/Substrate/Glints2/dict_0006_0108.uasset" 7758
"../../../Engine/Content/EngineMaterials/Substrate/Glints2/dict_0006_0107.uasset" 7759
"../../../Engine/Content/EngineMaterials/Substrate/Glints2/dict_0006_0106.uasset" 7760
"/Engine/EngineMaterials/Substrate/Glints2/dict_0006_0110" 7761
"../../../Engine/Content/EngineMaterials/Substrate/Glints2/dict_0006_0105.uasset" 7762
"../../../Engine/Content/EngineMaterials/Substrate/Glints2/dict_0006_0104.uasset" 7763
"../../../Engine/Content/EngineMaterials/Substrate/Glints2/dict_0006_0103.uasset" 7764
"../../../Engine/Content/EngineMaterials/Substrate/Glints2/dict_0006_0102.uasset" 7765
"../../../Engine/Content/EngineMaterials/Substrate/Glints2/dict_0006_0101.uasset" 7766
"../../../Engine/Content/EngineMaterials/Substrate/Glints2/dict_0006_0100.uasset" 7767
"../../../Engine/Content/EngineMaterials/Substrate/Glints2/dict_0006_0099.uasset" 7768
"/Engine/EngineMaterials/Substrate/Glints2/dict_0006_0111" 7769
"/Engine/EngineMaterials/Substrate/Glints2/dict_0006_0112" 7770
"/Engine/EngineMaterials/Substrate/Glints2/dict_0006_0113" 7771
"/Engine/EngineMaterials/Substrate/Glints2/dict_0006_0114" 7772
"/Engine/EngineMaterials/Substrate/Glints2/dict_0006_0115" 7773
"/Engine/EngineMaterials/Substrate/Glints2/dict_0006_0116" 7774
"/Engine/EngineMaterials/Substrate/Glints2/dict_0006_0117" 7775
"/Engine/EngineMaterials/Substrate/Glints2/dict_0006_0118" 7776
"/Engine/EngineMaterials/Substrate/Glints2/dict_0006_0119" 7777
"/Engine/EngineMaterials/Substrate/Glints2/dict_0006_0120" 7778
"/Engine/EngineMaterials/Substrate/Glints2/dict_0006_0121" 7779
"/Engine/EngineMaterials/Substrate/Glints2/dict_0006_0122" 7780
"/Engine/EngineMaterials/Substrate/Glints2/dict_0006_0123" 7781
"/Engine/EngineMaterials/Substrate/Glints2/dict_0006_0124" 7782
"/Engine/EngineMaterials/Substrate/Glints2/dict_0006_0125" 7783
"/Engine/EngineMaterials/Substrate/Glints2/dict_0006_0126" 7784
"/Engine/EngineMaterials/Substrate/Glints2/dict_0006_0127" 7785
"/Engine/EngineMaterials/Substrate/Glints2/dict_0006_0128" 7786
"/Engine/EngineMaterials/Substrate/Glints2/dict_0006_0129" 7787
"/Engine/EngineMaterials/Substrate/Glints2/dict_0006_0130" 7788
"../../../Engine/Content/EngineMaterials/Substrate/Glints2/dict_0006_0098.uasset" 7789
"/Engine/EngineMaterials/Substrate/Glints2/dict_0006_0099" 7790
"/Engine/EngineMaterials/Substrate/Glints2/dict_0006_0100" 7791
"/Engine/EngineMaterials/Substrate/Glints2/dict_0006_0101" 7792
"../../../Engine/Content/EngineMaterials/Substrate/Glints2/dict_0006_0097.uasset" 7793
"/Engine/EngineMaterials/Substrate/Glints2/dict_0006_0102" 7794
"/Engine/EngineMaterials/Substrate/Glints2/dict_0006_0103" 7795
"../../../Engine/Content/EngineMaterials/Substrate/Glints2/dict_0006_0096.uasset" 7796
"/Engine/EngineMaterials/Substrate/Glints2/dict_0006_0104" 7797
"/Engine/EngineMaterials/Substrate/Glints2/dict_0006_0105" 7798
"../../../Engine/Content/EngineMaterials/Substrate/Glints2/dict_0006_0095.uasset" 7799
"/Engine/EngineMaterials/Substrate/Glints2/dict_0006_0106" 7800
"/Engine/EngineMaterials/Substrate/Glints2/dict_0006_0107" 7801
"../../../Engine/Content/EngineMaterials/Substrate/Glints2/dict_0006_0094.uasset" 7802
"/Engine/EngineMaterials/Substrate/Glints2/dict_0006_0108" 7803
"/Engine/EngineMaterials/Substrate/Glints2/dict_0006_0109" 7804
"../../../Engine/Content/EngineMaterials/Substrate/Glints2/dict_0006_0093.uasset" 7805
"/Engine/EngineMaterials/Substrate/Glints2/dict_0006_0094" 7806
"../../../Engine/Content/EngineMaterials/Substrate/Glints2/dict_0006_0092.uasset" 7807
"/Engine/EngineMaterials/Substrate/Glints2/dict_0006_0095" 7808
"../../../Engine/Content/EngineMaterials/Substrate/Glints2/dict_0006_0091.uasset" 7809
"/Engine/EngineMaterials/Substrate/Glints2/dict_0006_0096" 7810
"../../../Engine/Content/EngineMaterials/Substrate/Glints2/dict_0006_0090.uasset" 7811
"/Engine/EngineMaterials/Substrate/Glints2/dict_0006_0097" 7812
"/Engine/EngineMaterials/Substrate/Glints2/dict_0006_0098" 7813
"../../../Engine/Content/EngineMaterials/Substrate/Glints2/dict_0006_0089.uasset" 7814
"../../../Engine/Content/EngineMaterials/Substrate/Glints2/dict_0006_0088.uasset" 7815
"/Engine/EngineMaterials/Substrate/Glints2/dict_0006_0089" 7816
"/Engine/EngineMaterials/Substrate/Glints2/dict_0006_0090" 7817
"../../../Engine/Content/EngineMaterials/Substrate/Glints2/dict_0006_0087.uasset" 7818
"../../../Engine/Content/EngineMaterials/Substrate/Glints2/dict_0006_0086.uasset" 7819
"/Engine/EngineMaterials/Substrate/Glints2/dict_0006_0091" 7820
"/Engine/EngineMaterials/Substrate/Glints2/dict_0006_0092" 7821
"../../../Engine/Content/EngineMaterials/Substrate/Glints2/dict_0006_0085.uasset" 7822
"/Engine/EngineMaterials/Substrate/Glints2/dict_0006_0093" 7823
"/Engine/EngineMaterials/Substrate/Glints2/dict_0006_0086" 7824
"../../../Engine/Content/EngineMaterials/Substrate/Glints2/dict_0006_0084.uasset" 7825
"/Engine/EngineMaterials/Substrate/Glints2/dict_0006_0087" 7826
"../../../Engine/Content/EngineMaterials/Substrate/Glints2/dict_0006_0083.uasset" 7827
"/Engine/EngineMaterials/Substrate/Glints2/dict_0006_0088" 7828
"../../../Engine/Content/EngineMaterials/Substrate/Glints2/dict_0006_0082.uasset" 7829
"/Engine/EngineMaterials/Substrate/Glints2/dict_0006_0083" 7830
"../../../Engine/Content/EngineMaterials/Substrate/Glints2/dict_0006_0081.uasset" 7831
"/Engine/EngineMaterials/Substrate/Glints2/dict_0006_0084" 7832
"../../../Engine/Content/EngineMaterials/Substrate/Glints2/dict_0006_0080.uasset" 7833
"../../../Engine/Content/EngineMaterials/Substrate/Glints2/dict_0006_0079.uasset" 7834
"/Engine/EngineMaterials/Substrate/Glints2/dict_0006_0085" 7835
"../../../Engine/Content/EngineMaterials/Substrate/Glints2/dict_0006_0078.uasset" 7836
"../../../Engine/Content/EngineMaterials/Substrate/Glints2/dict_0006_0077.uasset" 7837
"/Engine/EngineMaterials/Substrate/Glints2/dict_0006_0079" 7838
"../../../Engine/Content/EngineMaterials/Substrate/Glints2/dict_0006_0076.uasset" 7839
"/Engine/EngineMaterials/Substrate/Glints2/dict_0006_0080" 7840
"../../../Engine/Content/EngineMaterials/Substrate/Glints2/dict_0006_0074.uasset" 7841
"../../../Engine/Content/EngineMaterials/Substrate/Glints2/dict_0006_0075.uasset" 7842
"/Engine/EngineMaterials/Substrate/Glints2/dict_0006_0081" 7843
"../../../Engine/Content/EngineMaterials/Substrate/Glints2/dict_0006_0072.uasset" 7844
"../../../Engine/Content/EngineMaterials/Substrate/Glints2/dict_0006_0073.uasset" 7845
"/Engine/EngineMaterials/Substrate/Glints2/dict_0006_0082" 7846
"../../../Engine/Content/EngineMaterials/Substrate/Glints2/dict_0006_0071.uasset" 7847
"../../../Engine/Content/EngineMaterials/Substrate/Glints2/dict_0006_0070.uasset" 7848
"/Engine/EngineMaterials/Substrate/Glints2/dict_0006_0072" 7849
"../../../Engine/Content/EngineMaterials/Substrate/Glints2/dict_0006_0068.uasset" 7850
"../../../Engine/Content/EngineMaterials/Substrate/Glints2/dict_0006_0067.uasset" 7851
"/Engine/EngineMaterials/Substrate/Glints2/dict_0006_0074" 7852
"../../../Engine/Content/EngineMaterials/Substrate/Glints2/dict_0006_0069.uasset" 7853
"../../../Engine/Content/EngineMaterials/Substrate/Glints2/dict_0006_0066.uasset" 7854
"../../../Engine/Content/EngineMaterials/Substrate/Glints2/dict_0006_0065.uasset" 7855
"/Engine/EngineMaterials/Substrate/Glints2/dict_0006_0075" 7856
"../../../Engine/Content/EngineMaterials/Substrate/Glints2/dict_0006_0064.uasset" 7857
"../../../Engine/Content/EngineMaterials/Substrate/Glints2/dict_0006_0063.uasset" 7858
"../../../Engine/Content/EngineMaterials/Substrate/Glints2/dict_0006_0062.uasset" 7859
"../../../Engine/Content/EngineMaterials/Substrate/Glints2/dict_0006_0061.uasset" 7860
"/Engine/EngineMaterials/Substrate/Glints2/dict_0006_0076" 7861
"../../../Engine/Content/EngineMaterials/Substrate/Glints2/dict_0006_0060.uasset" 7862
"../../../Engine/Content/EngineMaterials/Substrate/Glints2/dict_0006_0059.uasset" 7863
"../../../Engine/Content/EngineMaterials/Substrate/Glints2/dict_0006_0058.uasset" 7864
"/Engine/EngineMaterials/Substrate/Glints2/dict_0006_0077" 7865
"../../../Engine/Content/EngineMaterials/Substrate/Glints2/dict_0006_0057.uasset" 7866
"../../../Engine/Content/EngineMaterials/Substrate/Glints2/dict_0006_0056.uasset" 7867
"../../../Engine/Content/EngineMaterials/Substrate/Glints2/dict_0006_0055.uasset" 7868
"../../../Engine/Content/EngineMaterials/Substrate/Glints2/dict_0006_0054.uasset" 7869
"/Engine/EngineMaterials/Substrate/Glints2/dict_0006_0078" 7870
"../../../Engine/Content/EngineMaterials/Substrate/Glints2/dict_0006_0053.uasset" 7871
"../../../Engine/Content/EngineMaterials/Substrate/Glints2/dict_0006_0052.uasset" 7872
"/Engine/EngineMaterials/Substrate/Glints2/dict_0006_0067" 7873
"../../../Engine/Content/EngineMaterials/Substrate/Glints2/dict_0006_0051.uasset" 7874
"/Engine/EngineMaterials/Substrate/Glints2/dict_0006_0068" 7875
"../../../Engine/Content/EngineMaterials/Substrate/Glints2/dict_0006_0050.uasset" 7876
"/Engine/EngineMaterials/Substrate/Glints2/dict_0006_0069" 7877
"../../../Engine/Content/EngineMaterials/Substrate/Glints2/dict_0006_0049.uasset" 7878
"/Engine/EngineMaterials/Substrate/Glints2/dict_0006_0070" 7879
"../../../Engine/Content/EngineMaterials/Substrate/Glints2/dict_0006_0047.uasset" 7880
"../../../Engine/Content/EngineMaterials/Substrate/Glints2/dict_0006_0048.uasset" 7881
"/Engine/EngineMaterials/Substrate/Glints2/dict_0006_0071" 7882
"../../../Engine/Content/EngineMaterials/Substrate/Glints2/dict_0006_0046.uasset" 7883
"../../../Engine/Content/EngineMaterials/Substrate/Glints2/dict_0006_0044.uasset" 7884
"../../../Engine/Content/EngineMaterials/Substrate/Glints2/dict_0006_0045.uasset" 7885
"/Engine/EngineMaterials/Substrate/Glints2/dict_0006_0073" 7886
"../../../Engine/Content/EngineMaterials/Substrate/Glints2/dict_0006_0043.uasset" 7887
"/Engine/EngineMaterials/Substrate/Glints2/dict_0006_0054" 7888
"../../../Engine/Content/EngineMaterials/Substrate/Glints2/dict_0006_0042.uasset" 7889
"../../../Engine/Content/EngineMaterials/Substrate/Glints2/dict_0006_0041.uasset" 7890
"/Engine/EngineMaterials/Substrate/Glints2/dict_0006_0055" 7891
"/Engine/EngineMaterials/Substrate/Glints2/dict_0006_0056" 7892
"/Engine/EngineMaterials/Substrate/Glints2/dict_0006_0057" 7893
"/Engine/EngineMaterials/Substrate/Glints2/dict_0006_0058" 7894
"/Engine/EngineMaterials/Substrate/Glints2/dict_0006_0059" 7895
"/Engine/EngineMaterials/Substrate/Glints2/dict_0006_0061" 7896
"/Engine/EngineMaterials/Substrate/Glints2/dict_0006_0062" 7897
"/Engine/EngineMaterials/Substrate/Glints2/dict_0006_0063" 7898
"/Engine/EngineMaterials/Substrate/Glints2/dict_0006_0064" 7899
"/Engine/EngineMaterials/Substrate/Glints2/dict_0006_0065" 7900
"/Engine/EngineMaterials/Substrate/Glints2/dict_0006_0066" 7901
"../../../Engine/Content/EngineMaterials/Substrate/Glints2/dict_0006_0040.uasset" 7902
"../../../Engine/Content/EngineMaterials/Substrate/Glints2/dict_0006_0039.uasset" 7903
"../../../Engine/Content/EngineMaterials/Substrate/Glints2/dict_0006_0037.uasset" 7904
"/Engine/EngineMaterials/Substrate/Glints2/dict_0006_0041" 7905
"../../../Engine/Content/EngineMaterials/Substrate/Glints2/dict_0006_0036.uasset" 7906
"../../../Engine/Content/EngineMaterials/Substrate/Glints2/dict_0006_0038.uasset" 7907
"../../../Engine/Content/EngineMaterials/Substrate/Glints2/dict_0006_0034.uasset" 7908
"../../../Engine/Content/EngineMaterials/Substrate/Glints2/dict_0006_0032.uasset" 7909
"../../../Engine/Content/EngineMaterials/Substrate/Glints2/dict_0006_0035.uasset" 7910
"../../../Engine/Content/EngineMaterials/Substrate/Glints2/dict_0006_0033.uasset" 7911
"../../../Engine/Content/EngineMaterials/Substrate/Glints2/dict_0006_0031.uasset" 7912
"../../../Engine/Content/EngineMaterials/Substrate/Glints2/dict_0006_0028.uasset" 7913
"../../../Engine/Content/EngineMaterials/Substrate/Glints2/dict_0006_0029.uasset" 7914
"/Engine/EngineMaterials/Substrate/Glints2/dict_0006_0042" 7915
"../../../Engine/Content/EngineMaterials/Substrate/Glints2/dict_0006_0030.uasset" 7916
"../../../Engine/Content/EngineMaterials/Substrate/Glints2/dict_0006_0026.uasset" 7917
"../../../Engine/Content/EngineMaterials/Substrate/Glints2/dict_0006_0024.uasset" 7918
"../../../Engine/Content/EngineMaterials/Substrate/Glints2/dict_0006_0025.uasset" 7919
"../../../Engine/Content/EngineMaterials/Substrate/Glints2/dict_0006_0023.uasset" 7920
"/Engine/EngineMaterials/Substrate/Glints2/dict_0006_0043" 7921
"../../../Engine/Content/EngineMaterials/Substrate/Glints2/dict_0006_0027.uasset" 7922
"/Engine/EngineMaterials/Substrate/Glints2/dict_0006_0044" 7923
"/Engine/EngineMaterials/Substrate/Glints2/dict_0006_0045" 7924
"/Engine/EngineMaterials/Substrate/Glints2/dict_0006_0046" 7925
"/Engine/EngineMaterials/Substrate/Glints2/dict_0006_0047" 7926
"/Engine/EngineMaterials/Substrate/Glints2/dict_0006_0048" 7927
"/Engine/EngineMaterials/Substrate/Glints2/dict_0006_0049" 7928
"/Engine/EngineMaterials/Substrate/Glints2/dict_0006_0050" 7929
"/Engine/EngineMaterials/Substrate/Glints2/dict_0006_0051" 7930
"/Engine/EngineMaterials/Substrate/Glints2/dict_0006_0052" 7931
"/Engine/EngineMaterials/Substrate/Glints2/dict_0006_0053" 7932
"/Engine/EngineMaterials/Substrate/Glints2/dict_0006_0060" 7933
"../../../Engine/Content/EngineMaterials/Substrate/Glints2/dict_0006_0022.uasset" 7934
"../../../Engine/Content/EngineMaterials/Substrate/Glints2/dict_0006_0020.uasset" 7935
"/Engine/EngineMaterials/Substrate/Glints2/dict_0006_0023" 7936
"../../../Engine/Content/EngineMaterials/Substrate/Glints2/dict_0006_0021.uasset" 7937
"../../../Engine/Content/EngineMaterials/Substrate/Glints2/dict_0006_0018.uasset" 7938
"../../../Engine/Content/EngineMaterials/Substrate/Glints2/dict_0006_0019.uasset" 7939
"/Engine/EngineMaterials/Substrate/Glints2/dict_0006_0024" 7940
"../../../Engine/Content/EngineMaterials/Substrate/Glints2/dict_0006_0017.uasset" 7941
"../../../Engine/Content/EngineMaterials/Substrate/Glints2/dict_0006_0014.uasset" 7942
"../../../Engine/Content/EngineMaterials/Substrate/Glints2/dict_0006_0015.uasset" 7943
"../../../Engine/Content/EngineMaterials/Substrate/Glints2/dict_0006_0016.uasset" 7944
"../../../Engine/Content/EngineMaterials/Substrate/Glints2/dict_0006_0013.uasset" 7945
"/Engine/EngineMaterials/Substrate/Glints2/dict_0006_0025" 7946
"../../../Engine/Content/EngineMaterials/Substrate/Glints2/dict_0006_0012.uasset" 7947
"../../../Engine/Content/EngineMaterials/Substrate/Glints2/dict_0006_0010.uasset" 7948
"../../../Engine/Content/EngineMaterials/Substrate/Glints2/dict_0006_0011.uasset" 7949
"../../../Engine/Content/EngineMaterials/Substrate/Glints2/dict_0006_0009.uasset" 7950
"/Engine/EngineMaterials/Substrate/Glints2/dict_0006_0026" 7951
"/Engine/EngineMaterials/Substrate/Glints2/dict_0006_0027" 7952
"/Engine/EngineMaterials/Substrate/Glints2/dict_0006_0028" 7953
"/Engine/EngineMaterials/Substrate/Glints2/dict_0006_0029" 7954
"/Engine/EngineMaterials/Substrate/Glints2/dict_0006_0030" 7955
"/Engine/EngineMaterials/Substrate/Glints2/dict_0006_0031" 7956
"/Engine/EngineMaterials/Substrate/Glints2/dict_0006_0032" 7957
"/Engine/EngineMaterials/Substrate/Glints2/dict_0006_0033" 7958
"/Engine/EngineMaterials/Substrate/Glints2/dict_0006_0034" 7959
"/Engine/EngineMaterials/Substrate/Glints2/dict_0006_0035" 7960
"/Engine/EngineMaterials/Substrate/Glints2/dict_0006_0036" 7961
"/Engine/EngineMaterials/Substrate/Glints2/dict_0006_0037" 7962
"/Engine/EngineMaterials/Substrate/Glints2/dict_0006_0038" 7963
"/Engine/EngineMaterials/Substrate/Glints2/dict_0006_0039" 7964
"/Engine/EngineMaterials/Substrate/Glints2/dict_0006_0040" 7965
"../../../Engine/Content/EngineMaterials/Substrate/Glints2/dict_0006_0008.uasset" 7966
"../../../Engine/Content/EngineMaterials/Substrate/Glints2/dict_0006_0004.uasset" 7967
"../../../Engine/Content/EngineMaterials/Substrate/Glints2/dict_0006_0003.uasset" 7968
"../../../Engine/Content/EngineMaterials/Substrate/Glints2/dict_0006_0006.uasset" 7969
"/Engine/EngineMaterials/Substrate/Glints2/dict_0006_0009" 7970
"../../../Engine/Content/EngineMaterials/Substrate/Glints2/dict_0006_0005.uasset" 7971
"../../../Engine/Content/EngineMaterials/Substrate/Glints2/dict_0006_0007.uasset" 7972
"/Engine/EngineMaterials/Substrate/Glints2/dict_0006_0010" 7973
"../../../Engine/Content/EngineMaterials/Substrate/Glints2/dict_0006_0002.uasset" 7974
"../../../Engine/Content/EngineMaterials/Substrate/Glints2/dict_0006_0001.uasset" 7975
"../../../Engine/Content/EngineMaterials/Substrate/Glints2/dict_0006_0000.uasset" 7976
"../../../Engine/Content/EngineMaterials/Substrate/Glints2/dict_0005_0255.uasset" 7977
"../../../Engine/Content/EngineMaterials/Substrate/Glints2/dict_0005_0254.uasset" 7978
"../../../Engine/Content/EngineMaterials/Substrate/Glints2/dict_0005_0253.uasset" 7979
"/Engine/EngineMaterials/Substrate/Glints2/dict_0006_0011" 7980
"../../../Engine/Content/EngineMaterials/Substrate/Glints2/dict_0005_0251.uasset" 7981
"../../../Engine/Content/EngineMaterials/Substrate/Glints2/dict_0005_0250.uasset" 7982
"../../../Engine/Content/EngineMaterials/Substrate/Glints2/dict_0005_0252.uasset" 7983
"../../../Engine/Content/EngineMaterials/Substrate/Glints2/dict_0005_0249.uasset" 7984
"../../../Engine/Content/EngineMaterials/Substrate/Glints2/dict_0005_0248.uasset" 7985
"/Engine/EngineMaterials/Substrate/Glints2/dict_0006_0012" 7986
"../../../Engine/Content/EngineMaterials/Substrate/Glints2/dict_0005_0247.uasset" 7987
"/Engine/EngineMaterials/Substrate/Glints2/dict_0006_0013" 7988
"/Engine/EngineMaterials/Substrate/Glints2/dict_0006_0014" 7989
"/Engine/EngineMaterials/Substrate/Glints2/dict_0006_0015" 7990
"/Engine/EngineMaterials/Substrate/Glints2/dict_0006_0016" 7991
"/Engine/EngineMaterials/Substrate/Glints2/dict_0006_0017" 7992
"/Engine/EngineMaterials/Substrate/Glints2/dict_0006_0018" 7993
"/Engine/EngineMaterials/Substrate/Glints2/dict_0006_0019" 7994
"/Engine/EngineMaterials/Substrate/Glints2/dict_0006_0020" 7995
"/Engine/EngineMaterials/Substrate/Glints2/dict_0006_0021" 7996
"/Engine/EngineMaterials/Substrate/Glints2/dict_0006_0022" 7997
"../../../Engine/Content/EngineMaterials/Substrate/Glints2/dict_0005_0246.uasset" 7998
"../../../Engine/Content/EngineMaterials/Substrate/Glints2/dict_0005_0245.uasset" 7999
"../../../Engine/Content/EngineMaterials/Substrate/Glints2/dict_0005_0244.uasset" 8000
"../../../Engine/Content/EngineMaterials/Substrate/Glints2/dict_0005_0243.uasset" 8001
"/Engine/EngineMaterials/Substrate/Glints2/dict_0005_0247" 8002
"../../../Engine/Content/EngineMaterials/Substrate/Glints2/dict_0005_0242.uasset" 8003
"/Engine/EngineMaterials/Substrate/Glints2/dict_0005_0248" 8004
"../../../Engine/Content/EngineMaterials/Substrate/Glints2/dict_0005_0241.uasset" 8005
"../../../Engine/Content/EngineMaterials/Substrate/Glints2/dict_0005_0240.uasset" 8006
"../../../Engine/Content/EngineMaterials/Substrate/Glints2/dict_0005_0239.uasset" 8007
"../../../Engine/Content/EngineMaterials/Substrate/Glints2/dict_0005_0238.uasset" 8008
"../../../Engine/Content/EngineMaterials/Substrate/Glints2/dict_0005_0237.uasset" 8009
"/Engine/EngineMaterials/Substrate/Glints2/dict_0005_0249" 8010
"../../../Engine/Content/EngineMaterials/Substrate/Glints2/dict_0005_0236.uasset" 8011
"../../../Engine/Content/EngineMaterials/Substrate/Glints2/dict_0005_0235.uasset" 8012
"../../../Engine/Content/EngineMaterials/Substrate/Glints2/dict_0005_0234.uasset" 8013
"../../../Engine/Content/EngineMaterials/Substrate/Glints2/dict_0005_0233.uasset" 8014
"/Engine/EngineMaterials/Substrate/Glints2/dict_0005_0250" 8015
"/Engine/EngineMaterials/Substrate/Glints2/dict_0005_0251" 8016
"/Engine/EngineMaterials/Substrate/Glints2/dict_0005_0252" 8017
"/Engine/EngineMaterials/Substrate/Glints2/dict_0005_0253" 8018
"/Engine/EngineMaterials/Substrate/Glints2/dict_0005_0254" 8019
"/Engine/EngineMaterials/Substrate/Glints2/dict_0005_0255" 8020
"/Engine/EngineMaterials/Substrate/Glints2/dict_0006_0000" 8021
"/Engine/EngineMaterials/Substrate/Glints2/dict_0006_0001" 8022
"/Engine/EngineMaterials/Substrate/Glints2/dict_0006_0002" 8023
"/Engine/EngineMaterials/Substrate/Glints2/dict_0006_0003" 8024
"/Engine/EngineMaterials/Substrate/Glints2/dict_0006_0004" 8025
"/Engine/EngineMaterials/Substrate/Glints2/dict_0006_0005" 8026
"/Engine/EngineMaterials/Substrate/Glints2/dict_0006_0006" 8027
"/Engine/EngineMaterials/Substrate/Glints2/dict_0006_0007" 8028
"/Engine/EngineMaterials/Substrate/Glints2/dict_0006_0008" 8029
"../../../Engine/Content/EngineMaterials/Substrate/Glints2/dict_0005_0229.uasset" 8030
"../../../Engine/Content/EngineMaterials/Substrate/Glints2/dict_0005_0232.uasset" 8031
"../../../Engine/Content/EngineMaterials/Substrate/Glints2/dict_0005_0226.uasset" 8032
"../../../Engine/Content/EngineMaterials/Substrate/Glints2/dict_0005_0231.uasset" 8033
"../../../Engine/Content/EngineMaterials/Substrate/Glints2/dict_0005_0230.uasset" 8034
"../../../Engine/Content/EngineMaterials/Substrate/Glints2/dict_0005_0228.uasset" 8035
"../../../Engine/Content/EngineMaterials/Substrate/Glints2/dict_0005_0225.uasset" 8036
"/Engine/EngineMaterials/Substrate/Glints2/dict_0005_0233" 8037
"../../../Engine/Content/EngineMaterials/Substrate/Glints2/dict_0005_0227.uasset" 8038
"../../../Engine/Content/EngineMaterials/Substrate/Glints2/dict_0005_0221.uasset" 8039
"../../../Engine/Content/EngineMaterials/Substrate/Glints2/dict_0005_0224.uasset" 8040
"../../../Engine/Content/EngineMaterials/Substrate/Glints2/dict_0005_0222.uasset" 8041
"../../../Engine/Content/EngineMaterials/Substrate/Glints2/dict_0005_0223.uasset" 8042
"../../../Engine/Content/EngineMaterials/Substrate/Glints2/dict_0005_0220.uasset" 8043
"../../../Engine/Content/EngineMaterials/Substrate/Glints2/dict_0005_0219.uasset" 8044
"/Engine/EngineMaterials/Substrate/Glints2/dict_0005_0234" 8045
"../../../Engine/Content/EngineMaterials/Substrate/Glints2/dict_0005_0218.uasset" 8046
"../../../Engine/Content/EngineMaterials/Substrate/Glints2/dict_0005_0217.uasset" 8047
"../../../Engine/Content/EngineMaterials/Substrate/Glints2/dict_0005_0216.uasset" 8048
"../../../Engine/Content/EngineMaterials/Substrate/Glints2/dict_0005_0215.uasset" 8049
"/Engine/EngineMaterials/Substrate/Glints2/dict_0005_0235" 8050
"/Engine/EngineMaterials/Substrate/Glints2/dict_0005_0236" 8051
"/Engine/EngineMaterials/Substrate/Glints2/dict_0005_0237" 8052
"/Engine/EngineMaterials/Substrate/Glints2/dict_0005_0238" 8053
"/Engine/EngineMaterials/Substrate/Glints2/dict_0005_0239" 8054
"/Engine/EngineMaterials/Substrate/Glints2/dict_0005_0240" 8055
"/Engine/EngineMaterials/Substrate/Glints2/dict_0005_0241" 8056
"/Engine/EngineMaterials/Substrate/Glints2/dict_0005_0242" 8057
"/Engine/EngineMaterials/Substrate/Glints2/dict_0005_0243" 8058
"/Engine/EngineMaterials/Substrate/Glints2/dict_0005_0244" 8059
"/Engine/EngineMaterials/Substrate/Glints2/dict_0005_0245" 8060
"/Engine/EngineMaterials/Substrate/Glints2/dict_0005_0246" 8061
"../../../Engine/Content/EngineMaterials/Substrate/Glints2/dict_0005_0212.uasset" 8062
"../../../Engine/Content/EngineMaterials/Substrate/Glints2/dict_0005_0210.uasset" 8063
"../../../Engine/Content/EngineMaterials/Substrate/Glints2/dict_0005_0211.uasset" 8064
"../../../Engine/Content/EngineMaterials/Substrate/Glints2/dict_0005_0208.uasset" 8065
"/Engine/EngineMaterials/Substrate/Glints2/dict_0005_0215" 8066
"../../../Engine/Content/EngineMaterials/Substrate/Glints2/dict_0005_0209.uasset" 8067
"../../../Engine/Content/EngineMaterials/Substrate/Glints2/dict_0005_0207.uasset" 8068
"../../../Engine/Content/EngineMaterials/Substrate/Glints2/dict_0005_0214.uasset" 8069
"../../../Engine/Content/EngineMaterials/Substrate/Glints2/dict_0005_0213.uasset" 8070
"../../../Engine/Content/EngineMaterials/Substrate/Glints2/dict_0005_0206.uasset" 8071
"/Engine/EngineMaterials/Substrate/Glints2/dict_0005_0216" 8072
"/Engine/EngineMaterials/Substrate/Glints2/dict_0005_0217" 8073
"../../../Engine/Content/EngineMaterials/Substrate/Glints2/dict_0005_0205.uasset" 8074
"/Engine/EngineMaterials/Substrate/Glints2/dict_0005_0218" 8075
"/Engine/EngineMaterials/Substrate/Glints2/dict_0005_0219" 8076
"/Engine/EngineMaterials/Substrate/Glints2/dict_0005_0220" 8077
"/Engine/EngineMaterials/Substrate/Glints2/dict_0005_0221" 8078
"/Engine/EngineMaterials/Substrate/Glints2/dict_0005_0222" 8079
"/Engine/EngineMaterials/Substrate/Glints2/dict_0005_0223" 8080
"/Engine/EngineMaterials/Substrate/Glints2/dict_0005_0224" 8081
"/Engine/EngineMaterials/Substrate/Glints2/dict_0005_0225" 8082
"/Engine/EngineMaterials/Substrate/Glints2/dict_0005_0226" 8083
"/Engine/EngineMaterials/Substrate/Glints2/dict_0005_0227" 8084
"/Engine/EngineMaterials/Substrate/Glints2/dict_0005_0228" 8085
"/Engine/EngineMaterials/Substrate/Glints2/dict_0005_0229" 8086
"/Engine/EngineMaterials/Substrate/Glints2/dict_0005_0230" 8087
"/Engine/EngineMaterials/Substrate/Glints2/dict_0005_0231" 8088
"/Engine/EngineMaterials/Substrate/Glints2/dict_0005_0232" 8089
"../../../Engine/Content/EngineMaterials/Substrate/Glints2/dict_0005_0203.uasset" 8090
"../../../Engine/Content/EngineMaterials/Substrate/Glints2/dict_0005_0204.uasset" 8091
"../../../Engine/Content/EngineMaterials/Substrate/Glints2/dict_0005_0201.uasset" 8092
"../../../Engine/Content/EngineMaterials/Substrate/Glints2/dict_0005_0202.uasset" 8093
"../../../Engine/Content/EngineMaterials/Substrate/Glints2/dict_0005_0200.uasset" 8094
"../../../Engine/Content/EngineMaterials/Substrate/Glints2/dict_0005_0199.uasset" 8095
"../../../Engine/Content/EngineMaterials/Substrate/Glints2/dict_0005_0198.uasset" 8096
"../../../Engine/Content/EngineMaterials/Substrate/Glints2/dict_0005_0197.uasset" 8097
"../../../Engine/Content/EngineMaterials/Substrate/Glints2/dict_0005_0196.uasset" 8098
"../../../Engine/Content/EngineMaterials/Substrate/Glints2/dict_0005_0194.uasset" 8099
"../../../Engine/Content/EngineMaterials/Substrate/Glints2/dict_0005_0195.uasset" 8100
"../../../Engine/Content/EngineMaterials/Substrate/Glints2/dict_0005_0193.uasset" 8101
"../../../Engine/Content/EngineMaterials/Substrate/Glints2/dict_0005_0192.uasset" 8102
"../../../Engine/Content/EngineMaterials/Substrate/Glints2/dict_0005_0188.uasset" 8103
"../../../Engine/Content/EngineMaterials/Substrate/Glints2/dict_0005_0190.uasset" 8104
"../../../Engine/Content/EngineMaterials/Substrate/Glints2/dict_0005_0186.uasset" 8105
"../../../Engine/Content/EngineMaterials/Substrate/Glints2/dict_0005_0191.uasset" 8106
"../../../Engine/Content/EngineMaterials/Substrate/Glints2/dict_0005_0187.uasset" 8107
"../../../Engine/Content/EngineMaterials/Substrate/Glints2/dict_0005_0189.uasset" 8108
"../../../Engine/Content/EngineMaterials/Substrate/Glints2/dict_0005_0185.uasset" 8109
"../../../Engine/Content/EngineMaterials/Substrate/Glints2/dict_0005_0184.uasset" 8110
"../../../Engine/Content/EngineMaterials/Substrate/Glints2/dict_0005_0183.uasset" 8111
"/Engine/EngineMaterials/Substrate/Glints2/dict_0005_0183" 8112
"/Engine/EngineMaterials/Substrate/Glints2/dict_0005_0184" 8113
"/Engine/EngineMaterials/Substrate/Glints2/dict_0005_0185" 8114
"/Engine/EngineMaterials/Substrate/Glints2/dict_0005_0186" 8115
"/Engine/EngineMaterials/Substrate/Glints2/dict_0005_0187" 8116
"/Engine/EngineMaterials/Substrate/Glints2/dict_0005_0201" 8117
"/Engine/EngineMaterials/Substrate/Glints2/dict_0005_0188" 8118
"/Engine/EngineMaterials/Substrate/Glints2/dict_0005_0202" 8119
"/Engine/EngineMaterials/Substrate/Glints2/dict_0005_0203" 8120
"/Engine/EngineMaterials/Substrate/Glints2/dict_0005_0204" 8121
"/Engine/EngineMaterials/Substrate/Glints2/dict_0005_0205" 8122
"/Engine/EngineMaterials/Substrate/Glints2/dict_0005_0206" 8123
"/Engine/EngineMaterials/Substrate/Glints2/dict_0005_0207" 8124
"/Engine/EngineMaterials/Substrate/Glints2/dict_0005_0208" 8125
"/Engine/EngineMaterials/Substrate/Glints2/dict_0005_0209" 8126
"/Engine/EngineMaterials/Substrate/Glints2/dict_0005_0210" 8127
"/Engine/EngineMaterials/Substrate/Glints2/dict_0005_0211" 8128
"/Engine/EngineMaterials/Substrate/Glints2/dict_0005_0212" 8129
"/Engine/EngineMaterials/Substrate/Glints2/dict_0005_0213" 8130
"/Engine/EngineMaterials/Substrate/Glints2/dict_0005_0189" 8131
"/Engine/EngineMaterials/Substrate/Glints2/dict_0005_0190" 8132
"/Engine/EngineMaterials/Substrate/Glints2/dict_0005_0191" 8133
"/Engine/EngineMaterials/Substrate/Glints2/dict_0005_0192" 8134
"/Engine/EngineMaterials/Substrate/Glints2/dict_0005_0193" 8135
"/Engine/EngineMaterials/Substrate/Glints2/dict_0005_0194" 8136
"/Engine/EngineMaterials/Substrate/Glints2/dict_0005_0214" 8137
"/Engine/EngineMaterials/Substrate/Glints2/dict_0005_0195" 8138
"/Engine/EngineMaterials/Substrate/Glints2/dict_0005_0196" 8139
"/Engine/EngineMaterials/Substrate/Glints2/dict_0005_0197" 8140
"/Engine/EngineMaterials/Substrate/Glints2/dict_0005_0198" 8141
"/Engine/EngineMaterials/Substrate/Glints2/dict_0005_0199" 8142
"/Engine/EngineMaterials/Substrate/Glints2/dict_0005_0200" 8143
"../../../Engine/Content/EngineMaterials/Substrate/Glints2/dict_0005_0182.uasset" 8144
"../../../Engine/Content/EngineMaterials/Substrate/Glints2/dict_0005_0181.uasset" 8145
"../../../Engine/Content/EngineMaterials/Substrate/Glints2/dict_0005_0180.uasset" 8146
"../../../Engine/Content/EngineMaterials/Substrate/Glints2/dict_0005_0179.uasset" 8147
"../../../Engine/Content/EngineMaterials/Substrate/Glints2/dict_0005_0178.uasset" 8148
"../../../Engine/Content/EngineMaterials/Substrate/Glints2/dict_0005_0177.uasset" 8149
"../../../Engine/Content/EngineMaterials/Substrate/Glints2/dict_0005_0176.uasset" 8150
"../../../Engine/Content/EngineMaterials/Substrate/Glints2/dict_0005_0175.uasset" 8151
"../../../Engine/Content/EngineMaterials/Substrate/Glints2/dict_0005_0174.uasset" 8152
"../../../Engine/Content/EngineMaterials/Substrate/Glints2/dict_0005_0173.uasset" 8153
"../../../Engine/Content/EngineMaterials/Substrate/Glints2/dict_0005_0172.uasset" 8154
"../../../Engine/Content/EngineMaterials/Substrate/Glints2/dict_0005_0171.uasset" 8155
"../../../Engine/Content/EngineMaterials/Substrate/Glints2/dict_0005_0170.uasset" 8156
"../../../Engine/Content/EngineMaterials/Substrate/Glints2/dict_0005_0169.uasset" 8157
"../../../Engine/Content/EngineMaterials/Substrate/Glints2/dict_0005_0168.uasset" 8158
"../../../Engine/Content/EngineMaterials/Substrate/Glints2/dict_0005_0167.uasset" 8159
"../../../Engine/Content/EngineMaterials/Substrate/Glints2/dict_0005_0166.uasset" 8160
"../../../Engine/Content/EngineMaterials/Substrate/Glints2/dict_0005_0165.uasset" 8161
"../../../Engine/Content/EngineMaterials/Substrate/Glints2/dict_0005_0164.uasset" 8162
"../../../Engine/Content/EngineMaterials/Substrate/Glints2/dict_0005_0163.uasset" 8163
"../../../Engine/Content/EngineMaterials/Substrate/Glints2/dict_0005_0162.uasset" 8164
"../../../Engine/Content/EngineMaterials/Substrate/Glints2/dict_0005_0161.uasset" 8165
"../../../Engine/Content/EngineMaterials/Substrate/Glints2/dict_0005_0160.uasset" 8166
"../../../Engine/Content/EngineMaterials/Substrate/Glints2/dict_0005_0159.uasset" 8167
"../../../Engine/Content/EngineMaterials/Substrate/Glints2/dict_0005_0158.uasset" 8168
"../../../Engine/Content/EngineMaterials/Substrate/Glints2/dict_0005_0157.uasset" 8169
"../../../Engine/Content/EngineMaterials/Substrate/Glints2/dict_0005_0156.uasset" 8170
"../../../Engine/Content/EngineMaterials/Substrate/Glints2/dict_0005_0155.uasset" 8171
"../../../Engine/Content/EngineMaterials/Substrate/Glints2/dict_0005_0153.uasset" 8172
"../../../Engine/Content/EngineMaterials/Substrate/Glints2/dict_0005_0154.uasset" 8173
"../../../Engine/Content/EngineMaterials/Substrate/Glints2/dict_0005_0152.uasset" 8174
"../../../Engine/Content/EngineMaterials/Substrate/Glints2/dict_0005_0151.uasset" 8175
"/Engine/EngineMaterials/Substrate/Glints2/dict_0005_0151" 8176
"/Engine/EngineMaterials/Substrate/Glints2/dict_0005_0152" 8177
"/Engine/EngineMaterials/Substrate/Glints2/dict_0005_0153" 8178
"/Engine/EngineMaterials/Substrate/Glints2/dict_0005_0154" 8179
"/Engine/EngineMaterials/Substrate/Glints2/dict_0005_0155" 8180
"/Engine/EngineMaterials/Substrate/Glints2/dict_0005_0156" 8181
"/Engine/EngineMaterials/Substrate/Glints2/dict_0005_0157" 8182
"/Engine/EngineMaterials/Substrate/Glints2/dict_0005_0158" 8183
"/Engine/EngineMaterials/Substrate/Glints2/dict_0005_0159" 8184
"/Engine/EngineMaterials/Substrate/Glints2/dict_0005_0160" 8185
"/Engine/EngineMaterials/Substrate/Glints2/dict_0005_0161" 8186
"/Engine/EngineMaterials/Substrate/Glints2/dict_0005_0162" 8187
"/Engine/EngineMaterials/Substrate/Glints2/dict_0005_0163" 8188
"/Engine/EngineMaterials/Substrate/Glints2/dict_0005_0164" 8189
"/Engine/EngineMaterials/Substrate/Glints2/dict_0005_0165" 8190
"/Engine/EngineMaterials/Substrate/Glints2/dict_0005_0166" 8191
"/Engine/EngineMaterials/Substrate/Glints2/dict_0005_0167" 8192
"/Engine/EngineMaterials/Substrate/Glints2/dict_0005_0168" 8193
"/Engine/EngineMaterials/Substrate/Glints2/dict_0005_0169" 8194
"/Engine/EngineMaterials/Substrate/Glints2/dict_0005_0170" 8195
"/Engine/EngineMaterials/Substrate/Glints2/dict_0005_0171" 8196
"/Engine/EngineMaterials/Substrate/Glints2/dict_0005_0172" 8197
"/Engine/EngineMaterials/Substrate/Glints2/dict_0005_0173" 8198
"/Engine/EngineMaterials/Substrate/Glints2/dict_0005_0174" 8199
"/Engine/EngineMaterials/Substrate/Glints2/dict_0005_0175" 8200
"/Engine/EngineMaterials/Substrate/Glints2/dict_0005_0176" 8201
"/Engine/EngineMaterials/Substrate/Glints2/dict_0005_0177" 8202
"/Engine/EngineMaterials/Substrate/Glints2/dict_0005_0178" 8203
"/Engine/EngineMaterials/Substrate/Glints2/dict_0005_0179" 8204
"/Engine/EngineMaterials/Substrate/Glints2/dict_0005_0180" 8205
"/Engine/EngineMaterials/Substrate/Glints2/dict_0005_0181" 8206
"/Engine/EngineMaterials/Substrate/Glints2/dict_0005_0182" 8207
"../../../Engine/Content/EngineMaterials/Substrate/Glints2/dict_0005_0148.uasset" 8208
"../../../Engine/Content/EngineMaterials/Substrate/Glints2/dict_0005_0150.uasset" 8209
"../../../Engine/Content/EngineMaterials/Substrate/Glints2/dict_0005_0146.uasset" 8210
"../../../Engine/Content/EngineMaterials/Substrate/Glints2/dict_0005_0145.uasset" 8211
"../../../Engine/Content/EngineMaterials/Substrate/Glints2/dict_0005_0142.uasset" 8212
"../../../Engine/Content/EngineMaterials/Substrate/Glints2/dict_0005_0143.uasset" 8213
"../../../Engine/Content/EngineMaterials/Substrate/Glints2/dict_0005_0149.uasset" 8214
"../../../Engine/Content/EngineMaterials/Substrate/Glints2/dict_0005_0144.uasset" 8215
"../../../Engine/Content/EngineMaterials/Substrate/Glints2/dict_0005_0147.uasset" 8216
"../../../Engine/Content/EngineMaterials/Substrate/Glints2/dict_0005_0141.uasset" 8217
"../../../Engine/Content/EngineMaterials/Substrate/Glints2/dict_0005_0140.uasset" 8218
"../../../Engine/Content/EngineMaterials/Substrate/Glints2/dict_0005_0139.uasset" 8219
"../../../Engine/Content/EngineMaterials/Substrate/Glints2/dict_0005_0138.uasset" 8220
"../../../Engine/Content/EngineMaterials/Substrate/Glints2/dict_0005_0137.uasset" 8221
"../../../Engine/Content/EngineMaterials/Substrate/Glints2/dict_0005_0135.uasset" 8222
"../../../Engine/Content/EngineMaterials/Substrate/Glints2/dict_0005_0134.uasset" 8223
"../../../Engine/Content/EngineMaterials/Substrate/Glints2/dict_0005_0136.uasset" 8224
"../../../Engine/Content/EngineMaterials/Substrate/Glints2/dict_0005_0133.uasset" 8225
"../../../Engine/Content/EngineMaterials/Substrate/Glints2/dict_0005_0132.uasset" 8226
"../../../Engine/Content/EngineMaterials/Substrate/Glints2/dict_0005_0131.uasset" 8227
"../../../Engine/Content/EngineMaterials/Substrate/Glints2/dict_0005_0130.uasset" 8228
"../../../Engine/Content/EngineMaterials/Substrate/Glints2/dict_0005_0127.uasset" 8229
"../../../Engine/Content/EngineMaterials/Substrate/Glints2/dict_0005_0126.uasset" 8230
"../../../Engine/Content/EngineMaterials/Substrate/Glints2/dict_0005_0129.uasset" 8231
"../../../Engine/Content/EngineMaterials/Substrate/Glints2/dict_0005_0125.uasset" 8232
"../../../Engine/Content/EngineMaterials/Substrate/Glints2/dict_0005_0124.uasset" 8233
"../../../Engine/Content/EngineMaterials/Substrate/Glints2/dict_0005_0123.uasset" 8234
"../../../Engine/Content/EngineMaterials/Substrate/Glints2/dict_0005_0128.uasset" 8235
"../../../Engine/Content/EngineMaterials/Substrate/Glints2/dict_0005_0122.uasset" 8236
"../../../Engine/Content/EngineMaterials/Substrate/Glints2/dict_0005_0121.uasset" 8237
"../../../Engine/Content/EngineMaterials/Substrate/Glints2/dict_0005_0119.uasset" 8238
"../../../Engine/Content/EngineMaterials/Substrate/Glints2/dict_0005_0120.uasset" 8239
"/Engine/EngineMaterials/Substrate/Glints2/dict_0005_0119" 8240
"/Engine/EngineMaterials/Substrate/Glints2/dict_0005_0120" 8241
"/Engine/EngineMaterials/Substrate/Glints2/dict_0005_0121" 8242
"/Engine/EngineMaterials/Substrate/Glints2/dict_0005_0122" 8243
"/Engine/EngineMaterials/Substrate/Glints2/dict_0005_0123" 8244
"/Engine/EngineMaterials/Substrate/Glints2/dict_0005_0124" 8245
"/Engine/EngineMaterials/Substrate/Glints2/dict_0005_0125" 8246
"/Engine/EngineMaterials/Substrate/Glints2/dict_0005_0126" 8247
"/Engine/EngineMaterials/Substrate/Glints2/dict_0005_0127" 8248
"/Engine/EngineMaterials/Substrate/Glints2/dict_0005_0128" 8249
"/Engine/EngineMaterials/Substrate/Glints2/dict_0005_0129" 8250
"/Engine/EngineMaterials/Substrate/Glints2/dict_0005_0130" 8251
"/Engine/EngineMaterials/Substrate/Glints2/dict_0005_0131" 8252
"/Engine/EngineMaterials/Substrate/Glints2/dict_0005_0132" 8253
"/Engine/EngineMaterials/Substrate/Glints2/dict_0005_0133" 8254
"/Engine/EngineMaterials/Substrate/Glints2/dict_0005_0134" 8255
"/Engine/EngineMaterials/Substrate/Glints2/dict_0005_0135" 8256
"/Engine/EngineMaterials/Substrate/Glints2/dict_0005_0136" 8257
"/Engine/EngineMaterials/Substrate/Glints2/dict_0005_0137" 8258
"/Engine/EngineMaterials/Substrate/Glints2/dict_0005_0138" 8259
"/Engine/EngineMaterials/Substrate/Glints2/dict_0005_0139" 8260
"/Engine/EngineMaterials/Substrate/Glints2/dict_0005_0140" 8261
"/Engine/EngineMaterials/Substrate/Glints2/dict_0005_0141" 8262
"/Engine/EngineMaterials/Substrate/Glints2/dict_0005_0142" 8263
"/Engine/EngineMaterials/Substrate/Glints2/dict_0005_0143" 8264
"/Engine/EngineMaterials/Substrate/Glints2/dict_0005_0144" 8265
"/Engine/EngineMaterials/Substrate/Glints2/dict_0005_0145" 8266
"/Engine/EngineMaterials/Substrate/Glints2/dict_0005_0146" 8267
"/Engine/EngineMaterials/Substrate/Glints2/dict_0005_0147" 8268
"/Engine/EngineMaterials/Substrate/Glints2/dict_0005_0148" 8269
"/Engine/EngineMaterials/Substrate/Glints2/dict_0005_0149" 8270
"/Engine/EngineMaterials/Substrate/Glints2/dict_0005_0150" 8271
"../../../Engine/Content/EngineMaterials/Substrate/Glints2/dict_0005_0116.uasset" 8272
"../../../Engine/Content/EngineMaterials/Substrate/Glints2/dict_0005_0117.uasset" 8273
"../../../Engine/Content/EngineMaterials/Substrate/Glints2/dict_0005_0112.uasset" 8274
"../../../Engine/Content/EngineMaterials/Substrate/Glints2/dict_0005_0114.uasset" 8275
"../../../Engine/Content/EngineMaterials/Substrate/Glints2/dict_0005_0118.uasset" 8276
"../../../Engine/Content/EngineMaterials/Substrate/Glints2/dict_0005_0113.uasset" 8277
"../../../Engine/Content/EngineMaterials/Substrate/Glints2/dict_0005_0115.uasset" 8278
"../../../Engine/Content/EngineMaterials/Substrate/Glints2/dict_0005_0111.uasset" 8279
"../../../Engine/Content/EngineMaterials/Substrate/Glints2/dict_0005_0109.uasset" 8280
"../../../Engine/Content/EngineMaterials/Substrate/Glints2/dict_0005_0110.uasset" 8281
"../../../Engine/Content/EngineMaterials/Substrate/Glints2/dict_0005_0108.uasset" 8282
"../../../Engine/Content/EngineMaterials/Substrate/Glints2/dict_0005_0107.uasset" 8283
"../../../Engine/Content/EngineMaterials/Substrate/Glints2/dict_0005_0106.uasset" 8284
"../../../Engine/Content/EngineMaterials/Substrate/Glints2/dict_0005_0105.uasset" 8285
"../../../Engine/Content/EngineMaterials/Substrate/Glints2/dict_0005_0103.uasset" 8286
"../../../Engine/Content/EngineMaterials/Substrate/Glints2/dict_0005_0104.uasset" 8287
"../../../Engine/Content/EngineMaterials/Substrate/Glints2/dict_0005_0102.uasset" 8288
"../../../Engine/Content/EngineMaterials/Substrate/Glints2/dict_0005_0101.uasset" 8289
"../../../Engine/Content/EngineMaterials/Substrate/Glints2/dict_0005_0100.uasset" 8290
"../../../Engine/Content/EngineMaterials/Substrate/Glints2/dict_0005_0099.uasset" 8291
"../../../Engine/Content/EngineMaterials/Substrate/Glints2/dict_0005_0097.uasset" 8292
"../../../Engine/Content/EngineMaterials/Substrate/Glints2/dict_0005_0098.uasset" 8293
"../../../Engine/Content/EngineMaterials/Substrate/Glints2/dict_0005_0096.uasset" 8294
"../../../Engine/Content/EngineMaterials/Substrate/Glints2/dict_0005_0095.uasset" 8295
"../../../Engine/Content/EngineMaterials/Substrate/Glints2/dict_0005_0093.uasset" 8296
"../../../Engine/Content/EngineMaterials/Substrate/Glints2/dict_0005_0094.uasset" 8297
"../../../Engine/Content/EngineMaterials/Substrate/Glints2/dict_0005_0092.uasset" 8298
"../../../Engine/Content/EngineMaterials/Substrate/Glints2/dict_0005_0091.uasset" 8299
"../../../Engine/Content/EngineMaterials/Substrate/Glints2/dict_0005_0089.uasset" 8300
"../../../Engine/Content/EngineMaterials/Substrate/Glints2/dict_0005_0090.uasset" 8301
"../../../Engine/Content/EngineMaterials/Substrate/Glints2/dict_0005_0088.uasset" 8302
"../../../Engine/Content/EngineMaterials/Substrate/Glints2/dict_0005_0087.uasset" 8303
"/Engine/EngineMaterials/Substrate/Glints2/dict_0005_0087" 8304
"/Engine/EngineMaterials/Substrate/Glints2/dict_0005_0088" 8305
"/Engine/EngineMaterials/Substrate/Glints2/dict_0005_0089" 8306
"/Engine/EngineMaterials/Substrate/Glints2/dict_0005_0090" 8307
"/Engine/EngineMaterials/Substrate/Glints2/dict_0005_0091" 8308
"/Engine/EngineMaterials/Substrate/Glints2/dict_0005_0092" 8309
"/Engine/EngineMaterials/Substrate/Glints2/dict_0005_0093" 8310
"/Engine/EngineMaterials/Substrate/Glints2/dict_0005_0094" 8311
"/Engine/EngineMaterials/Substrate/Glints2/dict_0005_0095" 8312
"/Engine/EngineMaterials/Substrate/Glints2/dict_0005_0096" 8313
"/Engine/EngineMaterials/Substrate/Glints2/dict_0005_0097" 8314
"/Engine/EngineMaterials/Substrate/Glints2/dict_0005_0098" 8315
"/Engine/EngineMaterials/Substrate/Glints2/dict_0005_0099" 8316
"/Engine/EngineMaterials/Substrate/Glints2/dict_0005_0100" 8317
"/Engine/EngineMaterials/Substrate/Glints2/dict_0005_0101" 8318
"/Engine/EngineMaterials/Substrate/Glints2/dict_0005_0102" 8319
"/Engine/EngineMaterials/Substrate/Glints2/dict_0005_0103" 8320
"/Engine/EngineMaterials/Substrate/Glints2/dict_0005_0104" 8321
"/Engine/EngineMaterials/Substrate/Glints2/dict_0005_0105" 8322
"/Engine/EngineMaterials/Substrate/Glints2/dict_0005_0106" 8323
"/Engine/EngineMaterials/Substrate/Glints2/dict_0005_0107" 8324
"/Engine/EngineMaterials/Substrate/Glints2/dict_0005_0108" 8325
"/Engine/EngineMaterials/Substrate/Glints2/dict_0005_0109" 8326
"/Engine/EngineMaterials/Substrate/Glints2/dict_0005_0110" 8327
"/Engine/EngineMaterials/Substrate/Glints2/dict_0005_0111" 8328
"/Engine/EngineMaterials/Substrate/Glints2/dict_0005_0112" 8329
"/Engine/EngineMaterials/Substrate/Glints2/dict_0005_0113" 8330
"/Engine/EngineMaterials/Substrate/Glints2/dict_0005_0114" 8331
"/Engine/EngineMaterials/Substrate/Glints2/dict_0005_0115" 8332
"/Engine/EngineMaterials/Substrate/Glints2/dict_0005_0116" 8333
"/Engine/EngineMaterials/Substrate/Glints2/dict_0005_0117" 8334
"/Engine/EngineMaterials/Substrate/Glints2/dict_0005_0118" 8335
"../../../Engine/Content/EngineMaterials/Substrate/Glints2/dict_0005_0084.uasset" 8336
"../../../Engine/Content/EngineMaterials/Substrate/Glints2/dict_0005_0081.uasset" 8337
"../../../Engine/Content/EngineMaterials/Substrate/Glints2/dict_0005_0083.uasset" 8338
"../../../Engine/Content/EngineMaterials/Substrate/Glints2/dict_0005_0078.uasset" 8339
"../../../Engine/Content/EngineMaterials/Substrate/Glints2/dict_0005_0082.uasset" 8340
"../../../Engine/Content/EngineMaterials/Substrate/Glints2/dict_0005_0085.uasset" 8341
"../../../Engine/Content/EngineMaterials/Substrate/Glints2/dict_0005_0080.uasset" 8342
"../../../Engine/Content/EngineMaterials/Substrate/Glints2/dict_0005_0086.uasset" 8343
"../../../Engine/Content/EngineMaterials/Substrate/Glints2/dict_0005_0079.uasset" 8344
"../../../Engine/Content/EngineMaterials/Substrate/Glints2/dict_0005_0076.uasset" 8345
"../../../Engine/Content/EngineMaterials/Substrate/Glints2/dict_0005_0073.uasset" 8346
"../../../Engine/Content/EngineMaterials/Substrate/Glints2/dict_0005_0077.uasset" 8347
"../../../Engine/Content/EngineMaterials/Substrate/Glints2/dict_0005_0074.uasset" 8348
"../../../Engine/Content/EngineMaterials/Substrate/Glints2/dict_0005_0071.uasset" 8349
"../../../Engine/Content/EngineMaterials/Substrate/Glints2/dict_0005_0072.uasset" 8350
"../../../Engine/Content/EngineMaterials/Substrate/Glints2/dict_0005_0070.uasset" 8351
"../../../Engine/Content/EngineMaterials/Substrate/Glints2/dict_0005_0075.uasset" 8352
"../../../Engine/Content/EngineMaterials/Substrate/Glints2/dict_0005_0069.uasset" 8353
"../../../Engine/Content/EngineMaterials/Substrate/Glints2/dict_0005_0066.uasset" 8354
"../../../Engine/Content/EngineMaterials/Substrate/Glints2/dict_0005_0068.uasset" 8355
"../../../Engine/Content/EngineMaterials/Substrate/Glints2/dict_0005_0065.uasset" 8356
"../../../Engine/Content/EngineMaterials/Substrate/Glints2/dict_0005_0064.uasset" 8357
"../../../Engine/Content/EngineMaterials/Substrate/Glints2/dict_0005_0067.uasset" 8358
"../../../Engine/Content/EngineMaterials/Substrate/Glints2/dict_0005_0063.uasset" 8359
"../../../Engine/Content/EngineMaterials/Substrate/Glints2/dict_0005_0060.uasset" 8360
"../../../Engine/Content/EngineMaterials/Substrate/Glints2/dict_0005_0061.uasset" 8361
"../../../Engine/Content/EngineMaterials/Substrate/Glints2/dict_0005_0059.uasset" 8362
"../../../Engine/Content/EngineMaterials/Substrate/Glints2/dict_0005_0057.uasset" 8363
"../../../Engine/Content/EngineMaterials/Substrate/Glints2/dict_0005_0058.uasset" 8364
"../../../Engine/Content/EngineMaterials/Substrate/Glints2/dict_0005_0056.uasset" 8365
"../../../Engine/Content/EngineMaterials/Substrate/Glints2/dict_0005_0062.uasset" 8366
"../../../Engine/Content/EngineMaterials/Substrate/Glints2/dict_0005_0055.uasset" 8367
"/Engine/EngineMaterials/Substrate/Glints2/dict_0005_0055" 8368
"/Engine/EngineMaterials/Substrate/Glints2/dict_0005_0056" 8369
"/Engine/EngineMaterials/Substrate/Glints2/dict_0005_0057" 8370
"/Engine/EngineMaterials/Substrate/Glints2/dict_0005_0058" 8371
"/Engine/EngineMaterials/Substrate/Glints2/dict_0005_0059" 8372
"/Engine/EngineMaterials/Substrate/Glints2/dict_0005_0060" 8373
"/Engine/EngineMaterials/Substrate/Glints2/dict_0005_0061" 8374
"/Engine/EngineMaterials/Substrate/Glints2/dict_0005_0062" 8375
"/Engine/EngineMaterials/Substrate/Glints2/dict_0005_0063" 8376
"/Engine/EngineMaterials/Substrate/Glints2/dict_0005_0064" 8377
"/Engine/EngineMaterials/Substrate/Glints2/dict_0005_0065" 8378
"/Engine/EngineMaterials/Substrate/Glints2/dict_0005_0066" 8379
"/Engine/EngineMaterials/Substrate/Glints2/dict_0005_0067" 8380
"/Engine/EngineMaterials/Substrate/Glints2/dict_0005_0068" 8381
"/Engine/EngineMaterials/Substrate/Glints2/dict_0005_0069" 8382
"/Engine/EngineMaterials/Substrate/Glints2/dict_0005_0070" 8383
"/Engine/EngineMaterials/Substrate/Glints2/dict_0005_0071" 8384
"/Engine/EngineMaterials/Substrate/Glints2/dict_0005_0072" 8385
"/Engine/EngineMaterials/Substrate/Glints2/dict_0005_0073" 8386
"/Engine/EngineMaterials/Substrate/Glints2/dict_0005_0074" 8387
"/Engine/EngineMaterials/Substrate/Glints2/dict_0005_0075" 8388
"/Engine/EngineMaterials/Substrate/Glints2/dict_0005_0076" 8389
"/Engine/EngineMaterials/Substrate/Glints2/dict_0005_0077" 8390
"/Engine/EngineMaterials/Substrate/Glints2/dict_0005_0078" 8391
"/Engine/EngineMaterials/Substrate/Glints2/dict_0005_0079" 8392
"/Engine/EngineMaterials/Substrate/Glints2/dict_0005_0080" 8393
"/Engine/EngineMaterials/Substrate/Glints2/dict_0005_0081" 8394
"/Engine/EngineMaterials/Substrate/Glints2/dict_0005_0082" 8395
"/Engine/EngineMaterials/Substrate/Glints2/dict_0005_0083" 8396
"/Engine/EngineMaterials/Substrate/Glints2/dict_0005_0084" 8397
"/Engine/EngineMaterials/Substrate/Glints2/dict_0005_0085" 8398
"/Engine/EngineMaterials/Substrate/Glints2/dict_0005_0086" 8399
"../../../Engine/Content/EngineMaterials/Substrate/Glints2/dict_0005_0049.uasset" 8400
"../../../Engine/Content/EngineMaterials/Substrate/Glints2/dict_0005_0048.uasset" 8401
"../../../Engine/Content/EngineMaterials/Substrate/Glints2/dict_0005_0051.uasset" 8402
"../../../Engine/Content/EngineMaterials/Substrate/Glints2/dict_0005_0050.uasset" 8403
"../../../Engine/Content/EngineMaterials/Substrate/Glints2/dict_0005_0053.uasset" 8404
"../../../Engine/Content/EngineMaterials/Substrate/Glints2/dict_0005_0052.uasset" 8405
"../../../Engine/Content/EngineMaterials/Substrate/Glints2/dict_0005_0054.uasset" 8406
"../../../Engine/Content/EngineMaterials/Substrate/Glints2/dict_0005_0046.uasset" 8407
"../../../Engine/Content/EngineMaterials/Substrate/Glints2/dict_0005_0047.uasset" 8408
"../../../Engine/Content/EngineMaterials/Substrate/Glints2/dict_0005_0043.uasset" 8409
"../../../Engine/Content/EngineMaterials/Substrate/Glints2/dict_0005_0042.uasset" 8410
"../../../Engine/Content/EngineMaterials/Substrate/Glints2/dict_0005_0044.uasset" 8411
"../../../Engine/Content/EngineMaterials/Substrate/Glints2/dict_0005_0041.uasset" 8412
"../../../Engine/Content/EngineMaterials/Substrate/Glints2/dict_0005_0045.uasset" 8413
"../../../Engine/Content/EngineMaterials/Substrate/Glints2/dict_0005_0039.uasset" 8414
"../../../Engine/Content/EngineMaterials/Substrate/Glints2/dict_0005_0040.uasset" 8415
"../../../Engine/Content/EngineMaterials/Substrate/Glints2/dict_0005_0038.uasset" 8416
"../../../Engine/Content/EngineMaterials/Substrate/Glints2/dict_0005_0037.uasset" 8417
"../../../Engine/Content/EngineMaterials/Substrate/Glints2/dict_0005_0036.uasset" 8418
"../../../Engine/Content/EngineMaterials/Substrate/Glints2/dict_0005_0035.uasset" 8419
"../../../Engine/Content/EngineMaterials/Substrate/Glints2/dict_0005_0034.uasset" 8420
"../../../Engine/Content/EngineMaterials/Substrate/Glints2/dict_0005_0033.uasset" 8421
"../../../Engine/Content/EngineMaterials/Substrate/Glints2/dict_0005_0032.uasset" 8422
"../../../Engine/Content/EngineMaterials/Substrate/Glints2/dict_0005_0031.uasset" 8423
"../../../Engine/Content/EngineMaterials/Substrate/Glints2/dict_0005_0030.uasset" 8424
"../../../Engine/Content/EngineMaterials/Substrate/Glints2/dict_0005_0029.uasset" 8425
"../../../Engine/Content/EngineMaterials/Substrate/Glints2/dict_0005_0027.uasset" 8426
"../../../Engine/Content/EngineMaterials/Substrate/Glints2/dict_0005_0028.uasset" 8427
"../../../Engine/Content/EngineMaterials/Substrate/Glints2/dict_0005_0026.uasset" 8428
"../../../Engine/Content/EngineMaterials/Substrate/Glints2/dict_0005_0025.uasset" 8429
"../../../Engine/Content/EngineMaterials/Substrate/Glints2/dict_0005_0024.uasset" 8430
"../../../Engine/Content/EngineMaterials/Substrate/Glints2/dict_0005_0023.uasset" 8431
"/Engine/EngineMaterials/Substrate/Glints2/dict_0005_0023" 8432
"/Engine/EngineMaterials/Substrate/Glints2/dict_0005_0024" 8433
"/Engine/EngineMaterials/Substrate/Glints2/dict_0005_0025" 8434
"/Engine/EngineMaterials/Substrate/Glints2/dict_0005_0026" 8435
"/Engine/EngineMaterials/Substrate/Glints2/dict_0005_0027" 8436
"/Engine/EngineMaterials/Substrate/Glints2/dict_0005_0028" 8437
"/Engine/EngineMaterials/Substrate/Glints2/dict_0005_0029" 8438
"/Engine/EngineMaterials/Substrate/Glints2/dict_0005_0030" 8439
"/Engine/EngineMaterials/Substrate/Glints2/dict_0005_0031" 8440
"/Engine/EngineMaterials/Substrate/Glints2/dict_0005_0032" 8441
"/Engine/EngineMaterials/Substrate/Glints2/dict_0005_0033" 8442
"/Engine/EngineMaterials/Substrate/Glints2/dict_0005_0034" 8443
"/Engine/EngineMaterials/Substrate/Glints2/dict_0005_0035" 8444
"/Engine/EngineMaterials/Substrate/Glints2/dict_0005_0036" 8445
"/Engine/EngineMaterials/Substrate/Glints2/dict_0005_0037" 8446
"/Engine/EngineMaterials/Substrate/Glints2/dict_0005_0038" 8447
"/Engine/EngineMaterials/Substrate/Glints2/dict_0005_0039" 8448
"/Engine/EngineMaterials/Substrate/Glints2/dict_0005_0040" 8449
"/Engine/EngineMaterials/Substrate/Glints2/dict_0005_0041" 8450
"/Engine/EngineMaterials/Substrate/Glints2/dict_0005_0042" 8451
"/Engine/EngineMaterials/Substrate/Glints2/dict_0005_0043" 8452
"/Engine/EngineMaterials/Substrate/Glints2/dict_0005_0044" 8453
"/Engine/EngineMaterials/Substrate/Glints2/dict_0005_0045" 8454
"/Engine/EngineMaterials/Substrate/Glints2/dict_0005_0046" 8455
"/Engine/EngineMaterials/Substrate/Glints2/dict_0005_0047" 8456
"/Engine/EngineMaterials/Substrate/Glints2/dict_0005_0048" 8457
"/Engine/EngineMaterials/Substrate/Glints2/dict_0005_0049" 8458
"/Engine/EngineMaterials/Substrate/Glints2/dict_0005_0050" 8459
"/Engine/EngineMaterials/Substrate/Glints2/dict_0005_0051" 8460
"/Engine/EngineMaterials/Substrate/Glints2/dict_0005_0052" 8461
"/Engine/EngineMaterials/Substrate/Glints2/dict_0005_0053" 8462
"/Engine/EngineMaterials/Substrate/Glints2/dict_0005_0054" 8463
"../../../Engine/Content/EngineMaterials/Substrate/Glints2/dict_0005_0020.uasset" 8464
"../../../Engine/Content/EngineMaterials/Substrate/Glints2/dict_0005_0022.uasset" 8465
"../../../Engine/Content/EngineMaterials/Substrate/Glints2/dict_0005_0013.uasset" 8466
"../../../Engine/Content/EngineMaterials/Substrate/Glints2/dict_0005_0015.uasset" 8467
"../../../Engine/Content/EngineMaterials/Substrate/Glints2/dict_0005_0021.uasset" 8468
"../../../Engine/Content/EngineMaterials/Substrate/Glints2/dict_0005_0016.uasset" 8469
"../../../Engine/Content/EngineMaterials/Substrate/Glints2/dict_0005_0014.uasset" 8470
"../../../Engine/Content/EngineMaterials/Substrate/Glints2/dict_0005_0017.uasset" 8471
"../../../Engine/Content/EngineMaterials/Substrate/Glints2/dict_0005_0019.uasset" 8472
"../../../Engine/Content/EngineMaterials/Substrate/Glints2/dict_0005_0018.uasset" 8473
"../../../Engine/Content/EngineMaterials/Substrate/Glints2/dict_0005_0011.uasset" 8474
"../../../Engine/Content/EngineMaterials/Substrate/Glints2/dict_0005_0010.uasset" 8475
"../../../Engine/Content/EngineMaterials/Substrate/Glints2/dict_0005_0012.uasset" 8476
"../../../Engine/Content/EngineMaterials/Substrate/Glints2/dict_0005_0006.uasset" 8477
"../../../Engine/Content/EngineMaterials/Substrate/Glints2/dict_0005_0009.uasset" 8478
"../../../Engine/Content/EngineMaterials/Substrate/Glints2/dict_0005_0008.uasset" 8479
"../../../Engine/Content/EngineMaterials/Substrate/Glints2/dict_0005_0005.uasset" 8480
"../../../Engine/Content/EngineMaterials/Substrate/Glints2/dict_0005_0007.uasset" 8481
"../../../Engine/Content/EngineMaterials/Substrate/Glints2/dict_0005_0004.uasset" 8482
"../../../Engine/Content/EngineMaterials/Substrate/Glints2/dict_0005_0003.uasset" 8483
"../../../Engine/Content/EngineMaterials/Substrate/Glints2/dict_0005_0002.uasset" 8484
"../../../Engine/Content/EngineMaterials/Substrate/Glints2/dict_0005_0001.uasset" 8485
"../../../Engine/Content/EngineMaterials/Substrate/Glints2/dict_0005_0000.uasset" 8486
"../../../Engine/Content/EngineMaterials/Substrate/Glints2/dict_0004_0254.uasset" 8487
"../../../Engine/Content/EngineMaterials/Substrate/Glints2/dict_0004_0255.uasset" 8488
"../../../Engine/Content/EngineMaterials/Substrate/Glints2/dict_0004_0253.uasset" 8489
"../../../Engine/Content/EngineMaterials/Substrate/Glints2/dict_0004_0252.uasset" 8490
"../../../Engine/Content/EngineMaterials/Substrate/Glints2/dict_0004_0250.uasset" 8491
"../../../Engine/Content/EngineMaterials/Substrate/Glints2/dict_0004_0248.uasset" 8492
"../../../Engine/Content/EngineMaterials/Substrate/Glints2/dict_0004_0251.uasset" 8493
"../../../Engine/Content/EngineMaterials/Substrate/Glints2/dict_0004_0249.uasset" 8494
"../../../Engine/Content/EngineMaterials/Substrate/Glints2/dict_0004_0247.uasset" 8495
"/Engine/EngineMaterials/Substrate/Glints2/dict_0004_0247" 8496
"/Engine/EngineMaterials/Substrate/Glints2/dict_0004_0248" 8497
"/Engine/EngineMaterials/Substrate/Glints2/dict_0004_0249" 8498
"/Engine/EngineMaterials/Substrate/Glints2/dict_0004_0250" 8499
"/Engine/EngineMaterials/Substrate/Glints2/dict_0004_0251" 8500
"/Engine/EngineMaterials/Substrate/Glints2/dict_0004_0252" 8501
"/Engine/EngineMaterials/Substrate/Glints2/dict_0004_0253" 8502
"/Engine/EngineMaterials/Substrate/Glints2/dict_0004_0254" 8503
"/Engine/EngineMaterials/Substrate/Glints2/dict_0004_0255" 8504
"/Engine/EngineMaterials/Substrate/Glints2/dict_0005_0000" 8505
"/Engine/EngineMaterials/Substrate/Glints2/dict_0005_0001" 8506
"/Engine/EngineMaterials/Substrate/Glints2/dict_0005_0002" 8507
"/Engine/EngineMaterials/Substrate/Glints2/dict_0005_0003" 8508
"/Engine/EngineMaterials/Substrate/Glints2/dict_0005_0004" 8509
"/Engine/EngineMaterials/Substrate/Glints2/dict_0005_0005" 8510
"/Engine/EngineMaterials/Substrate/Glints2/dict_0005_0006" 8511
"/Engine/EngineMaterials/Substrate/Glints2/dict_0005_0007" 8512
"/Engine/EngineMaterials/Substrate/Glints2/dict_0005_0008" 8513
"/Engine/EngineMaterials/Substrate/Glints2/dict_0005_0009" 8514
"/Engine/EngineMaterials/Substrate/Glints2/dict_0005_0010" 8515
"/Engine/EngineMaterials/Substrate/Glints2/dict_0005_0011" 8516
"/Engine/EngineMaterials/Substrate/Glints2/dict_0005_0012" 8517
"/Engine/EngineMaterials/Substrate/Glints2/dict_0005_0013" 8518
"/Engine/EngineMaterials/Substrate/Glints2/dict_0005_0014" 8519
"/Engine/EngineMaterials/Substrate/Glints2/dict_0005_0015" 8520
"/Engine/EngineMaterials/Substrate/Glints2/dict_0005_0016" 8521
"/Engine/EngineMaterials/Substrate/Glints2/dict_0005_0017" 8522
"/Engine/EngineMaterials/Substrate/Glints2/dict_0005_0018" 8523
"/Engine/EngineMaterials/Substrate/Glints2/dict_0005_0019" 8524
"/Engine/EngineMaterials/Substrate/Glints2/dict_0005_0020" 8525
"/Engine/EngineMaterials/Substrate/Glints2/dict_0005_0021" 8526
"/Engine/EngineMaterials/Substrate/Glints2/dict_0005_0022" 8527
"../../../Engine/Content/EngineMaterials/Substrate/Glints2/dict_0004_0245.uasset" 8528
"../../../Engine/Content/EngineMaterials/Substrate/Glints2/dict_0004_0244.uasset" 8529
"../../../Engine/Content/EngineMaterials/Substrate/Glints2/dict_0004_0238.uasset" 8530
"../../../Engine/Content/EngineMaterials/Substrate/Glints2/dict_0004_0242.uasset" 8531
"../../../Engine/Content/EngineMaterials/Substrate/Glints2/dict_0004_0246.uasset" 8532
"../../../Engine/Content/EngineMaterials/Substrate/Glints2/dict_0004_0240.uasset" 8533
"../../../Engine/Content/EngineMaterials/Substrate/Glints2/dict_0004_0243.uasset" 8534
"../../../Engine/Content/EngineMaterials/Substrate/Glints2/dict_0004_0241.uasset" 8535
"../../../Engine/Content/EngineMaterials/Substrate/Glints2/dict_0004_0239.uasset" 8536
"../../../Engine/Content/EngineMaterials/Substrate/Glints2/dict_0004_0237.uasset" 8537
"../../../Engine/Content/EngineMaterials/Substrate/Glints2/dict_0004_0236.uasset" 8538
"../../../Engine/Content/EngineMaterials/Substrate/Glints2/dict_0004_0235.uasset" 8539
"../../../Engine/Content/EngineMaterials/Substrate/Glints2/dict_0004_0234.uasset" 8540
"../../../Engine/Content/EngineMaterials/Substrate/Glints2/dict_0004_0233.uasset" 8541
"../../../Engine/Content/EngineMaterials/Substrate/Glints2/dict_0004_0231.uasset" 8542
"../../../Engine/Content/EngineMaterials/Substrate/Glints2/dict_0004_0232.uasset" 8543
"../../../Engine/Content/EngineMaterials/Substrate/Glints2/dict_0004_0230.uasset" 8544
"../../../Engine/Content/EngineMaterials/Substrate/Glints2/dict_0004_0229.uasset" 8545
"../../../Engine/Content/EngineMaterials/Substrate/Glints2/dict_0004_0228.uasset" 8546
"../../../Engine/Content/EngineMaterials/Substrate/Glints2/dict_0004_0225.uasset" 8547
"../../../Engine/Content/EngineMaterials/Substrate/Glints2/dict_0004_0226.uasset" 8548
"../../../Engine/Content/EngineMaterials/Substrate/Glints2/dict_0004_0224.uasset" 8549
"../../../Engine/Content/EngineMaterials/Substrate/Glints2/dict_0004_0223.uasset" 8550
"../../../Engine/Content/EngineMaterials/Substrate/Glints2/dict_0004_0227.uasset" 8551
"../../../Engine/Content/EngineMaterials/Substrate/Glints2/dict_0004_0221.uasset" 8552
"../../../Engine/Content/EngineMaterials/Substrate/Glints2/dict_0004_0222.uasset" 8553
"../../../Engine/Content/EngineMaterials/Substrate/Glints2/dict_0004_0219.uasset" 8554
"../../../Engine/Content/EngineMaterials/Substrate/Glints2/dict_0004_0218.uasset" 8555
"../../../Engine/Content/EngineMaterials/Substrate/Glints2/dict_0004_0217.uasset" 8556
"../../../Engine/Content/EngineMaterials/Substrate/Glints2/dict_0004_0216.uasset" 8557
"../../../Engine/Content/EngineMaterials/Substrate/Glints2/dict_0004_0220.uasset" 8558
"../../../Engine/Content/EngineMaterials/Substrate/Glints2/dict_0004_0215.uasset" 8559
"/Engine/EngineMaterials/Substrate/Glints2/dict_0004_0215" 8560
"/Engine/EngineMaterials/Substrate/Glints2/dict_0004_0216" 8561
"/Engine/EngineMaterials/Substrate/Glints2/dict_0004_0217" 8562
"/Engine/EngineMaterials/Substrate/Glints2/dict_0004_0218" 8563
"/Engine/EngineMaterials/Substrate/Glints2/dict_0004_0219" 8564
"/Engine/EngineMaterials/Substrate/Glints2/dict_0004_0220" 8565
"/Engine/EngineMaterials/Substrate/Glints2/dict_0004_0221" 8566
"/Engine/EngineMaterials/Substrate/Glints2/dict_0004_0222" 8567
"/Engine/EngineMaterials/Substrate/Glints2/dict_0004_0223" 8568
"/Engine/EngineMaterials/Substrate/Glints2/dict_0004_0224" 8569
"/Engine/EngineMaterials/Substrate/Glints2/dict_0004_0225" 8570
"/Engine/EngineMaterials/Substrate/Glints2/dict_0004_0226" 8571
"/Engine/EngineMaterials/Substrate/Glints2/dict_0004_0227" 8572
"/Engine/EngineMaterials/Substrate/Glints2/dict_0004_0228" 8573
"/Engine/EngineMaterials/Substrate/Glints2/dict_0004_0229" 8574
"/Engine/EngineMaterials/Substrate/Glints2/dict_0004_0230" 8575
"/Engine/EngineMaterials/Substrate/Glints2/dict_0004_0231" 8576
"/Engine/EngineMaterials/Substrate/Glints2/dict_0004_0232" 8577
"/Engine/EngineMaterials/Substrate/Glints2/dict_0004_0233" 8578
"/Engine/EngineMaterials/Substrate/Glints2/dict_0004_0234" 8579
"/Engine/EngineMaterials/Substrate/Glints2/dict_0004_0235" 8580
"/Engine/EngineMaterials/Substrate/Glints2/dict_0004_0236" 8581
"/Engine/EngineMaterials/Substrate/Glints2/dict_0004_0237" 8582
"/Engine/EngineMaterials/Substrate/Glints2/dict_0004_0238" 8583
"/Engine/EngineMaterials/Substrate/Glints2/dict_0004_0239" 8584
"/Engine/EngineMaterials/Substrate/Glints2/dict_0004_0240" 8585
"/Engine/EngineMaterials/Substrate/Glints2/dict_0004_0241" 8586
"/Engine/EngineMaterials/Substrate/Glints2/dict_0004_0242" 8587
"/Engine/EngineMaterials/Substrate/Glints2/dict_0004_0243" 8588
"/Engine/EngineMaterials/Substrate/Glints2/dict_0004_0244" 8589
"/Engine/EngineMaterials/Substrate/Glints2/dict_0004_0245" 8590
"/Engine/EngineMaterials/Substrate/Glints2/dict_0004_0246" 8591
"../../../Engine/Content/EngineMaterials/Substrate/Glints2/dict_0004_0214.uasset" 8592
"../../../Engine/Content/EngineMaterials/Substrate/Glints2/dict_0004_0213.uasset" 8593
"../../../Engine/Content/EngineMaterials/Substrate/Glints2/dict_0004_0212.uasset" 8594
"../../../Engine/Content/EngineMaterials/Substrate/Glints2/dict_0004_0211.uasset" 8595
"../../../Engine/Content/EngineMaterials/Substrate/Glints2/dict_0004_0210.uasset" 8596
"../../../Engine/Content/EngineMaterials/Substrate/Glints2/dict_0004_0209.uasset" 8597
"../../../Engine/Content/EngineMaterials/Substrate/Glints2/dict_0004_0208.uasset" 8598
"../../../Engine/Content/EngineMaterials/Substrate/Glints2/dict_0004_0207.uasset" 8599
"../../../Engine/Content/EngineMaterials/Substrate/Glints2/dict_0004_0206.uasset" 8600
"../../../Engine/Content/EngineMaterials/Substrate/Glints2/dict_0004_0205.uasset" 8601
"../../../Engine/Content/EngineMaterials/Substrate/Glints2/dict_0004_0204.uasset" 8602
"../../../Engine/Content/EngineMaterials/Substrate/Glints2/dict_0004_0203.uasset" 8603
"../../../Engine/Content/EngineMaterials/Substrate/Glints2/dict_0004_0202.uasset" 8604
"../../../Engine/Content/EngineMaterials/Substrate/Glints2/dict_0004_0201.uasset" 8605
"../../../Engine/Content/EngineMaterials/Substrate/Glints2/dict_0004_0200.uasset" 8606
"../../../Engine/Content/EngineMaterials/Substrate/Glints2/dict_0004_0199.uasset" 8607
"../../../Engine/Content/EngineMaterials/Substrate/Glints2/dict_0004_0198.uasset" 8608
"../../../Engine/Content/EngineMaterials/Substrate/Glints2/dict_0004_0197.uasset" 8609
"../../../Engine/Content/EngineMaterials/Substrate/Glints2/dict_0004_0196.uasset" 8610
"/Engine/EngineMaterials/Substrate/Glints2/dict_0004_0198" 8611
"../../../Engine/Content/EngineMaterials/Substrate/Glints2/dict_0004_0195.uasset" 8612
"../../../Engine/Content/EngineMaterials/Substrate/Glints2/dict_0004_0194.uasset" 8613
"/Engine/EngineMaterials/Substrate/Glints2/dict_0004_0199" 8614
"../../../Engine/Content/EngineMaterials/Substrate/Glints2/dict_0004_0193.uasset" 8615
"../../../Engine/Content/EngineMaterials/Substrate/Glints2/dict_0004_0192.uasset" 8616
"/Engine/EngineMaterials/Substrate/Glints2/dict_0004_0200" 8617
"/Engine/EngineMaterials/Substrate/Glints2/dict_0004_0201" 8618
"/Engine/EngineMaterials/Substrate/Glints2/dict_0004_0202" 8619
"../../../Engine/Content/EngineMaterials/Substrate/Glints2/dict_0004_0191.uasset" 8620
"/Engine/EngineMaterials/Substrate/Glints2/dict_0004_0203" 8621
"/Engine/EngineMaterials/Substrate/Glints2/dict_0004_0204" 8622
"../../../Engine/Content/EngineMaterials/Substrate/Glints2/dict_0004_0190.uasset" 8623
"../../../Engine/Content/EngineMaterials/Substrate/Glints2/dict_0004_0189.uasset" 8624
"/Engine/EngineMaterials/Substrate/Glints2/dict_0004_0205" 8625
"../../../Engine/Content/EngineMaterials/Substrate/Glints2/dict_0004_0188.uasset" 8626
"../../../Engine/Content/EngineMaterials/Substrate/Glints2/dict_0004_0187.uasset" 8627
"/Engine/EngineMaterials/Substrate/Glints2/dict_0004_0206" 8628
"../../../Engine/Content/EngineMaterials/Substrate/Glints2/dict_0004_0186.uasset" 8629
"../../../Engine/Content/EngineMaterials/Substrate/Glints2/dict_0004_0185.uasset" 8630
"/Engine/EngineMaterials/Substrate/Glints2/dict_0004_0207" 8631
"/Engine/EngineMaterials/Substrate/Glints2/dict_0004_0208" 8632
"../../../Engine/Content/EngineMaterials/Substrate/Glints2/dict_0004_0184.uasset" 8633
"../../../Engine/Content/EngineMaterials/Substrate/Glints2/dict_0004_0183.uasset" 8634
"/Engine/EngineMaterials/Substrate/Glints2/dict_0004_0209" 8635
"/Engine/EngineMaterials/Substrate/Glints2/dict_0004_0210" 8636
"/Engine/EngineMaterials/Substrate/Glints2/dict_0004_0211" 8637
"/Engine/EngineMaterials/Substrate/Glints2/dict_0004_0212" 8638
"/Engine/EngineMaterials/Substrate/Glints2/dict_0004_0213" 8639
"/Engine/EngineMaterials/Substrate/Glints2/dict_0004_0214" 8640
"../../../Engine/Content/EngineMaterials/Substrate/Glints2/dict_0004_0182.uasset" 8641
"/Engine/EngineMaterials/Substrate/Glints2/dict_0004_0183" 8642
"/Engine/EngineMaterials/Substrate/Glints2/dict_0004_0184" 8643
"../../../Engine/Content/EngineMaterials/Substrate/Glints2/dict_0004_0181.uasset" 8644
"/Engine/EngineMaterials/Substrate/Glints2/dict_0004_0185" 8645
"../../../Engine/Content/EngineMaterials/Substrate/Glints2/dict_0004_0180.uasset" 8646
"/Engine/EngineMaterials/Substrate/Glints2/dict_0004_0186" 8647
"../../../Engine/Content/EngineMaterials/Substrate/Glints2/dict_0004_0179.uasset" 8648
"/Engine/EngineMaterials/Substrate/Glints2/dict_0004_0187" 8649
"../../../Engine/Content/EngineMaterials/Substrate/Glints2/dict_0004_0178.uasset" 8650
"/Engine/EngineMaterials/Substrate/Glints2/dict_0004_0188" 8651
"../../../Engine/Content/EngineMaterials/Substrate/Glints2/dict_0004_0177.uasset" 8652
"/Engine/EngineMaterials/Substrate/Glints2/dict_0004_0189" 8653
"../../../Engine/Content/EngineMaterials/Substrate/Glints2/dict_0004_0176.uasset" 8654
"/Engine/EngineMaterials/Substrate/Glints2/dict_0004_0190" 8655
"../../../Engine/Content/EngineMaterials/Substrate/Glints2/dict_0004_0175.uasset" 8656
"/Engine/EngineMaterials/Substrate/Glints2/dict_0004_0191" 8657
"../../../Engine/Content/EngineMaterials/Substrate/Glints2/dict_0004_0174.uasset" 8658
"../../../Engine/Content/EngineMaterials/Substrate/Glints2/dict_0004_0173.uasset" 8659
"/Engine/EngineMaterials/Substrate/Glints2/dict_0004_0192" 8660
"../../../Engine/Content/EngineMaterials/Substrate/Glints2/dict_0004_0172.uasset" 8661
"/Engine/EngineMaterials/Substrate/Glints2/dict_0004_0193" 8662
"../../../Engine/Content/EngineMaterials/Substrate/Glints2/dict_0004_0171.uasset" 8663
"../../../Engine/Content/EngineMaterials/Substrate/Glints2/dict_0004_0170.uasset" 8664
"../../../Engine/Content/EngineMaterials/Substrate/Glints2/dict_0004_0169.uasset" 8665
"/Engine/EngineMaterials/Substrate/Glints2/dict_0004_0194" 8666
"../../../Engine/Content/EngineMaterials/Substrate/Glints2/dict_0004_0168.uasset" 8667
"../../../Engine/Content/EngineMaterials/Substrate/Glints2/dict_0004_0167.uasset" 8668
"/Engine/EngineMaterials/Substrate/Glints2/dict_0004_0195" 8669
"../../../Engine/Content/EngineMaterials/Substrate/Glints2/dict_0004_0166.uasset" 8670
"/Engine/EngineMaterials/Substrate/Glints2/dict_0004_0196" 8671
"/Engine/EngineMaterials/Substrate/Glints2/dict_0004_0197" 8672
"../../../Engine/Content/EngineMaterials/Substrate/Glints2/dict_0004_0165.uasset" 8673
"/Engine/EngineMaterials/Substrate/Glints2/dict_0004_0166" 8674
"/Engine/EngineMaterials/Substrate/Glints2/dict_0004_0167" 8675
"/Engine/EngineMaterials/Substrate/Glints2/dict_0004_0168" 8676
"../../../Engine/Content/EngineMaterials/Substrate/Glints2/dict_0004_0164.uasset" 8677
"/Engine/EngineMaterials/Substrate/Glints2/dict_0004_0169" 8678
"/Engine/EngineMaterials/Substrate/Glints2/dict_0004_0170" 8679
"../../../Engine/Content/EngineMaterials/Substrate/Glints2/dict_0004_0163.uasset" 8680
"/Engine/EngineMaterials/Substrate/Glints2/dict_0004_0171" 8681
"../../../Engine/Content/EngineMaterials/Substrate/Glints2/dict_0004_0162.uasset" 8682
"/Engine/EngineMaterials/Substrate/Glints2/dict_0004_0172" 8683
"/Engine/EngineMaterials/Substrate/Glints2/dict_0004_0173" 8684
"/Engine/EngineMaterials/Substrate/Glints2/dict_0004_0174" 8685
"/Engine/EngineMaterials/Substrate/Glints2/dict_0004_0175" 8686
"/Engine/EngineMaterials/Substrate/Glints2/dict_0004_0176" 8687
"../../../Engine/Content/EngineMaterials/Substrate/Glints2/dict_0004_0161.uasset" 8688
"../../../Engine/Content/EngineMaterials/Substrate/Glints2/dict_0004_0160.uasset" 8689
"/Engine/EngineMaterials/Substrate/Glints2/dict_0004_0177" 8690
"/Engine/EngineMaterials/Substrate/Glints2/dict_0004_0178" 8691
"../../../Engine/Content/EngineMaterials/Substrate/Glints2/dict_0004_0159.uasset" 8692
"../../../Engine/Content/EngineMaterials/Substrate/Glints2/dict_0004_0158.uasset" 8693
"/Engine/EngineMaterials/Substrate/Glints2/dict_0004_0179" 8694
"../../../Engine/Content/EngineMaterials/Substrate/Glints2/dict_0004_0157.uasset" 8695
"/Engine/EngineMaterials/Substrate/Glints2/dict_0004_0180" 8696
"../../../Engine/Content/EngineMaterials/Substrate/Glints2/dict_0004_0156.uasset" 8697
"/Engine/EngineMaterials/Substrate/Glints2/dict_0004_0181" 8698
"../../../Engine/Content/EngineMaterials/Substrate/Glints2/dict_0004_0155.uasset" 8699
"/Engine/EngineMaterials/Substrate/Glints2/dict_0004_0182" 8700
"../../../Engine/Content/EngineMaterials/Substrate/Glints2/dict_0004_0154.uasset" 8701
"../../../Engine/Content/EngineMaterials/Substrate/Glints2/dict_0004_0153.uasset" 8702
"/Engine/EngineMaterials/Substrate/Glints2/dict_0004_0154" 8703
"../../../Engine/Content/EngineMaterials/Substrate/Glints2/dict_0004_0152.uasset" 8704
"../../../Engine/Content/EngineMaterials/Substrate/Glints2/dict_0004_0151.uasset" 8705
"/Engine/EngineMaterials/Substrate/Glints2/dict_0004_0155" 8706
"/Engine/EngineMaterials/Substrate/Glints2/dict_0004_0156" 8707
"/Engine/EngineMaterials/Substrate/Glints2/dict_0004_0157" 8708
"/Engine/EngineMaterials/Substrate/Glints2/dict_0004_0158" 8709
"/Engine/EngineMaterials/Substrate/Glints2/dict_0004_0159" 8710
"/Engine/EngineMaterials/Substrate/Glints2/dict_0004_0160" 8711
"/Engine/EngineMaterials/Substrate/Glints2/dict_0004_0161" 8712
"/Engine/EngineMaterials/Substrate/Glints2/dict_0004_0162" 8713
"/Engine/EngineMaterials/Substrate/Glints2/dict_0004_0163" 8714
"../../../Engine/Content/EngineMaterials/Substrate/Glints2/dict_0004_0150.uasset" 8715
"/Engine/EngineMaterials/Substrate/Glints2/dict_0004_0164" 8716
"../../../Engine/Content/EngineMaterials/Substrate/Glints2/dict_0004_0149.uasset" 8717
"/Engine/EngineMaterials/Substrate/Glints2/dict_0004_0165" 8718
"../../../Engine/Content/EngineMaterials/Substrate/Glints2/dict_0004_0148.uasset" 8719
"../../../Engine/Content/EngineMaterials/Substrate/Glints2/dict_0004_0147.uasset" 8720
"/Engine/EngineMaterials/Substrate/Glints2/dict_0004_0151" 8721
"../../../Engine/Content/EngineMaterials/Substrate/Glints2/dict_0004_0146.uasset" 8722
"../../../Engine/Content/EngineMaterials/Substrate/Glints2/dict_0004_0145.uasset" 8723
"../../../Engine/Content/EngineMaterials/Substrate/Glints2/dict_0004_0144.uasset" 8724
"../../../Engine/Content/EngineMaterials/Substrate/Glints2/dict_0004_0143.uasset" 8725
"/Engine/EngineMaterials/Substrate/Glints2/dict_0004_0152" 8726
"/Engine/EngineMaterials/Substrate/Glints2/dict_0004_0153" 8727
"../../../Engine/Content/EngineMaterials/Substrate/Glints2/dict_0004_0142.uasset" 8728
"../../../Engine/Content/EngineMaterials/Substrate/Glints2/dict_0004_0141.uasset" 8729
"/Engine/EngineMaterials/Substrate/Glints2/dict_0004_0148" 8730
"../../../Engine/Content/EngineMaterials/Substrate/Glints2/dict_0004_0140.uasset" 8731
"/Engine/EngineMaterials/Substrate/Glints2/dict_0004_0149" 8732
"../../../Engine/Content/EngineMaterials/Substrate/Glints2/dict_0004_0139.uasset" 8733
"../../../Engine/Content/EngineMaterials/Substrate/Glints2/dict_0004_0138.uasset" 8734
"/Engine/EngineMaterials/Substrate/Glints2/dict_0004_0140" 8735
"/Engine/EngineMaterials/Substrate/Glints2/dict_0004_0141" 8736
"../../../Engine/Content/EngineMaterials/Substrate/Glints2/dict_0004_0137.uasset" 8737
"/Engine/EngineMaterials/Substrate/Glints2/dict_0004_0142" 8738
"/Engine/EngineMaterials/Substrate/Glints2/dict_0004_0143" 8739
"../../../Engine/Content/EngineMaterials/Substrate/Glints2/dict_0004_0136.uasset" 8740
"../../../Engine/Content/EngineMaterials/Substrate/Glints2/dict_0004_0135.uasset" 8741
"/Engine/EngineMaterials/Substrate/Glints2/dict_0004_0144" 8742
"/Engine/EngineMaterials/Substrate/Glints2/dict_0004_0145" 8743
"../../../Engine/Content/EngineMaterials/Substrate/Glints2/dict_0004_0133.uasset" 8744
"../../../Engine/Content/EngineMaterials/Substrate/Glints2/dict_0004_0134.uasset" 8745
"/Engine/EngineMaterials/Substrate/Glints2/dict_0004_0146" 8746
"/Engine/EngineMaterials/Substrate/Glints2/dict_0004_0147" 8747
"../../../Engine/Content/EngineMaterials/Substrate/Glints2/dict_0004_0132.uasset" 8748
"../../../Engine/Content/EngineMaterials/Substrate/Glints2/dict_0004_0131.uasset" 8749
"/Engine/EngineMaterials/Substrate/Glints2/dict_0004_0150" 8750
"../../../Engine/Content/EngineMaterials/Substrate/Glints2/dict_0004_0130.uasset" 8751
"../../../Engine/Content/EngineMaterials/Substrate/Glints2/dict_0004_0129.uasset" 8752
"/Engine/EngineMaterials/Substrate/Glints2/dict_0004_0131" 8753
"../../../Engine/Content/EngineMaterials/Substrate/Glints2/dict_0004_0128.uasset" 8754
"../../../Engine/Content/EngineMaterials/Substrate/Glints2/dict_0004_0127.uasset" 8755
"/Engine/EngineMaterials/Substrate/Glints2/dict_0004_0132" 8756
"../../../Engine/Content/EngineMaterials/Substrate/Glints2/dict_0004_0126.uasset" 8757
"../../../Engine/Content/EngineMaterials/Substrate/Glints2/dict_0004_0125.uasset" 8758
"../../../Engine/Content/EngineMaterials/Substrate/Glints2/dict_0004_0124.uasset" 8759
"/Engine/EngineMaterials/Substrate/Glints2/dict_0004_0133" 8760
"../../../Engine/Content/EngineMaterials/Substrate/Glints2/dict_0004_0123.uasset" 8761
"/Engine/EngineMaterials/Substrate/Glints2/dict_0004_0134" 8762
"../../../Engine/Content/EngineMaterials/Substrate/Glints2/dict_0004_0122.uasset" 8763
"/Engine/EngineMaterials/Substrate/Glints2/dict_0004_0135" 8764
"../../../Engine/Content/EngineMaterials/Substrate/Glints2/dict_0004_0121.uasset" 8765
"/Engine/EngineMaterials/Substrate/Glints2/dict_0004_0136" 8766
"../../../Engine/Content/EngineMaterials/Substrate/Glints2/dict_0004_0120.uasset" 8767
"/Engine/EngineMaterials/Substrate/Glints2/dict_0004_0137" 8768
"../../../Engine/Content/EngineMaterials/Substrate/Glints2/dict_0004_0119.uasset" 8769
"/Engine/EngineMaterials/Substrate/Glints2/dict_0004_0138" 8770
"/Engine/EngineMaterials/Substrate/Glints2/dict_0004_0139" 8771
"../../../Engine/Content/EngineMaterials/Substrate/Glints2/dict_0004_0118.uasset" 8772
"/Engine/EngineMaterials/Substrate/Glints2/dict_0004_0119" 8773
"../../../Engine/Content/EngineMaterials/Substrate/Glints2/dict_0004_0117.uasset" 8774
"/Engine/EngineMaterials/Substrate/Glints2/dict_0004_0122" 8775
"/Engine/EngineMaterials/Substrate/Glints2/dict_0004_0123" 8776
"/Engine/EngineMaterials/Substrate/Glints2/dict_0004_0124" 8777
"/Engine/EngineMaterials/Substrate/Glints2/dict_0004_0125" 8778
"../../../Engine/Content/EngineMaterials/Substrate/Glints2/dict_0004_0116.uasset" 8779
"/Engine/EngineMaterials/Substrate/Glints2/dict_0004_0127" 8780
"../../../Engine/Content/EngineMaterials/Substrate/Glints2/dict_0004_0115.uasset" 8781
"/Engine/EngineMaterials/Substrate/Glints2/dict_0004_0128" 8782
"/Engine/EngineMaterials/Substrate/Glints2/dict_0004_0129" 8783
"../../../Engine/Content/EngineMaterials/Substrate/Glints2/dict_0004_0114.uasset" 8784
"/Engine/EngineMaterials/Substrate/Glints2/dict_0004_0130" 8785
"/Engine/EngineMaterials/Substrate/Glints2/dict_0004_0120" 8786
"../../../Engine/Content/EngineMaterials/Substrate/Glints2/dict_0004_0113.uasset" 8787
"/Engine/EngineMaterials/Substrate/Glints2/dict_0004_0121" 8788
"../../../Engine/Content/EngineMaterials/Substrate/Glints2/dict_0004_0112.uasset" 8789
"/Engine/EngineMaterials/Substrate/Glints2/dict_0004_0117" 8790
"../../../Engine/Content/EngineMaterials/Substrate/Glints2/dict_0004_0111.uasset" 8791
"/Engine/EngineMaterials/Substrate/Glints2/dict_0004_0118" 8792
"../../../Engine/Content/EngineMaterials/Substrate/Glints2/dict_0004_0110.uasset" 8793
"/Engine/EngineMaterials/Substrate/Glints2/dict_0004_0112" 8794
"/Engine/EngineMaterials/Substrate/Glints2/dict_0004_0113" 8795
"../../../Engine/Content/EngineMaterials/Substrate/Glints2/dict_0004_0109.uasset" 8796
"/Engine/EngineMaterials/Substrate/Glints2/dict_0004_0114" 8797
"../../../Engine/Content/EngineMaterials/Substrate/Glints2/dict_0004_0108.uasset" 8798
"../../../Engine/Content/EngineMaterials/Substrate/Glints2/dict_0004_0107.uasset" 8799
"/Engine/EngineMaterials/Substrate/Glints2/dict_0004_0115" 8800
"/Engine/EngineMaterials/Substrate/Glints2/dict_0004_0116" 8801
"../../../Engine/Content/EngineMaterials/Substrate/Glints2/dict_0004_0105.uasset" 8802
"../../../Engine/Content/EngineMaterials/Substrate/Glints2/dict_0004_0106.uasset" 8803
"../../../Engine/Content/EngineMaterials/Substrate/Glints2/dict_0004_0104.uasset" 8804
"../../../Engine/Content/EngineMaterials/Substrate/Glints2/dict_0004_0103.uasset" 8805
"/Engine/EngineMaterials/Substrate/Glints2/dict_0004_0126" 8806
"../../../Engine/Content/EngineMaterials/Substrate/Glints2/dict_0004_0102.uasset" 8807
"../../../Engine/Content/EngineMaterials/Substrate/Glints2/dict_0004_0101.uasset" 8808
"/Engine/EngineMaterials/Substrate/Glints2/dict_0004_0105" 8809
"../../../Engine/Content/EngineMaterials/Substrate/Glints2/dict_0004_0100.uasset" 8810
"../../../Engine/Content/EngineMaterials/Substrate/Glints2/dict_0004_0099.uasset" 8811
"../../../Engine/Content/EngineMaterials/Substrate/Glints2/dict_0004_0098.uasset" 8812
"/Engine/EngineMaterials/Substrate/Glints2/dict_0004_0106" 8813
"../../../Engine/Content/EngineMaterials/Substrate/Glints2/dict_0004_0097.uasset" 8814
"../../../Engine/Content/EngineMaterials/Substrate/Glints2/dict_0004_0096.uasset" 8815
"/Engine/EngineMaterials/Substrate/Glints2/dict_0004_0107" 8816
"../../../Engine/Content/EngineMaterials/Substrate/Glints2/dict_0004_0095.uasset" 8817
"../../../Engine/Content/EngineMaterials/Substrate/Glints2/dict_0004_0094.uasset" 8818
"../../../Engine/Content/EngineMaterials/Substrate/Glints2/dict_0004_0093.uasset" 8819
"/Engine/EngineMaterials/Substrate/Glints2/dict_0004_0108" 8820
"../../../Engine/Content/EngineMaterials/Substrate/Glints2/dict_0004_0092.uasset" 8821
"../../../Engine/Content/EngineMaterials/Substrate/Glints2/dict_0004_0091.uasset" 8822
"/Engine/EngineMaterials/Substrate/Glints2/dict_0004_0109" 8823
"../../../Engine/Content/EngineMaterials/Substrate/Glints2/dict_0004_0090.uasset" 8824
"../../../Engine/Content/EngineMaterials/Substrate/Glints2/dict_0004_0089.uasset" 8825
"/Engine/EngineMaterials/Substrate/Glints2/dict_0004_0110" 8826
"../../../Engine/Content/EngineMaterials/Substrate/Glints2/dict_0004_0088.uasset" 8827
"../../../Engine/Content/EngineMaterials/Substrate/Glints2/dict_0004_0087.uasset" 8828
"/Engine/EngineMaterials/Substrate/Glints2/dict_0004_0111" 8829
"../../../Engine/Content/EngineMaterials/Substrate/Glints2/dict_0004_0086.uasset" 8830
"../../../Engine/Content/EngineMaterials/Substrate/Glints2/dict_0004_0085.uasset" 8831
"../../../Engine/Content/EngineMaterials/Substrate/Glints2/dict_0004_0084.uasset" 8832
"../../../Engine/Content/EngineMaterials/Substrate/Glints2/dict_0004_0083.uasset" 8833
"../../../Engine/Content/EngineMaterials/Substrate/Glints2/dict_0004_0082.uasset" 8834
"/Engine/EngineMaterials/Substrate/Glints2/dict_0004_0088" 8835
"../../../Engine/Content/EngineMaterials/Substrate/Glints2/dict_0004_0081.uasset" 8836
"../../../Engine/Content/EngineMaterials/Substrate/Glints2/dict_0004_0080.uasset" 8837
"../../../Engine/Content/EngineMaterials/Substrate/Glints2/dict_0004_0079.uasset" 8838
"/Engine/EngineMaterials/Substrate/Glints2/dict_0004_0089" 8839
"../../../Engine/Content/EngineMaterials/Substrate/Glints2/dict_0004_0078.uasset" 8840
"../../../Engine/Content/EngineMaterials/Substrate/Glints2/dict_0004_0077.uasset" 8841
"/Engine/EngineMaterials/Substrate/Glints2/dict_0004_0090" 8842
"../../../Engine/Content/EngineMaterials/Substrate/Glints2/dict_0004_0076.uasset" 8843
"../../../Engine/Content/EngineMaterials/Substrate/Glints2/dict_0004_0075.uasset" 8844
"/Engine/EngineMaterials/Substrate/Glints2/dict_0004_0091" 8845
"../../../Engine/Content/EngineMaterials/Substrate/Glints2/dict_0004_0074.uasset" 8846
"../../../Engine/Content/EngineMaterials/Substrate/Glints2/dict_0004_0073.uasset" 8847
"/Engine/EngineMaterials/Substrate/Glints2/dict_0004_0092" 8848
"/Engine/EngineMaterials/Substrate/Glints2/dict_0004_0093" 8849
"/Engine/EngineMaterials/Substrate/Glints2/dict_0004_0094" 8850
"/Engine/EngineMaterials/Substrate/Glints2/dict_0004_0095" 8851
"/Engine/EngineMaterials/Substrate/Glints2/dict_0004_0096" 8852
"/Engine/EngineMaterials/Substrate/Glints2/dict_0004_0099" 8853
"/Engine/EngineMaterials/Substrate/Glints2/dict_0004_0100" 8854
"/Engine/EngineMaterials/Substrate/Glints2/dict_0004_0101" 8855
"/Engine/EngineMaterials/Substrate/Glints2/dict_0004_0102" 8856
"/Engine/EngineMaterials/Substrate/Glints2/dict_0004_0103" 8857
"/Engine/EngineMaterials/Substrate/Glints2/dict_0004_0104" 8858
"/Engine/EngineMaterials/Substrate/Glints2/dict_0004_0084" 8859
"/Engine/EngineMaterials/Substrate/Glints2/dict_0004_0085" 8860
"/Engine/EngineMaterials/Substrate/Glints2/dict_0004_0086" 8861
"/Engine/EngineMaterials/Substrate/Glints2/dict_0004_0097" 8862
"/Engine/EngineMaterials/Substrate/Glints2/dict_0004_0098" 8863
"/Engine/EngineMaterials/Substrate/Glints2/dict_0004_0087" 8864
"../../../Engine/Content/EngineMaterials/Substrate/Glints2/dict_0004_0072.uasset" 8865
"/Engine/EngineMaterials/Substrate/Glints2/dict_0004_0081" 8866
"../../../Engine/Content/EngineMaterials/Substrate/Glints2/dict_0004_0071.uasset" 8867
"/Engine/EngineMaterials/Substrate/Glints2/dict_0004_0082" 8868
"/Engine/EngineMaterials/Substrate/Glints2/dict_0004_0073" 8869
"../../../Engine/Content/EngineMaterials/Substrate/Glints2/dict_0004_0070.uasset" 8870
"/Engine/EngineMaterials/Substrate/Glints2/dict_0004_0074" 8871
"../../../Engine/Content/EngineMaterials/Substrate/Glints2/dict_0004_0069.uasset" 8872
"../../../Engine/Content/EngineMaterials/Substrate/Glints2/dict_0004_0068.uasset" 8873
"/Engine/EngineMaterials/Substrate/Glints2/dict_0004_0075" 8874
"../../../Engine/Content/EngineMaterials/Substrate/Glints2/dict_0004_0067.uasset" 8875
"../../../Engine/Content/EngineMaterials/Substrate/Glints2/dict_0004_0066.uasset" 8876
"/Engine/EngineMaterials/Substrate/Glints2/dict_0004_0076" 8877
"../../../Engine/Content/EngineMaterials/Substrate/Glints2/dict_0004_0065.uasset" 8878
"../../../Engine/Content/EngineMaterials/Substrate/Glints2/dict_0004_0064.uasset" 8879
"../../../Engine/Content/EngineMaterials/Substrate/Glints2/dict_0004_0063.uasset" 8880
"/Engine/EngineMaterials/Substrate/Glints2/dict_0004_0077" 8881
"../../../Engine/Content/EngineMaterials/Substrate/Glints2/dict_0004_0062.uasset" 8882
"../../../Engine/Content/EngineMaterials/Substrate/Glints2/dict_0004_0061.uasset" 8883
"../../../Engine/Content/EngineMaterials/Substrate/Glints2/dict_0004_0060.uasset" 8884
"../../../Engine/Content/EngineMaterials/Substrate/Glints2/dict_0004_0059.uasset" 8885
"../../../Engine/Content/EngineMaterials/Substrate/Glints2/dict_0004_0058.uasset" 8886
"/Engine/EngineMaterials/Substrate/Glints2/dict_0004_0078" 8887
"../../../Engine/Content/EngineMaterials/Substrate/Glints2/dict_0004_0057.uasset" 8888
"../../../Engine/Content/EngineMaterials/Substrate/Glints2/dict_0004_0056.uasset" 8889
"/Engine/EngineMaterials/Substrate/Glints2/dict_0004_0079" 8890
"../../../Engine/Content/EngineMaterials/Substrate/Glints2/dict_0004_0055.uasset" 8891
"../../../Engine/Content/EngineMaterials/Substrate/Glints2/dict_0004_0054.uasset" 8892
"/Engine/EngineMaterials/Substrate/Glints2/dict_0004_0080" 8893
"../../../Engine/Content/EngineMaterials/Substrate/Glints2/dict_0004_0053.uasset" 8894
"../../../Engine/Content/EngineMaterials/Substrate/Glints2/dict_0004_0052.uasset" 8895
"/Engine/EngineMaterials/Substrate/Glints2/dict_0004_0083" 8896
"../../../Engine/Content/EngineMaterials/Substrate/Glints2/dict_0004_0051.uasset" 8897
"../../../Engine/Content/EngineMaterials/Substrate/Glints2/dict_0004_0050.uasset" 8898
"/Engine/EngineMaterials/Substrate/Glints2/dict_0004_0052" 8899
"../../../Engine/Content/EngineMaterials/Substrate/Glints2/dict_0004_0049.uasset" 8900
"../../../Engine/Content/EngineMaterials/Substrate/Glints2/dict_0004_0048.uasset" 8901
"/Engine/EngineMaterials/Substrate/Glints2/dict_0004_0053" 8902
"../../../Engine/Content/EngineMaterials/Substrate/Glints2/dict_0004_0047.uasset" 8903
"/Engine/EngineMaterials/Substrate/Glints2/dict_0004_0054" 8904
"../../../Engine/Content/EngineMaterials/Substrate/Glints2/dict_0004_0046.uasset" 8905
"../../../Engine/Content/EngineMaterials/Substrate/Glints2/dict_0004_0045.uasset" 8906
"/Engine/EngineMaterials/Substrate/Glints2/dict_0004_0055" 8907
"../../../Engine/Content/EngineMaterials/Substrate/Glints2/dict_0004_0044.uasset" 8908
"../../../Engine/Content/EngineMaterials/Substrate/Glints2/dict_0004_0043.uasset" 8909
"/Engine/EngineMaterials/Substrate/Glints2/dict_0004_0056" 8910
"../../../Engine/Content/EngineMaterials/Substrate/Glints2/dict_0004_0042.uasset" 8911
"../../../Engine/Content/EngineMaterials/Substrate/Glints2/dict_0004_0041.uasset" 8912
"/Engine/EngineMaterials/Substrate/Glints2/dict_0004_0057" 8913
"/Engine/EngineMaterials/Substrate/Glints2/dict_0004_0058" 8914
"/Engine/EngineMaterials/Substrate/Glints2/dict_0004_0059" 8915
"/Engine/EngineMaterials/Substrate/Glints2/dict_0004_0060" 8916
"/Engine/EngineMaterials/Substrate/Glints2/dict_0004_0061" 8917
"/Engine/EngineMaterials/Substrate/Glints2/dict_0004_0062" 8918
"/Engine/EngineMaterials/Substrate/Glints2/dict_0004_0063" 8919
"/Engine/EngineMaterials/Substrate/Glints2/dict_0004_0064" 8920
"/Engine/EngineMaterials/Substrate/Glints2/dict_0004_0065" 8921
"/Engine/EngineMaterials/Substrate/Glints2/dict_0004_0066" 8922
"/Engine/EngineMaterials/Substrate/Glints2/dict_0004_0067" 8923
"/Engine/EngineMaterials/Substrate/Glints2/dict_0004_0068" 8924
"/Engine/EngineMaterials/Substrate/Glints2/dict_0004_0069" 8925
"/Engine/EngineMaterials/Substrate/Glints2/dict_0004_0070" 8926
"/Engine/EngineMaterials/Substrate/Glints2/dict_0004_0071" 8927
"/Engine/EngineMaterials/Substrate/Glints2/dict_0004_0072" 8928
"../../../Engine/Content/EngineMaterials/Substrate/Glints2/dict_0004_0039.uasset" 8929
"../../../Engine/Content/EngineMaterials/Substrate/Glints2/dict_0004_0040.uasset" 8930
"/Engine/EngineMaterials/Substrate/Glints2/dict_0004_0041" 8931
"/Engine/EngineMaterials/Substrate/Glints2/dict_0004_0042" 8932
"../../../Engine/Content/EngineMaterials/Substrate/Glints2/dict_0004_0037.uasset" 8933
"../../../Engine/Content/EngineMaterials/Substrate/Glints2/dict_0004_0038.uasset" 8934
"/Engine/EngineMaterials/Substrate/Glints2/dict_0004_0043" 8935
"../../../Engine/Content/EngineMaterials/Substrate/Glints2/dict_0004_0036.uasset" 8936
"../../../Engine/Content/EngineMaterials/Substrate/Glints2/dict_0004_0035.uasset" 8937
"/Engine/EngineMaterials/Substrate/Glints2/dict_0004_0044" 8938
"../../../Engine/Content/EngineMaterials/Substrate/Glints2/dict_0004_0034.uasset" 8939
"../../../Engine/Content/EngineMaterials/Substrate/Glints2/dict_0004_0033.uasset" 8940
"/Engine/EngineMaterials/Substrate/Glints2/dict_0004_0045" 8941
"../../../Engine/Content/EngineMaterials/Substrate/Glints2/dict_0004_0032.uasset" 8942
"/Engine/EngineMaterials/Substrate/Glints2/dict_0004_0046" 8943
"../../../Engine/Content/EngineMaterials/Substrate/Glints2/dict_0004_0031.uasset" 8944
"../../../Engine/Content/EngineMaterials/Substrate/Glints2/dict_0004_0030.uasset" 8945
"/Engine/EngineMaterials/Substrate/Glints2/dict_0004_0047" 8946
"../../../Engine/Content/EngineMaterials/Substrate/Glints2/dict_0004_0029.uasset" 8947
"../../../Engine/Content/EngineMaterials/Substrate/Glints2/dict_0004_0028.uasset" 8948
"/Engine/EngineMaterials/Substrate/Glints2/dict_0004_0048" 8949
"../../../Engine/Content/EngineMaterials/Substrate/Glints2/dict_0004_0027.uasset" 8950
"/Engine/EngineMaterials/Substrate/Glints2/dict_0004_0049" 8951
"../../../Engine/Content/EngineMaterials/Substrate/Glints2/dict_0004_0026.uasset" 8952
"../../../Engine/Content/EngineMaterials/Substrate/Glints2/dict_0004_0025.uasset" 8953
"/Engine/EngineMaterials/Substrate/Glints2/dict_0004_0050" 8954
"../../../Engine/Content/EngineMaterials/Substrate/Glints2/dict_0004_0024.uasset" 8955
"../../../Engine/Content/EngineMaterials/Substrate/Glints2/dict_0004_0023.uasset" 8956
"/Engine/EngineMaterials/Substrate/Glints2/dict_0004_0051" 8957
"../../../Engine/Content/EngineMaterials/Substrate/Glints2/dict_0004_0022.uasset" 8958
"../../../Engine/Content/EngineMaterials/Substrate/Glints2/dict_0004_0021.uasset" 8959
"../../../Engine/Content/EngineMaterials/Substrate/Glints2/dict_0004_0020.uasset" 8960
"/Engine/EngineMaterials/Substrate/Glints2/dict_0004_0022" 8961
"../../../Engine/Content/EngineMaterials/Substrate/Glints2/dict_0004_0019.uasset" 8962
"../../../Engine/Content/EngineMaterials/Substrate/Glints2/dict_0004_0018.uasset" 8963
"/Engine/EngineMaterials/Substrate/Glints2/dict_0004_0023" 8964
"../../../Engine/Content/EngineMaterials/Substrate/Glints2/dict_0004_0017.uasset" 8965
"../../../Engine/Content/EngineMaterials/Substrate/Glints2/dict_0004_0016.uasset" 8966
"../../../Engine/Content/EngineMaterials/Substrate/Glints2/dict_0004_0015.uasset" 8967
"../../../Engine/Content/EngineMaterials/Substrate/Glints2/dict_0004_0014.uasset" 8968
"/Engine/EngineMaterials/Substrate/Glints2/dict_0004_0024" 8969
"../../../Engine/Content/EngineMaterials/Substrate/Glints2/dict_0004_0013.uasset" 8970
"../../../Engine/Content/EngineMaterials/Substrate/Glints2/dict_0004_0012.uasset" 8971
"../../../Engine/Content/EngineMaterials/Substrate/Glints2/dict_0004_0011.uasset" 8972
"../../../Engine/Content/EngineMaterials/Substrate/Glints2/dict_0004_0010.uasset" 8973
"/Engine/EngineMaterials/Substrate/Glints2/dict_0004_0025" 8974
"../../../Engine/Content/EngineMaterials/Substrate/Glints2/dict_0004_0009.uasset" 8975
"/Engine/EngineMaterials/Substrate/Glints2/dict_0004_0026" 8976
"/Engine/EngineMaterials/Substrate/Glints2/dict_0004_0027" 8977
"/Engine/EngineMaterials/Substrate/Glints2/dict_0004_0028" 8978
"/Engine/EngineMaterials/Substrate/Glints2/dict_0004_0029" 8979
"/Engine/EngineMaterials/Substrate/Glints2/dict_0004_0030" 8980
"/Engine/EngineMaterials/Substrate/Glints2/dict_0004_0031" 8981
"/Engine/EngineMaterials/Substrate/Glints2/dict_0004_0032" 8982
"/Engine/EngineMaterials/Substrate/Glints2/dict_0004_0033" 8983
"/Engine/EngineMaterials/Substrate/Glints2/dict_0004_0034" 8984
"/Engine/EngineMaterials/Substrate/Glints2/dict_0004_0035" 8985
"/Engine/EngineMaterials/Substrate/Glints2/dict_0004_0036" 8986
"/Engine/EngineMaterials/Substrate/Glints2/dict_0004_0037" 8987
"/Engine/EngineMaterials/Substrate/Glints2/dict_0004_0038" 8988
"/Engine/EngineMaterials/Substrate/Glints2/dict_0004_0039" 8989
"/Engine/EngineMaterials/Substrate/Glints2/dict_0004_0040" 8990
"../../../Engine/Content/EngineMaterials/Substrate/Glints2/dict_0004_0008.uasset" 8991
"../../../Engine/Content/EngineMaterials/Substrate/Glints2/dict_0004_0007.uasset" 8992
"/Engine/EngineMaterials/Substrate/Glints2/dict_0004_0009" 8993
"../../../Engine/Content/EngineMaterials/Substrate/Glints2/dict_0004_0006.uasset" 8994
"../../../Engine/Content/EngineMaterials/Substrate/Glints2/dict_0004_0005.uasset" 8995
"/Engine/EngineMaterials/Substrate/Glints2/dict_0004_0010" 8996
"../../../Engine/Content/EngineMaterials/Substrate/Glints2/dict_0004_0004.uasset" 8997
"../../../Engine/Content/EngineMaterials/Substrate/Glints2/dict_0004_0003.uasset" 8998
"/Engine/EngineMaterials/Substrate/Glints2/dict_0004_0020" 8999
"../../../Engine/Content/EngineMaterials/Substrate/Glints2/dict_0004_0002.uasset" 9000
"../../../Engine/Content/EngineMaterials/Substrate/Glints2/dict_0004_0001.uasset" 9001
"/Engine/EngineMaterials/Substrate/Glints2/dict_0004_0021" 9002
"/Engine/EngineMaterials/Substrate/Glints2/dict_0004_0011" 9003
"../../../Engine/Content/EngineMaterials/Substrate/Glints2/dict_0004_0000.uasset" 9004
"../../../Engine/Content/EngineMaterials/Substrate/Glints2/dict_0003_0255.uasset" 9005
"/Engine/EngineMaterials/Substrate/Glints2/dict_0004_0012" 9006
"../../../Engine/Content/EngineMaterials/Substrate/Glints2/dict_0003_0254.uasset" 9007
"/Engine/EngineMaterials/Substrate/Glints2/dict_0004_0013" 9008
"../../../Engine/Content/EngineMaterials/Substrate/Glints2/dict_0003_0253.uasset" 9009
"../../../Engine/Content/EngineMaterials/Substrate/Glints2/dict_0003_0252.uasset" 9010
"/Engine/EngineMaterials/Substrate/Glints2/dict_0004_0014" 9011
"../../../Engine/Content/EngineMaterials/Substrate/Glints2/dict_0003_0251.uasset" 9012
"/Engine/EngineMaterials/Substrate/Glints2/dict_0004_0015" 9013
"../../../Engine/Content/EngineMaterials/Substrate/Glints2/dict_0003_0250.uasset" 9014
"/Engine/EngineMaterials/Substrate/Glints2/dict_0004_0016" 9015
"../../../Engine/Content/EngineMaterials/Substrate/Glints2/dict_0003_0249.uasset" 9016
"../../../Engine/Content/EngineMaterials/Substrate/Glints2/dict_0003_0248.uasset" 9017
"/Engine/EngineMaterials/Substrate/Glints2/dict_0004_0017" 9018
"../../../Engine/Content/EngineMaterials/Substrate/Glints2/dict_0003_0247.uasset" 9019
"/Engine/EngineMaterials/Substrate/Glints2/dict_0004_0018" 9020
"../../../Engine/Content/EngineMaterials/Substrate/Glints2/dict_0003_0246.uasset" 9021
"/Engine/EngineMaterials/Substrate/Glints2/dict_0004_0019" 9022
"../../../Engine/Content/EngineMaterials/Substrate/Glints2/dict_0003_0244.uasset" 9023
"../../../Engine/Content/EngineMaterials/Substrate/Glints2/dict_0003_0245.uasset" 9024
"/Engine/EngineMaterials/Substrate/Glints2/dict_0003_0246" 9025
"/Engine/EngineMaterials/Substrate/Glints2/dict_0003_0247" 9026
"../../../Engine/Content/EngineMaterials/Substrate/Glints2/dict_0003_0243.uasset" 9027
"../../../Engine/Content/EngineMaterials/Substrate/Glints2/dict_0003_0242.uasset" 9028
"/Engine/EngineMaterials/Substrate/Glints2/dict_0003_0248" 9029
"../../../Engine/Content/EngineMaterials/Substrate/Glints2/dict_0003_0241.uasset" 9030
"../../../Engine/Content/EngineMaterials/Substrate/Glints2/dict_0003_0240.uasset" 9031
"/Engine/EngineMaterials/Substrate/Glints2/dict_0003_0249" 9032
"../../../Engine/Content/EngineMaterials/Substrate/Glints2/dict_0003_0239.uasset" 9033
"../../../Engine/Content/EngineMaterials/Substrate/Glints2/dict_0003_0238.uasset" 9034
"/Engine/EngineMaterials/Substrate/Glints2/dict_0003_0250" 9035
"../../../Engine/Content/EngineMaterials/Substrate/Glints2/dict_0003_0237.uasset" 9036
"../../../Engine/Content/EngineMaterials/Substrate/Glints2/dict_0003_0235.uasset" 9037
"../../../Engine/Content/EngineMaterials/Substrate/Glints2/dict_0003_0236.uasset" 9038
"../../../Engine/Content/EngineMaterials/Substrate/Glints2/dict_0003_0234.uasset" 9039
"/Engine/EngineMaterials/Substrate/Glints2/dict_0003_0251" 9040
"../../../Engine/Content/EngineMaterials/Substrate/Glints2/dict_0003_0233.uasset" 9041
"/Engine/EngineMaterials/Substrate/Glints2/dict_0003_0252" 9042
"/Engine/EngineMaterials/Substrate/Glints2/dict_0003_0253" 9043
"/Engine/EngineMaterials/Substrate/Glints2/dict_0003_0254" 9044
"/Engine/EngineMaterials/Substrate/Glints2/dict_0003_0255" 9045
"/Engine/EngineMaterials/Substrate/Glints2/dict_0004_0000" 9046
"/Engine/EngineMaterials/Substrate/Glints2/dict_0004_0001" 9047
"/Engine/EngineMaterials/Substrate/Glints2/dict_0004_0002" 9048
"/Engine/EngineMaterials/Substrate/Glints2/dict_0004_0003" 9049
"/Engine/EngineMaterials/Substrate/Glints2/dict_0004_0004" 9050
"/Engine/EngineMaterials/Substrate/Glints2/dict_0004_0005" 9051
"/Engine/EngineMaterials/Substrate/Glints2/dict_0004_0006" 9052
"/Engine/EngineMaterials/Substrate/Glints2/dict_0004_0007" 9053
"/Engine/EngineMaterials/Substrate/Glints2/dict_0004_0008" 9054
"../../../Engine/Content/EngineMaterials/Substrate/Glints2/dict_0003_0232.uasset" 9055
"../../../Engine/Content/EngineMaterials/Substrate/Glints2/dict_0003_0231.uasset" 9056
"/Engine/EngineMaterials/Substrate/Glints2/dict_0003_0233" 9057
"../../../Engine/Content/EngineMaterials/Substrate/Glints2/dict_0003_0229.uasset" 9058
"../../../Engine/Content/EngineMaterials/Substrate/Glints2/dict_0003_0230.uasset" 9059
"/Engine/EngineMaterials/Substrate/Glints2/dict_0003_0234" 9060
"../../../Engine/Content/EngineMaterials/Substrate/Glints2/dict_0003_0227.uasset" 9061
"../../../Engine/Content/EngineMaterials/Substrate/Glints2/dict_0003_0228.uasset" 9062
"/Engine/EngineMaterials/Substrate/Glints2/dict_0003_0235" 9063
"../../../Engine/Content/EngineMaterials/Substrate/Glints2/dict_0003_0226.uasset" 9064
"../../../Engine/Content/EngineMaterials/Substrate/Glints2/dict_0003_0225.uasset" 9065
"/Engine/EngineMaterials/Substrate/Glints2/dict_0003_0236" 9066
"../../../Engine/Content/EngineMaterials/Substrate/Glints2/dict_0003_0224.uasset" 9067
"/Engine/EngineMaterials/Substrate/Glints2/dict_0003_0237" 9068
"../../../Engine/Content/EngineMaterials/Substrate/Glints2/dict_0003_0222.uasset" 9069
"../../../Engine/Content/EngineMaterials/Substrate/Glints2/dict_0003_0223.uasset" 9070
"/Engine/EngineMaterials/Substrate/Glints2/dict_0003_0238" 9071
"../../../Engine/Content/EngineMaterials/Substrate/Glints2/dict_0003_0221.uasset" 9072
"../../../Engine/Content/EngineMaterials/Substrate/Glints2/dict_0003_0220.uasset" 9073
"/Engine/EngineMaterials/Substrate/Glints2/dict_0003_0239" 9074
"../../../Engine/Content/EngineMaterials/Substrate/Glints2/dict_0003_0219.uasset" 9075
"/Engine/EngineMaterials/Substrate/Glints2/dict_0003_0240" 9076
"../../../Engine/Content/EngineMaterials/Substrate/Glints2/dict_0003_0218.uasset" 9077
"../../../Engine/Content/EngineMaterials/Substrate/Glints2/dict_0003_0217.uasset" 9078
"/Engine/EngineMaterials/Substrate/Glints2/dict_0003_0241" 9079
"../../../Engine/Content/EngineMaterials/Substrate/Glints2/dict_0003_0216.uasset" 9080
"/Engine/EngineMaterials/Substrate/Glints2/dict_0003_0242" 9081
"../../../Engine/Content/EngineMaterials/Substrate/Glints2/dict_0003_0215.uasset" 9082
"../../../Engine/Content/EngineMaterials/Substrate/Glints2/dict_0003_0214.uasset" 9083
"/Engine/EngineMaterials/Substrate/Glints2/dict_0003_0243" 9084
"/Engine/EngineMaterials/Substrate/Glints2/dict_0003_0244" 9085
"/Engine/EngineMaterials/Substrate/Glints2/dict_0003_0245" 9086
"../../../Engine/Content/EngineMaterials/Substrate/Glints2/dict_0003_0213.uasset" 9087
"../../../Engine/Content/EngineMaterials/Substrate/Glints2/dict_0003_0212.uasset" 9088
"/Engine/EngineMaterials/Substrate/Glints2/dict_0003_0214" 9089
"../../../Engine/Content/EngineMaterials/Substrate/Glints2/dict_0003_0211.uasset" 9090
"../../../Engine/Content/EngineMaterials/Substrate/Glints2/dict_0003_0210.uasset" 9091
"../../../Engine/Content/EngineMaterials/Substrate/Glints2/dict_0003_0209.uasset" 9092
"../../../Engine/Content/EngineMaterials/Substrate/Glints2/dict_0003_0208.uasset" 9093
"../../../Engine/Content/EngineMaterials/Substrate/Glints2/dict_0003_0207.uasset" 9094
"/Engine/EngineMaterials/Substrate/Glints2/dict_0003_0215" 9095
"../../../Engine/Content/EngineMaterials/Substrate/Glints2/dict_0003_0206.uasset" 9096
"../../../Engine/Content/EngineMaterials/Substrate/Glints2/dict_0003_0205.uasset" 9097
"../../../Engine/Content/EngineMaterials/Substrate/Glints2/dict_0003_0204.uasset" 9098
"../../../Engine/Content/EngineMaterials/Substrate/Glints2/dict_0003_0203.uasset" 9099
"/Engine/EngineMaterials/Substrate/Glints2/dict_0003_0216" 9100
"../../../Engine/Content/EngineMaterials/Substrate/Glints2/dict_0003_0202.uasset" 9101
"../../../Engine/Content/EngineMaterials/Substrate/Glints2/dict_0003_0201.uasset" 9102
"/Engine/EngineMaterials/Substrate/Glints2/dict_0003_0217" 9103
"/Engine/EngineMaterials/Substrate/Glints2/dict_0003_0218" 9104
"/Engine/EngineMaterials/Substrate/Glints2/dict_0003_0219" 9105
"/Engine/EngineMaterials/Substrate/Glints2/dict_0003_0220" 9106
"/Engine/EngineMaterials/Substrate/Glints2/dict_0003_0221" 9107
"/Engine/EngineMaterials/Substrate/Glints2/dict_0003_0222" 9108
"/Engine/EngineMaterials/Substrate/Glints2/dict_0003_0223" 9109
"/Engine/EngineMaterials/Substrate/Glints2/dict_0003_0224" 9110
"/Engine/EngineMaterials/Substrate/Glints2/dict_0003_0225" 9111
"/Engine/EngineMaterials/Substrate/Glints2/dict_0003_0226" 9112
"/Engine/EngineMaterials/Substrate/Glints2/dict_0003_0227" 9113
"/Engine/EngineMaterials/Substrate/Glints2/dict_0003_0228" 9114
"/Engine/EngineMaterials/Substrate/Glints2/dict_0003_0229" 9115
"/Engine/EngineMaterials/Substrate/Glints2/dict_0003_0230" 9116
"/Engine/EngineMaterials/Substrate/Glints2/dict_0003_0231" 9117
"/Engine/EngineMaterials/Substrate/Glints2/dict_0003_0232" 9118
"../../../Engine/Content/EngineMaterials/Substrate/Glints2/dict_0003_0200.uasset" 9119
"../../../Engine/Content/EngineMaterials/Substrate/Glints2/dict_0003_0199.uasset" 9120
"/Engine/EngineMaterials/Substrate/Glints2/dict_0003_0201" 9121
"../../../Engine/Content/EngineMaterials/Substrate/Glints2/dict_0003_0198.uasset" 9122
"../../../Engine/Content/EngineMaterials/Substrate/Glints2/dict_0003_0197.uasset" 9123
"/Engine/EngineMaterials/Substrate/Glints2/dict_0003_0202" 9124
"../../../Engine/Content/EngineMaterials/Substrate/Glints2/dict_0003_0196.uasset" 9125
"/Engine/EngineMaterials/Substrate/Glints2/dict_0003_0203" 9126
"../../../Engine/Content/EngineMaterials/Substrate/Glints2/dict_0003_0195.uasset" 9127
"../../../Engine/Content/EngineMaterials/Substrate/Glints2/dict_0003_0194.uasset" 9128
"../../../Engine/Content/EngineMaterials/Substrate/Glints2/dict_0003_0193.uasset" 9129
"../../../Engine/Content/EngineMaterials/Substrate/Glints2/dict_0003_0192.uasset" 9130
"../../../Engine/Content/EngineMaterials/Substrate/Glints2/dict_0003_0191.uasset" 9131
"/Engine/EngineMaterials/Substrate/Glints2/dict_0003_0204" 9132
"../../../Engine/Content/EngineMaterials/Substrate/Glints2/dict_0003_0190.uasset" 9133
"../../../Engine/Content/EngineMaterials/Substrate/Glints2/dict_0003_0189.uasset" 9134
"../../../Engine/Content/EngineMaterials/Substrate/Glints2/dict_0003_0188.uasset" 9135
"/Engine/EngineMaterials/Substrate/Glints2/dict_0003_0205" 9136
"../../../Engine/Content/EngineMaterials/Substrate/Glints2/dict_0003_0187.uasset" 9137
"../../../Engine/Content/EngineMaterials/Substrate/Glints2/dict_0003_0186.uasset" 9138
"../../../Engine/Content/EngineMaterials/Substrate/Glints2/dict_0003_0185.uasset" 9139
"../../../Engine/Content/EngineMaterials/Substrate/Glints2/dict_0003_0184.uasset" 9140
"/Engine/EngineMaterials/Substrate/Glints2/dict_0003_0206" 9141
"../../../Engine/Content/EngineMaterials/Substrate/Glints2/dict_0003_0183.uasset" 9142
"../../../Engine/Content/EngineMaterials/Substrate/Glints2/dict_0003_0182.uasset" 9143
"/Engine/EngineMaterials/Substrate/Glints2/dict_0003_0207" 9144
"/Engine/EngineMaterials/Substrate/Glints2/dict_0003_0208" 9145
"/Engine/EngineMaterials/Substrate/Glints2/dict_0003_0209" 9146
"/Engine/EngineMaterials/Substrate/Glints2/dict_0003_0210" 9147
"/Engine/EngineMaterials/Substrate/Glints2/dict_0003_0211" 9148
"/Engine/EngineMaterials/Substrate/Glints2/dict_0003_0212" 9149
"/Engine/EngineMaterials/Substrate/Glints2/dict_0003_0213" 9150
"../../../Engine/Content/EngineMaterials/Substrate/Glints2/dict_0003_0180.uasset" 9151
"../../../Engine/Content/EngineMaterials/Substrate/Glints2/dict_0003_0181.uasset" 9152
"/Engine/EngineMaterials/Substrate/Glints2/dict_0003_0182" 9153
"../../../Engine/Content/EngineMaterials/Substrate/Glints2/dict_0003_0179.uasset" 9154
"../../../Engine/Content/EngineMaterials/Substrate/Glints2/dict_0003_0178.uasset" 9155
"../../../Engine/Content/EngineMaterials/Substrate/Glints2/dict_0003_0176.uasset" 9156
"../../../Engine/Content/EngineMaterials/Substrate/Glints2/dict_0003_0177.uasset" 9157
"/Engine/EngineMaterials/Substrate/Glints2/dict_0003_0183" 9158
"../../../Engine/Content/EngineMaterials/Substrate/Glints2/dict_0003_0175.uasset" 9159
"../../../Engine/Content/EngineMaterials/Substrate/Glints2/dict_0003_0174.uasset" 9160
"../../../Engine/Content/EngineMaterials/Substrate/Glints2/dict_0003_0173.uasset" 9161
"/Engine/EngineMaterials/Substrate/Glints2/dict_0003_0184" 9162
"../../../Engine/Content/EngineMaterials/Substrate/Glints2/dict_0003_0171.uasset" 9163
"../../../Engine/Content/EngineMaterials/Substrate/Glints2/dict_0003_0172.uasset" 9164
"../../../Engine/Content/EngineMaterials/Substrate/Glints2/dict_0003_0170.uasset" 9165
"/Engine/EngineMaterials/Substrate/Glints2/dict_0003_0185" 9166
"../../../Engine/Content/EngineMaterials/Substrate/Glints2/dict_0003_0169.uasset" 9167
"/Engine/EngineMaterials/Substrate/Glints2/dict_0003_0186" 9168
"/Engine/EngineMaterials/Substrate/Glints2/dict_0003_0187" 9169
"/Engine/EngineMaterials/Substrate/Glints2/dict_0003_0188" 9170
"/Engine/EngineMaterials/Substrate/Glints2/dict_0003_0189" 9171
"/Engine/EngineMaterials/Substrate/Glints2/dict_0003_0190" 9172
"/Engine/EngineMaterials/Substrate/Glints2/dict_0003_0191" 9173
"/Engine/EngineMaterials/Substrate/Glints2/dict_0003_0192" 9174
"/Engine/EngineMaterials/Substrate/Glints2/dict_0003_0193" 9175
"/Engine/EngineMaterials/Substrate/Glints2/dict_0003_0194" 9176
"/Engine/EngineMaterials/Substrate/Glints2/dict_0003_0195" 9177
"/Engine/EngineMaterials/Substrate/Glints2/dict_0003_0196" 9178
"/Engine/EngineMaterials/Substrate/Glints2/dict_0003_0197" 9179
"/Engine/EngineMaterials/Substrate/Glints2/dict_0003_0198" 9180
"/Engine/EngineMaterials/Substrate/Glints2/dict_0003_0199" 9181
"/Engine/EngineMaterials/Substrate/Glints2/dict_0003_0200" 9182
"../../../Engine/Content/EngineMaterials/Substrate/Glints2/dict_0003_0167.uasset" 9183
"/Engine/EngineMaterials/Substrate/Glints2/dict_0003_0169" 9184
"../../../Engine/Content/EngineMaterials/Substrate/Glints2/dict_0003_0168.uasset" 9185
"/Engine/EngineMaterials/Substrate/Glints2/dict_0003_0170" 9186
"../../../Engine/Content/EngineMaterials/Substrate/Glints2/dict_0003_0166.uasset" 9187
"../../../Engine/Content/EngineMaterials/Substrate/Glints2/dict_0003_0165.uasset" 9188
"/Engine/EngineMaterials/Substrate/Glints2/dict_0003_0171" 9189
"../../../Engine/Content/EngineMaterials/Substrate/Glints2/dict_0003_0164.uasset" 9190
"../../../Engine/Content/EngineMaterials/Substrate/Glints2/dict_0003_0163.uasset" 9191
"/Engine/EngineMaterials/Substrate/Glints2/dict_0003_0172" 9192
"../../../Engine/Content/EngineMaterials/Substrate/Glints2/dict_0003_0162.uasset" 9193
"/Engine/EngineMaterials/Substrate/Glints2/dict_0003_0173" 9194
"../../../Engine/Content/EngineMaterials/Substrate/Glints2/dict_0003_0161.uasset" 9195
"../../../Engine/Content/EngineMaterials/Substrate/Glints2/dict_0003_0160.uasset" 9196
"/Engine/EngineMaterials/Substrate/Glints2/dict_0003_0174" 9197
"/Engine/EngineMaterials/Substrate/Glints2/dict_0003_0175" 9198
"../../../Engine/Content/EngineMaterials/Substrate/Glints2/dict_0003_0159.uasset" 9199
"../../../Engine/Content/EngineMaterials/Substrate/Glints2/dict_0003_0158.uasset" 9200
"/Engine/EngineMaterials/Substrate/Glints2/dict_0003_0176" 9201
"../../../Engine/Content/EngineMaterials/Substrate/Glints2/dict_0003_0157.uasset" 9202
"../../../Engine/Content/EngineMaterials/Substrate/Glints2/dict_0003_0156.uasset" 9203
"/Engine/EngineMaterials/Substrate/Glints2/dict_0003_0177" 9204
"../../../Engine/Content/EngineMaterials/Substrate/Glints2/dict_0003_0155.uasset" 9205
"../../../Engine/Content/EngineMaterials/Substrate/Glints2/dict_0003_0154.uasset" 9206
"/Engine/EngineMaterials/Substrate/Glints2/dict_0003_0178" 9207
"../../../Engine/Content/EngineMaterials/Substrate/Glints2/dict_0003_0153.uasset" 9208
"/Engine/EngineMaterials/Substrate/Glints2/dict_0003_0179" 9209
"../../../Engine/Content/EngineMaterials/Substrate/Glints2/dict_0003_0152.uasset" 9210
"/Engine/EngineMaterials/Substrate/Glints2/dict_0003_0180" 9211
"../../../Engine/Content/EngineMaterials/Substrate/Glints2/dict_0003_0151.uasset" 9212
"/Engine/EngineMaterials/Substrate/Glints2/dict_0003_0181" 9213
"../../../Engine/Content/EngineMaterials/Substrate/Glints2/dict_0003_0150.uasset" 9214
"/Engine/EngineMaterials/Substrate/Glints2/dict_0003_0151" 9215
"../../../Engine/Content/EngineMaterials/Substrate/Glints2/dict_0003_0149.uasset" 9216
"/Engine/EngineMaterials/Substrate/Glints2/dict_0003_0152" 9217
"../../../Engine/Content/EngineMaterials/Substrate/Glints2/dict_0003_0148.uasset" 9218
"../../../Engine/Content/EngineMaterials/Substrate/Glints2/dict_0003_0147.uasset" 9219
"../../../Engine/Content/EngineMaterials/Substrate/Glints2/dict_0003_0146.uasset" 9220
"/Engine/EngineMaterials/Substrate/Glints2/dict_0003_0153" 9221
"../../../Engine/Content/EngineMaterials/Substrate/Glints2/dict_0003_0145.uasset" 9222
"../../../Engine/Content/EngineMaterials/Substrate/Glints2/dict_0003_0144.uasset" 9223
"/Engine/EngineMaterials/Substrate/Glints2/dict_0003_0154" 9224
"../../../Engine/Content/EngineMaterials/Substrate/Glints2/dict_0003_0142.uasset" 9225
"../../../Engine/Content/EngineMaterials/Substrate/Glints2/dict_0003_0143.uasset" 9226
"/Engine/EngineMaterials/Substrate/Glints2/dict_0003_0155" 9227
"../../../Engine/Content/EngineMaterials/Substrate/Glints2/dict_0003_0141.uasset" 9228
"../../../Engine/Content/EngineMaterials/Substrate/Glints2/dict_0003_0140.uasset" 9229
"/Engine/EngineMaterials/Substrate/Glints2/dict_0003_0157" 9230
"../../../Engine/Content/EngineMaterials/Substrate/Glints2/dict_0003_0139.uasset" 9231
"../../../Engine/Content/EngineMaterials/Substrate/Glints2/dict_0003_0138.uasset" 9232
"/Engine/EngineMaterials/Substrate/Glints2/dict_0003_0158" 9233
"../../../Engine/Content/EngineMaterials/Substrate/Glints2/dict_0003_0137.uasset" 9234
"/Engine/EngineMaterials/Substrate/Glints2/dict_0003_0159" 9235
"/Engine/EngineMaterials/Substrate/Glints2/dict_0003_0160" 9236
"/Engine/EngineMaterials/Substrate/Glints2/dict_0003_0161" 9237
"/Engine/EngineMaterials/Substrate/Glints2/dict_0003_0162" 9238
"/Engine/EngineMaterials/Substrate/Glints2/dict_0003_0163" 9239
"/Engine/EngineMaterials/Substrate/Glints2/dict_0003_0164" 9240
"/Engine/EngineMaterials/Substrate/Glints2/dict_0003_0165" 9241
"/Engine/EngineMaterials/Substrate/Glints2/dict_0003_0166" 9242
"/Engine/EngineMaterials/Substrate/Glints2/dict_0003_0167" 9243
"/Engine/EngineMaterials/Substrate/Glints2/dict_0003_0168" 9244
"../../../Engine/Content/EngineMaterials/Substrate/Glints2/dict_0003_0136.uasset" 9245
"../../../Engine/Content/EngineMaterials/Substrate/Glints2/dict_0003_0135.uasset" 9246
"/Engine/EngineMaterials/Substrate/Glints2/dict_0003_0137" 9247
"../../../Engine/Content/EngineMaterials/Substrate/Glints2/dict_0003_0134.uasset" 9248
"../../../Engine/Content/EngineMaterials/Substrate/Glints2/dict_0003_0133.uasset" 9249
"../../../Engine/Content/EngineMaterials/Substrate/Glints2/dict_0003_0132.uasset" 9250
"/Engine/EngineMaterials/Substrate/Glints2/dict_0003_0138" 9251
"../../../Engine/Content/EngineMaterials/Substrate/Glints2/dict_0003_0131.uasset" 9252
"../../../Engine/Content/EngineMaterials/Substrate/Glints2/dict_0003_0130.uasset" 9253
"../../../Engine/Content/EngineMaterials/Substrate/Glints2/dict_0003_0129.uasset" 9254
"/Engine/EngineMaterials/Substrate/Glints2/dict_0003_0139" 9255
"../../../Engine/Content/EngineMaterials/Substrate/Glints2/dict_0003_0128.uasset" 9256
"../../../Engine/Content/EngineMaterials/Substrate/Glints2/dict_0003_0127.uasset" 9257
"/Engine/EngineMaterials/Substrate/Glints2/dict_0003_0140" 9258
"../../../Engine/Content/EngineMaterials/Substrate/Glints2/dict_0003_0126.uasset" 9259
"../../../Engine/Content/EngineMaterials/Substrate/Glints2/dict_0003_0124.uasset" 9260
"../../../Engine/Content/EngineMaterials/Substrate/Glints2/dict_0003_0125.uasset" 9261
"/Engine/EngineMaterials/Substrate/Glints2/dict_0003_0150" 9262
"../../../Engine/Content/EngineMaterials/Substrate/Glints2/dict_0003_0123.uasset" 9263
"../../../Engine/Content/EngineMaterials/Substrate/Glints2/dict_0003_0122.uasset" 9264
"../../../Engine/Content/EngineMaterials/Substrate/Glints2/dict_0003_0121.uasset" 9265
"/Engine/EngineMaterials/Substrate/Glints2/dict_0003_0141" 9266
"../../../Engine/Content/EngineMaterials/Substrate/Glints2/dict_0003_0120.uasset" 9267
"/Engine/EngineMaterials/Substrate/Glints2/dict_0003_0156" 9268
"/Engine/EngineMaterials/Substrate/Glints2/dict_0003_0142" 9269
"/Engine/EngineMaterials/Substrate/Glints2/dict_0003_0143" 9270
"/Engine/EngineMaterials/Substrate/Glints2/dict_0003_0144" 9271
"/Engine/EngineMaterials/Substrate/Glints2/dict_0003_0145" 9272
"/Engine/EngineMaterials/Substrate/Glints2/dict_0003_0146" 9273
"/Engine/EngineMaterials/Substrate/Glints2/dict_0003_0147" 9274
"/Engine/EngineMaterials/Substrate/Glints2/dict_0003_0148" 9275
"/Engine/EngineMaterials/Substrate/Glints2/dict_0003_0149" 9276
"../../../Engine/Content/EngineMaterials/Substrate/Glints2/dict_0003_0119.uasset" 9277
"../../../Engine/Content/EngineMaterials/Substrate/Glints2/dict_0003_0118.uasset" 9278
"/Engine/EngineMaterials/Substrate/Glints2/dict_0003_0120" 9279
"../../../Engine/Content/EngineMaterials/Substrate/Glints2/dict_0003_0117.uasset" 9280
"../../../Engine/Content/EngineMaterials/Substrate/Glints2/dict_0003_0116.uasset" 9281
"/Engine/EngineMaterials/Substrate/Glints2/dict_0003_0121" 9282
"../../../Engine/Content/EngineMaterials/Substrate/Glints2/dict_0003_0115.uasset" 9283
"/Engine/EngineMaterials/Substrate/Glints2/dict_0003_0122" 9284
"../../../Engine/Content/EngineMaterials/Substrate/Glints2/dict_0003_0114.uasset" 9285
"../../../Engine/Content/EngineMaterials/Substrate/Glints2/dict_0003_0113.uasset" 9286
"../../../Engine/Content/EngineMaterials/Substrate/Glints2/dict_0003_0112.uasset" 9287
"/Engine/EngineMaterials/Substrate/Glints2/dict_0003_0123" 9288
"../../../Engine/Content/EngineMaterials/Substrate/Glints2/dict_0003_0111.uasset" 9289
"../../../Engine/Content/EngineMaterials/Substrate/Glints2/dict_0003_0110.uasset" 9290
"../../../Engine/Content/EngineMaterials/Substrate/Glints2/dict_0003_0109.uasset" 9291
"/Engine/EngineMaterials/Substrate/Glints2/dict_0003_0124" 9292
"../../../Engine/Content/EngineMaterials/Substrate/Glints2/dict_0003_0108.uasset" 9293
"../../../Engine/Content/EngineMaterials/Substrate/Glints2/dict_0003_0107.uasset" 9294
"../../../Engine/Content/EngineMaterials/Substrate/Glints2/dict_0003_0106.uasset" 9295
"../../../Engine/Content/EngineMaterials/Substrate/Glints2/dict_0003_0105.uasset" 9296
"/Engine/EngineMaterials/Substrate/Glints2/dict_0003_0125" 9297
"/Engine/EngineMaterials/Substrate/Glints2/dict_0003_0126" 9298
"/Engine/EngineMaterials/Substrate/Glints2/dict_0003_0127" 9299
"/Engine/EngineMaterials/Substrate/Glints2/dict_0003_0128" 9300
"/Engine/EngineMaterials/Substrate/Glints2/dict_0003_0129" 9301
"/Engine/EngineMaterials/Substrate/Glints2/dict_0003_0130" 9302
"/Engine/EngineMaterials/Substrate/Glints2/dict_0003_0131" 9303
"/Engine/EngineMaterials/Substrate/Glints2/dict_0003_0132" 9304
"/Engine/EngineMaterials/Substrate/Glints2/dict_0003_0133" 9305
"/Engine/EngineMaterials/Substrate/Glints2/dict_0003_0134" 9306
"/Engine/EngineMaterials/Substrate/Glints2/dict_0003_0135" 9307
"/Engine/EngineMaterials/Substrate/Glints2/dict_0003_0136" 9308
"../../../Engine/Content/EngineMaterials/Substrate/Glints2/dict_0003_0102.uasset" 9309
"../../../Engine/Content/EngineMaterials/Substrate/Glints2/dict_0003_0103.uasset" 9310
"/Engine/EngineMaterials/Substrate/Glints2/dict_0003_0105" 9311
"../../../Engine/Content/EngineMaterials/Substrate/Glints2/dict_0003_0104.uasset" 9312
"/Engine/EngineMaterials/Substrate/Glints2/dict_0003_0106" 9313
"../../../Engine/Content/EngineMaterials/Substrate/Glints2/dict_0003_0101.uasset" 9314
"../../../Engine/Content/EngineMaterials/Substrate/Glints2/dict_0003_0100.uasset" 9315
"../../../Engine/Content/EngineMaterials/Substrate/Glints2/dict_0003_0099.uasset" 9316
"../../../Engine/Content/EngineMaterials/Substrate/Glints2/dict_0003_0098.uasset" 9317
"../../../Engine/Content/EngineMaterials/Substrate/Glints2/dict_0003_0097.uasset" 9318
"../../../Engine/Content/EngineMaterials/Substrate/Glints2/dict_0003_0096.uasset" 9319
"../../../Engine/Content/EngineMaterials/Substrate/Glints2/dict_0003_0095.uasset" 9320
"../../../Engine/Content/EngineMaterials/Substrate/Glints2/dict_0003_0094.uasset" 9321
"../../../Engine/Content/EngineMaterials/Substrate/Glints2/dict_0003_0093.uasset" 9322
"../../../Engine/Content/EngineMaterials/Substrate/Glints2/dict_0003_0092.uasset" 9323
"../../../Engine/Content/EngineMaterials/Substrate/Glints2/dict_0003_0091.uasset" 9324
"../../../Engine/Content/EngineMaterials/Substrate/Glints2/dict_0003_0090.uasset" 9325
"/Engine/EngineMaterials/Substrate/Glints2/dict_0003_0107" 9326
"../../../Engine/Content/EngineMaterials/Substrate/Glints2/dict_0003_0089.uasset" 9327
"../../../Engine/Content/EngineMaterials/Substrate/Glints2/dict_0003_0088.uasset" 9328
"/Engine/EngineMaterials/Substrate/Glints2/dict_0003_0108" 9329
"/Engine/EngineMaterials/Substrate/Glints2/dict_0003_0109" 9330
"/Engine/EngineMaterials/Substrate/Glints2/dict_0003_0110" 9331
"/Engine/EngineMaterials/Substrate/Glints2/dict_0003_0111" 9332
"/Engine/EngineMaterials/Substrate/Glints2/dict_0003_0112" 9333
"/Engine/EngineMaterials/Substrate/Glints2/dict_0003_0113" 9334
"/Engine/EngineMaterials/Substrate/Glints2/dict_0003_0114" 9335
"/Engine/EngineMaterials/Substrate/Glints2/dict_0003_0115" 9336
"/Engine/EngineMaterials/Substrate/Glints2/dict_0003_0116" 9337
"/Engine/EngineMaterials/Substrate/Glints2/dict_0003_0117" 9338
"/Engine/EngineMaterials/Substrate/Glints2/dict_0003_0118" 9339
"/Engine/EngineMaterials/Substrate/Glints2/dict_0003_0119" 9340
"../../../Engine/Content/EngineMaterials/Substrate/Glints2/dict_0003_0087.uasset" 9341
"../../../Engine/Content/EngineMaterials/Substrate/Glints2/dict_0003_0086.uasset" 9342
"/Engine/EngineMaterials/Substrate/Glints2/dict_0003_0088" 9343
"../../../Engine/Content/EngineMaterials/Substrate/Glints2/dict_0003_0085.uasset" 9344
"../../../Engine/Content/EngineMaterials/Substrate/Glints2/dict_0003_0084.uasset" 9345
"/Engine/EngineMaterials/Substrate/Glints2/dict_0003_0089" 9346
"../../../Engine/Content/EngineMaterials/Substrate/Glints2/dict_0003_0083.uasset" 9347
"../../../Engine/Content/EngineMaterials/Substrate/Glints2/dict_0003_0082.uasset" 9348
"../../../Engine/Content/EngineMaterials/Substrate/Glints2/dict_0003_0081.uasset" 9349
"/Engine/EngineMaterials/Substrate/Glints2/dict_0003_0090" 9350
"../../../Engine/Content/EngineMaterials/Substrate/Glints2/dict_0003_0080.uasset" 9351
"../../../Engine/Content/EngineMaterials/Substrate/Glints2/dict_0003_0079.uasset" 9352
"/Engine/EngineMaterials/Substrate/Glints2/dict_0003_0091" 9353
"../../../Engine/Content/EngineMaterials/Substrate/Glints2/dict_0003_0078.uasset" 9354
"../../../Engine/Content/EngineMaterials/Substrate/Glints2/dict_0003_0077.uasset" 9355
"../../../Engine/Content/EngineMaterials/Substrate/Glints2/dict_0003_0076.uasset" 9356
"../../../Engine/Content/EngineMaterials/Substrate/Glints2/dict_0003_0075.uasset" 9357
"/Engine/EngineMaterials/Substrate/Glints2/dict_0003_0092" 9358
"../../../Engine/Content/EngineMaterials/Substrate/Glints2/dict_0003_0074.uasset" 9359
"../../../Engine/Content/EngineMaterials/Substrate/Glints2/dict_0003_0073.uasset" 9360
"/Engine/EngineMaterials/Substrate/Glints2/dict_0003_0093" 9361
"/Engine/EngineMaterials/Substrate/Glints2/dict_0003_0094" 9362
"/Engine/EngineMaterials/Substrate/Glints2/dict_0003_0095" 9363
"/Engine/EngineMaterials/Substrate/Glints2/dict_0003_0096" 9364
"/Engine/EngineMaterials/Substrate/Glints2/dict_0003_0097" 9365
"/Engine/EngineMaterials/Substrate/Glints2/dict_0003_0098" 9366
"/Engine/EngineMaterials/Substrate/Glints2/dict_0003_0099" 9367
"/Engine/EngineMaterials/Substrate/Glints2/dict_0003_0100" 9368
"/Engine/EngineMaterials/Substrate/Glints2/dict_0003_0101" 9369
"/Engine/EngineMaterials/Substrate/Glints2/dict_0003_0102" 9370
"/Engine/EngineMaterials/Substrate/Glints2/dict_0003_0103" 9371
"/Engine/EngineMaterials/Substrate/Glints2/dict_0003_0104" 9372
"../../../Engine/Content/EngineMaterials/Substrate/Glints2/dict_0003_0072.uasset" 9373
"../../../Engine/Content/EngineMaterials/Substrate/Glints2/dict_0003_0071.uasset" 9374
"/Engine/EngineMaterials/Substrate/Glints2/dict_0003_0073" 9375
"/Engine/EngineMaterials/Substrate/Glints2/dict_0003_0074" 9376
"../../../Engine/Content/EngineMaterials/Substrate/Glints2/dict_0003_0070.uasset" 9377
"../../../Engine/Content/EngineMaterials/Substrate/Glints2/dict_0003_0069.uasset" 9378
"../../../Engine/Content/EngineMaterials/Substrate/Glints2/dict_0003_0068.uasset" 9379
"../../../Engine/Content/EngineMaterials/Substrate/Glints2/dict_0003_0067.uasset" 9380
"../../../Engine/Content/EngineMaterials/Substrate/Glints2/dict_0003_0066.uasset" 9381
"/Engine/EngineMaterials/Substrate/Glints2/dict_0003_0075" 9382
"../../../Engine/Content/EngineMaterials/Substrate/Glints2/dict_0003_0064.uasset" 9383
"../../../Engine/Content/EngineMaterials/Substrate/Glints2/dict_0003_0065.uasset" 9384
"../../../Engine/Content/EngineMaterials/Substrate/Glints2/dict_0003_0063.uasset" 9385
"/Engine/EngineMaterials/Substrate/Glints2/dict_0003_0076" 9386
"../../../Engine/Content/EngineMaterials/Substrate/Glints2/dict_0003_0062.uasset" 9387
"../../../Engine/Content/EngineMaterials/Substrate/Glints2/dict_0003_0061.uasset" 9388
"../../../Engine/Content/EngineMaterials/Substrate/Glints2/dict_0003_0060.uasset" 9389
"/Engine/EngineMaterials/Substrate/Glints2/dict_0003_0077" 9390
"../../../Engine/Content/EngineMaterials/Substrate/Glints2/dict_0003_0059.uasset" 9391
"../../../Engine/Content/EngineMaterials/Substrate/Glints2/dict_0003_0058.uasset" 9392
"/Engine/EngineMaterials/Substrate/Glints2/dict_0003_0078" 9393
"../../../Engine/Content/EngineMaterials/Substrate/Glints2/dict_0003_0057.uasset" 9394
"../../../Engine/Content/EngineMaterials/Substrate/Glints2/dict_0003_0056.uasset" 9395
"/Engine/EngineMaterials/Substrate/Glints2/dict_0003_0079" 9396
"/Engine/EngineMaterials/Substrate/Glints2/dict_0003_0080" 9397
"/Engine/EngineMaterials/Substrate/Glints2/dict_0003_0081" 9398
"/Engine/EngineMaterials/Substrate/Glints2/dict_0003_0082" 9399
"/Engine/EngineMaterials/Substrate/Glints2/dict_0003_0083" 9400
"/Engine/EngineMaterials/Substrate/Glints2/dict_0003_0084" 9401
"/Engine/EngineMaterials/Substrate/Glints2/dict_0003_0085" 9402
"/Engine/EngineMaterials/Substrate/Glints2/dict_0003_0086" 9403
"/Engine/EngineMaterials/Substrate/Glints2/dict_0003_0087" 9404
"../../../Engine/Content/EngineMaterials/Substrate/Glints2/dict_0003_0055.uasset" 9405
"../../../Engine/Content/EngineMaterials/Substrate/Glints2/dict_0003_0054.uasset" 9406
"/Engine/EngineMaterials/Substrate/Glints2/dict_0003_0056" 9407
"../../../Engine/Content/EngineMaterials/Substrate/Glints2/dict_0003_0053.uasset" 9408
"/Engine/EngineMaterials/Substrate/Glints2/dict_0003_0057" 9409
"../../../Engine/Content/EngineMaterials/Substrate/Glints2/dict_0003_0051.uasset" 9410
"../../../Engine/Content/EngineMaterials/Substrate/Glints2/dict_0003_0052.uasset" 9411
"../../../Engine/Content/EngineMaterials/Substrate/Glints2/dict_0003_0050.uasset" 9412
"/Engine/EngineMaterials/Substrate/Glints2/dict_0003_0058" 9413
"../../../Engine/Content/EngineMaterials/Substrate/Glints2/dict_0003_0049.uasset" 9414
"../../../Engine/Content/EngineMaterials/Substrate/Glints2/dict_0003_0048.uasset" 9415
"../../../Engine/Content/EngineMaterials/Substrate/Glints2/dict_0003_0047.uasset" 9416
"../../../Engine/Content/EngineMaterials/Substrate/Glints2/dict_0003_0046.uasset" 9417
"/Engine/EngineMaterials/Substrate/Glints2/dict_0003_0059" 9418
"../../../Engine/Content/EngineMaterials/Substrate/Glints2/dict_0003_0045.uasset" 9419
"../../../Engine/Content/EngineMaterials/Substrate/Glints2/dict_0003_0043.uasset" 9420
"../../../Engine/Content/EngineMaterials/Substrate/Glints2/dict_0003_0044.uasset" 9421
"../../../Engine/Content/EngineMaterials/Substrate/Glints2/dict_0003_0042.uasset" 9422
"/Engine/EngineMaterials/Substrate/Glints2/dict_0003_0060" 9423
"../../../Engine/Content/EngineMaterials/Substrate/Glints2/dict_0003_0041.uasset" 9424
"/Engine/EngineMaterials/Substrate/Glints2/dict_0003_0061" 9425
"/Engine/EngineMaterials/Substrate/Glints2/dict_0003_0062" 9426
"/Engine/EngineMaterials/Substrate/Glints2/dict_0003_0063" 9427
"/Engine/EngineMaterials/Substrate/Glints2/dict_0003_0064" 9428
"/Engine/EngineMaterials/Substrate/Glints2/dict_0003_0065" 9429
"/Engine/EngineMaterials/Substrate/Glints2/dict_0003_0066" 9430
"/Engine/EngineMaterials/Substrate/Glints2/dict_0003_0067" 9431
"/Engine/EngineMaterials/Substrate/Glints2/dict_0003_0068" 9432
"/Engine/EngineMaterials/Substrate/Glints2/dict_0003_0069" 9433
"/Engine/EngineMaterials/Substrate/Glints2/dict_0003_0070" 9434
"/Engine/EngineMaterials/Substrate/Glints2/dict_0003_0071" 9435
"/Engine/EngineMaterials/Substrate/Glints2/dict_0003_0072" 9436
"../../../Engine/Content/EngineMaterials/Substrate/Glints2/dict_0003_0040.uasset" 9437
"../../../Engine/Content/EngineMaterials/Substrate/Glints2/dict_0003_0039.uasset" 9438
"/Engine/EngineMaterials/Substrate/Glints2/dict_0003_0041" 9439
"../../../Engine/Content/EngineMaterials/Substrate/Glints2/dict_0003_0038.uasset" 9440
"../../../Engine/Content/EngineMaterials/Substrate/Glints2/dict_0003_0037.uasset" 9441
"/Engine/EngineMaterials/Substrate/Glints2/dict_0003_0042" 9442
"../../../Engine/Content/EngineMaterials/Substrate/Glints2/dict_0003_0036.uasset" 9443
"/Engine/EngineMaterials/Substrate/Glints2/dict_0003_0043" 9444
"../../../Engine/Content/EngineMaterials/Substrate/Glints2/dict_0003_0035.uasset" 9445
"../../../Engine/Content/EngineMaterials/Substrate/Glints2/dict_0003_0034.uasset" 9446
"/Engine/EngineMaterials/Substrate/Glints2/dict_0003_0044" 9447
"../../../Engine/Content/EngineMaterials/Substrate/Glints2/dict_0003_0033.uasset" 9448
"../../../Engine/Content/EngineMaterials/Substrate/Glints2/dict_0003_0032.uasset" 9449
"../../../Engine/Content/EngineMaterials/Substrate/Glints2/dict_0003_0031.uasset" 9450
"/Engine/EngineMaterials/Substrate/Glints2/dict_0003_0045" 9451
"../../../Engine/Content/EngineMaterials/Substrate/Glints2/dict_0003_0030.uasset" 9452
"/Engine/EngineMaterials/Substrate/Glints2/dict_0003_0046" 9453
"../../../Engine/Content/EngineMaterials/Substrate/Glints2/dict_0003_0029.uasset" 9454
"../../../Engine/Content/EngineMaterials/Substrate/Glints2/dict_0003_0028.uasset" 9455
"../../../Engine/Content/EngineMaterials/Substrate/Glints2/dict_0003_0027.uasset" 9456
"/Engine/EngineMaterials/Substrate/Glints2/dict_0003_0047" 9457
"../../../Engine/Content/EngineMaterials/Substrate/Glints2/dict_0003_0026.uasset" 9458
"../../../Engine/Content/EngineMaterials/Substrate/Glints2/dict_0003_0025.uasset" 9459
"../../../Engine/Content/EngineMaterials/Substrate/Glints2/dict_0003_0024.uasset" 9460
"/Engine/EngineMaterials/Substrate/Glints2/dict_0003_0048" 9461
"/Engine/EngineMaterials/Substrate/Glints2/dict_0003_0049" 9462
"/Engine/EngineMaterials/Substrate/Glints2/dict_0003_0050" 9463
"/Engine/EngineMaterials/Substrate/Glints2/dict_0003_0051" 9464
"/Engine/EngineMaterials/Substrate/Glints2/dict_0003_0052" 9465
"/Engine/EngineMaterials/Substrate/Glints2/dict_0003_0053" 9466
"/Engine/EngineMaterials/Substrate/Glints2/dict_0003_0054" 9467
"/Engine/EngineMaterials/Substrate/Glints2/dict_0003_0055" 9468
"../../../Engine/Content/EngineMaterials/Substrate/Glints2/dict_0003_0022.uasset" 9469
"/Engine/EngineMaterials/Substrate/Glints2/dict_0003_0024" 9470
"../../../Engine/Content/EngineMaterials/Substrate/Glints2/dict_0003_0023.uasset" 9471
"../../../Engine/Content/EngineMaterials/Substrate/Glints2/dict_0003_0021.uasset" 9472
"../../../Engine/Content/EngineMaterials/Substrate/Glints2/dict_0003_0020.uasset" 9473
"/Engine/EngineMaterials/Substrate/Glints2/dict_0003_0025" 9474
"../../../Engine/Content/EngineMaterials/Substrate/Glints2/dict_0003_0019.uasset" 9475
"/Engine/EngineMaterials/Substrate/Glints2/dict_0003_0026" 9476
"../../../Engine/Content/EngineMaterials/Substrate/Glints2/dict_0003_0018.uasset" 9477
"../../../Engine/Content/EngineMaterials/Substrate/Glints2/dict_0003_0017.uasset" 9478
"/Engine/EngineMaterials/Substrate/Glints2/dict_0003_0027" 9479
"../../../Engine/Content/EngineMaterials/Substrate/Glints2/dict_0003_0016.uasset" 9480
"../../../Engine/Content/EngineMaterials/Substrate/Glints2/dict_0003_0015.uasset" 9481
"/Engine/EngineMaterials/Substrate/Glints2/dict_0003_0028" 9482
"../../../Engine/Content/EngineMaterials/Substrate/Glints2/dict_0003_0014.uasset" 9483
"/Engine/EngineMaterials/Substrate/Glints2/dict_0003_0029" 9484
"../../../Engine/Content/EngineMaterials/Substrate/Glints2/dict_0003_0013.uasset" 9485
"../../../Engine/Content/EngineMaterials/Substrate/Glints2/dict_0003_0012.uasset" 9486
"/Engine/EngineMaterials/Substrate/Glints2/dict_0003_0030" 9487
"../../../Engine/Content/EngineMaterials/Substrate/Glints2/dict_0003_0011.uasset" 9488
"../../../Engine/Content/EngineMaterials/Substrate/Glints2/dict_0003_0010.uasset" 9489
"../../../Engine/Content/EngineMaterials/Substrate/Glints2/dict_0003_0009.uasset" 9490
"/Engine/EngineMaterials/Substrate/Glints2/dict_0003_0031" 9491
"/Engine/EngineMaterials/Substrate/Glints2/dict_0003_0032" 9492
"/Engine/EngineMaterials/Substrate/Glints2/dict_0003_0033" 9493
"/Engine/EngineMaterials/Substrate/Glints2/dict_0003_0034" 9494
"/Engine/EngineMaterials/Substrate/Glints2/dict_0003_0035" 9495
"/Engine/EngineMaterials/Substrate/Glints2/dict_0003_0036" 9496
"/Engine/EngineMaterials/Substrate/Glints2/dict_0003_0037" 9497
"/Engine/EngineMaterials/Substrate/Glints2/dict_0003_0038" 9498
"/Engine/EngineMaterials/Substrate/Glints2/dict_0003_0039" 9499
"/Engine/EngineMaterials/Substrate/Glints2/dict_0003_0040" 9500
"../../../Engine/Content/EngineMaterials/Substrate/Glints2/dict_0003_0008.uasset" 9501
"../../../Engine/Content/EngineMaterials/Substrate/Glints2/dict_0003_0007.uasset" 9502
"/Engine/EngineMaterials/Substrate/Glints2/dict_0003_0009" 9503
"../../../Engine/Content/EngineMaterials/Substrate/Glints2/dict_0003_0006.uasset" 9504
"../../../Engine/Content/EngineMaterials/Substrate/Glints2/dict_0003_0005.uasset" 9505
"/Engine/EngineMaterials/Substrate/Glints2/dict_0003_0010" 9506
"../../../Engine/Content/EngineMaterials/Substrate/Glints2/dict_0003_0004.uasset" 9507
"../../../Engine/Content/EngineMaterials/Substrate/Glints2/dict_0003_0003.uasset" 9508
"../../../Engine/Content/EngineMaterials/Substrate/Glints2/dict_0003_0002.uasset" 9509
"../../../Engine/Content/EngineMaterials/Substrate/Glints2/dict_0003_0001.uasset" 9510
"../../../Engine/Content/EngineMaterials/Substrate/Glints2/dict_0003_0000.uasset" 9511
"/Engine/EngineMaterials/Substrate/Glints2/dict_0003_0011" 9512
"../../../Engine/Content/EngineMaterials/Substrate/Glints2/dict_0002_0255.uasset" 9513
"../../../Engine/Content/EngineMaterials/Substrate/Glints2/dict_0002_0254.uasset" 9514
"../../../Engine/Content/EngineMaterials/Substrate/Glints2/dict_0002_0252.uasset" 9515
"../../../Engine/Content/EngineMaterials/Substrate/Glints2/dict_0002_0253.uasset" 9516
"/Engine/EngineMaterials/Substrate/Glints2/dict_0003_0012" 9517
"../../../Engine/Content/EngineMaterials/Substrate/Glints2/dict_0002_0251.uasset" 9518
"../../../Engine/Content/EngineMaterials/Substrate/Glints2/dict_0002_0250.uasset" 9519
"../../../Engine/Content/EngineMaterials/Substrate/Glints2/dict_0002_0249.uasset" 9520
"/Engine/EngineMaterials/Substrate/Glints2/dict_0003_0013" 9521
"../../../Engine/Content/EngineMaterials/Substrate/Glints2/dict_0002_0248.uasset" 9522
"/Engine/EngineMaterials/Substrate/Glints2/dict_0003_0014" 9523
"/Engine/EngineMaterials/Substrate/Glints2/dict_0003_0015" 9524
"/Engine/EngineMaterials/Substrate/Glints2/dict_0003_0016" 9525
"/Engine/EngineMaterials/Substrate/Glints2/dict_0003_0017" 9526
"/Engine/EngineMaterials/Substrate/Glints2/dict_0003_0018" 9527
"/Engine/EngineMaterials/Substrate/Glints2/dict_0003_0019" 9528
"/Engine/EngineMaterials/Substrate/Glints2/dict_0003_0020" 9529
"/Engine/EngineMaterials/Substrate/Glints2/dict_0003_0021" 9530
"/Engine/EngineMaterials/Substrate/Glints2/dict_0003_0022" 9531
"/Engine/EngineMaterials/Substrate/Glints2/dict_0003_0023" 9532
"../../../Engine/Content/EngineMaterials/Substrate/Glints2/dict_0002_0246.uasset" 9533
"../../../Engine/Content/EngineMaterials/Substrate/Glints2/dict_0002_0247.uasset" 9534
"/Engine/EngineMaterials/Substrate/Glints2/dict_0002_0248" 9535
"/Engine/EngineMaterials/Substrate/Glints2/dict_0002_0249" 9536
"../../../Engine/Content/EngineMaterials/Substrate/Glints2/dict_0002_0244.uasset" 9537
"../../../Engine/Content/EngineMaterials/Substrate/Glints2/dict_0002_0245.uasset" 9538
"../../../Engine/Content/EngineMaterials/Substrate/Glints2/dict_0002_0243.uasset" 9539
"/Engine/EngineMaterials/Substrate/Glints2/dict_0002_0250" 9540
"../../../Engine/Content/EngineMaterials/Substrate/Glints2/dict_0002_0242.uasset" 9541
"../../../Engine/Content/EngineMaterials/Substrate/Glints2/dict_0002_0241.uasset" 9542
"/Engine/EngineMaterials/Substrate/Glints2/dict_0002_0251" 9543
"../../../Engine/Content/EngineMaterials/Substrate/Glints2/dict_0002_0240.uasset" 9544
"/Engine/EngineMaterials/Substrate/Glints2/dict_0002_0252" 9545
"../../../Engine/Content/EngineMaterials/Substrate/Glints2/dict_0002_0239.uasset" 9546
"../../../Engine/Content/EngineMaterials/Substrate/Glints2/dict_0002_0238.uasset" 9547
"/Engine/EngineMaterials/Substrate/Glints2/dict_0002_0253" 9548
"../../../Engine/Content/EngineMaterials/Substrate/Glints2/dict_0002_0237.uasset" 9549
"../../../Engine/Content/EngineMaterials/Substrate/Glints2/dict_0002_0236.uasset" 9550
"../../../Engine/Content/EngineMaterials/Substrate/Glints2/dict_0002_0235.uasset" 9551
"/Engine/EngineMaterials/Substrate/Glints2/dict_0002_0254" 9552
"../../../Engine/Content/EngineMaterials/Substrate/Glints2/dict_0002_0234.uasset" 9553
"../../../Engine/Content/EngineMaterials/Substrate/Glints2/dict_0002_0233.uasset" 9554
"/Engine/EngineMaterials/Substrate/Glints2/dict_0002_0255" 9555
"/Engine/EngineMaterials/Substrate/Glints2/dict_0003_0000" 9556
"/Engine/EngineMaterials/Substrate/Glints2/dict_0003_0001" 9557
"/Engine/EngineMaterials/Substrate/Glints2/dict_0003_0002" 9558
"/Engine/EngineMaterials/Substrate/Glints2/dict_0003_0003" 9559
"/Engine/EngineMaterials/Substrate/Glints2/dict_0003_0004" 9560
"/Engine/EngineMaterials/Substrate/Glints2/dict_0003_0005" 9561
"/Engine/EngineMaterials/Substrate/Glints2/dict_0003_0006" 9562
"/Engine/EngineMaterials/Substrate/Glints2/dict_0003_0007" 9563
"/Engine/EngineMaterials/Substrate/Glints2/dict_0003_0008" 9564
"../../../Engine/Content/EngineMaterials/Substrate/Glints2/dict_0002_0232.uasset" 9565
"../../../Engine/Content/EngineMaterials/Substrate/Glints2/dict_0002_0231.uasset" 9566
"../../../Engine/Content/EngineMaterials/Substrate/Glints2/dict_0002_0230.uasset" 9567
"/Engine/EngineMaterials/Substrate/Glints2/dict_0002_0233" 9568
"/Engine/EngineMaterials/Substrate/Glints2/dict_0002_0234" 9569
"../../../Engine/Content/EngineMaterials/Substrate/Glints2/dict_0002_0229.uasset" 9570
"../../../Engine/Content/EngineMaterials/Substrate/Glints2/dict_0002_0228.uasset" 9571
"../../../Engine/Content/EngineMaterials/Substrate/Glints2/dict_0002_0227.uasset" 9572
"/Engine/EngineMaterials/Substrate/Glints2/dict_0002_0235" 9573
"../../../Engine/Content/EngineMaterials/Substrate/Glints2/dict_0002_0225.uasset" 9574
"../../../Engine/Content/EngineMaterials/Substrate/Glints2/dict_0002_0226.uasset" 9575
"../../../Engine/Content/EngineMaterials/Substrate/Glints2/dict_0002_0224.uasset" 9576
"/Engine/EngineMaterials/Substrate/Glints2/dict_0002_0236" 9577
"../../../Engine/Content/EngineMaterials/Substrate/Glints2/dict_0002_0223.uasset" 9578
"../../../Engine/Content/EngineMaterials/Substrate/Glints2/dict_0002_0222.uasset" 9579
"../../../Engine/Content/EngineMaterials/Substrate/Glints2/dict_0002_0221.uasset" 9580
"/Engine/EngineMaterials/Substrate/Glints2/dict_0002_0237" 9581
"../../../Engine/Content/EngineMaterials/Substrate/Glints2/dict_0002_0220.uasset" 9582
"../../../Engine/Content/EngineMaterials/Substrate/Glints2/dict_0002_0219.uasset" 9583
"/Engine/EngineMaterials/Substrate/Glints2/dict_0002_0238" 9584
"../../../Engine/Content/EngineMaterials/Substrate/Glints2/dict_0002_0218.uasset" 9585
"../../../Engine/Content/EngineMaterials/Substrate/Glints2/dict_0002_0217.uasset" 9586
"../../../Engine/Content/EngineMaterials/Substrate/Glints2/dict_0002_0216.uasset" 9587
"/Engine/EngineMaterials/Substrate/Glints2/dict_0002_0239" 9588
"/Engine/EngineMaterials/Substrate/Glints2/dict_0002_0240" 9589
"/Engine/EngineMaterials/Substrate/Glints2/dict_0002_0241" 9590
"/Engine/EngineMaterials/Substrate/Glints2/dict_0002_0242" 9591
"/Engine/EngineMaterials/Substrate/Glints2/dict_0002_0243" 9592
"/Engine/EngineMaterials/Substrate/Glints2/dict_0002_0244" 9593
"/Engine/EngineMaterials/Substrate/Glints2/dict_0002_0245" 9594
"/Engine/EngineMaterials/Substrate/Glints2/dict_0002_0246" 9595
"/Engine/EngineMaterials/Substrate/Glints2/dict_0002_0247" 9596
"../../../Engine/Content/EngineMaterials/Substrate/Glints2/dict_0002_0214.uasset" 9597
"../../../Engine/Content/EngineMaterials/Substrate/Glints2/dict_0002_0215.uasset" 9598
"/Engine/EngineMaterials/Substrate/Glints2/dict_0002_0216" 9599
"../../../Engine/Content/EngineMaterials/Substrate/Glints2/dict_0002_0213.uasset" 9600
"/Engine/EngineMaterials/Substrate/Glints2/dict_0002_0217" 9601
"../../../Engine/Content/EngineMaterials/Substrate/Glints2/dict_0002_0212.uasset" 9602
"../../../Engine/Content/EngineMaterials/Substrate/Glints2/dict_0002_0211.uasset" 9603
"../../../Engine/Content/EngineMaterials/Substrate/Glints2/dict_0002_0210.uasset" 9604
"/Engine/EngineMaterials/Substrate/Glints2/dict_0002_0218" 9605
"../../../Engine/Content/EngineMaterials/Substrate/Glints2/dict_0002_0208.uasset" 9606
"../../../Engine/Content/EngineMaterials/Substrate/Glints2/dict_0002_0209.uasset" 9607
"/Engine/EngineMaterials/Substrate/Glints2/dict_0002_0219" 9608
"../../../Engine/Content/EngineMaterials/Substrate/Glints2/dict_0002_0207.uasset" 9609
"/Engine/EngineMaterials/Substrate/Glints2/dict_0002_0220" 9610
"../../../Engine/Content/EngineMaterials/Substrate/Glints2/dict_0002_0206.uasset" 9611
"../../../Engine/Content/EngineMaterials/Substrate/Glints2/dict_0002_0205.uasset" 9612
"../../../Engine/Content/EngineMaterials/Substrate/Glints2/dict_0002_0204.uasset" 9613
"/Engine/EngineMaterials/Substrate/Glints2/dict_0002_0221" 9614
"../../../Engine/Content/EngineMaterials/Substrate/Glints2/dict_0002_0203.uasset" 9615
"../../../Engine/Content/EngineMaterials/Substrate/Glints2/dict_0002_0202.uasset" 9616
"../../../Engine/Content/EngineMaterials/Substrate/Glints2/dict_0002_0201.uasset" 9617
"/Engine/EngineMaterials/Substrate/Glints2/dict_0002_0222" 9618
"/Engine/EngineMaterials/Substrate/Glints2/dict_0002_0223" 9619
"/Engine/EngineMaterials/Substrate/Glints2/dict_0002_0224" 9620
"/Engine/EngineMaterials/Substrate/Glints2/dict_0002_0225" 9621
"/Engine/EngineMaterials/Substrate/Glints2/dict_0002_0226" 9622
"/Engine/EngineMaterials/Substrate/Glints2/dict_0002_0227" 9623
"/Engine/EngineMaterials/Substrate/Glints2/dict_0002_0228" 9624
"/Engine/EngineMaterials/Substrate/Glints2/dict_0002_0229" 9625
"/Engine/EngineMaterials/Substrate/Glints2/dict_0002_0230" 9626
"/Engine/EngineMaterials/Substrate/Glints2/dict_0002_0231" 9627
"/Engine/EngineMaterials/Substrate/Glints2/dict_0002_0232" 9628
"../../../Engine/Content/EngineMaterials/Substrate/Glints2/dict_0002_0200.uasset" 9629
"../../../Engine/Content/EngineMaterials/Substrate/Glints2/dict_0002_0199.uasset" 9630
"/Engine/EngineMaterials/Substrate/Glints2/dict_0002_0201" 9631
"../../../Engine/Content/EngineMaterials/Substrate/Glints2/dict_0002_0198.uasset" 9632
"../../../Engine/Content/EngineMaterials/Substrate/Glints2/dict_0002_0197.uasset" 9633
"../../../Engine/Content/EngineMaterials/Substrate/Glints2/dict_0002_0196.uasset" 9634
"/Engine/EngineMaterials/Substrate/Glints2/dict_0002_0202" 9635
"../../../Engine/Content/EngineMaterials/Substrate/Glints2/dict_0002_0195.uasset" 9636
"/Engine/EngineMaterials/Substrate/Glints2/dict_0002_0203" 9637
"../../../Engine/Content/EngineMaterials/Substrate/Glints2/dict_0002_0194.uasset" 9638
"../../../Engine/Content/EngineMaterials/Substrate/Glints2/dict_0002_0193.uasset" 9639
"../../../Engine/Content/EngineMaterials/Substrate/Glints2/dict_0002_0192.uasset" 9640
"/Engine/EngineMaterials/Substrate/Glints2/dict_0002_0204" 9641
"../../../Engine/Content/EngineMaterials/Substrate/Glints2/dict_0002_0191.uasset" 9642
"../../../Engine/Content/EngineMaterials/Substrate/Glints2/dict_0002_0190.uasset" 9643
"../../../Engine/Content/EngineMaterials/Substrate/Glints2/dict_0002_0189.uasset" 9644
"../../../Engine/Content/EngineMaterials/Substrate/Glints2/dict_0002_0188.uasset" 9645
"../../../Engine/Content/EngineMaterials/Substrate/Glints2/dict_0002_0187.uasset" 9646
"/Engine/EngineMaterials/Substrate/Glints2/dict_0002_0205" 9647
"../../../Engine/Content/EngineMaterials/Substrate/Glints2/dict_0002_0185.uasset" 9648
"../../../Engine/Content/EngineMaterials/Substrate/Glints2/dict_0002_0186.uasset" 9649
"/Engine/EngineMaterials/Substrate/Glints2/dict_0002_0206" 9650
"../../../Engine/Content/EngineMaterials/Substrate/Glints2/dict_0002_0184.uasset" 9651
"/Engine/EngineMaterials/Substrate/Glints2/dict_0002_0207" 9652
"/Engine/EngineMaterials/Substrate/Glints2/dict_0002_0208" 9653
"/Engine/EngineMaterials/Substrate/Glints2/dict_0002_0209" 9654
"/Engine/EngineMaterials/Substrate/Glints2/dict_0002_0210" 9655
"/Engine/EngineMaterials/Substrate/Glints2/dict_0002_0211" 9656
"/Engine/EngineMaterials/Substrate/Glints2/dict_0002_0212" 9657
"/Engine/EngineMaterials/Substrate/Glints2/dict_0002_0213" 9658
"/Engine/EngineMaterials/Substrate/Glints2/dict_0002_0214" 9659
"/Engine/EngineMaterials/Substrate/Glints2/dict_0002_0215" 9660
"../../../Engine/Content/EngineMaterials/Substrate/Glints2/dict_0002_0182.uasset" 9661
"../../../Engine/Content/EngineMaterials/Substrate/Glints2/dict_0002_0181.uasset" 9662
"/Engine/EngineMaterials/Substrate/Glints2/dict_0002_0184" 9663
"../../../Engine/Content/EngineMaterials/Substrate/Glints2/dict_0002_0183.uasset" 9664
"../../../Engine/Content/EngineMaterials/Substrate/Glints2/dict_0002_0180.uasset" 9665
"/Engine/EngineMaterials/Substrate/Glints2/dict_0002_0185" 9666
"../../../Engine/Content/EngineMaterials/Substrate/Glints2/dict_0002_0178.uasset" 9667
"../../../Engine/Content/EngineMaterials/Substrate/Glints2/dict_0002_0179.uasset" 9668
"/Engine/EngineMaterials/Substrate/Glints2/dict_0002_0186" 9669
"/Engine/EngineMaterials/Substrate/Glints2/dict_0002_0187" 9670
"../../../Engine/Content/EngineMaterials/Substrate/Glints2/dict_0002_0177.uasset" 9671
"/Engine/EngineMaterials/Substrate/Glints2/dict_0002_0188" 9672
"../../../Engine/Content/EngineMaterials/Substrate/Glints2/dict_0002_0176.uasset" 9673
"/Engine/EngineMaterials/Substrate/Glints2/dict_0002_0189" 9674
"/Engine/EngineMaterials/Substrate/Glints2/dict_0002_0190" 9675
"../../../Engine/Content/EngineMaterials/Substrate/Glints2/dict_0002_0174.uasset" 9676
"../../../Engine/Content/EngineMaterials/Substrate/Glints2/dict_0002_0175.uasset" 9677
"../../../Engine/Content/EngineMaterials/Substrate/Glints2/dict_0002_0173.uasset" 9678
"/Engine/EngineMaterials/Substrate/Glints2/dict_0002_0191" 9679
"/Engine/EngineMaterials/Substrate/Glints2/dict_0002_0192" 9680
"/Engine/EngineMaterials/Substrate/Glints2/dict_0002_0193" 9681
"../../../Engine/Content/EngineMaterials/Substrate/Glints2/dict_0002_0172.uasset" 9682
"../../../Engine/Content/EngineMaterials/Substrate/Glints2/dict_0002_0171.uasset" 9683
"/Engine/EngineMaterials/Substrate/Glints2/dict_0002_0194" 9684
"../../../Engine/Content/EngineMaterials/Substrate/Glints2/dict_0002_0170.uasset" 9685
"/Engine/EngineMaterials/Substrate/Glints2/dict_0002_0195" 9686
"/Engine/EngineMaterials/Substrate/Glints2/dict_0002_0196" 9687
"../../../Engine/Content/EngineMaterials/Substrate/Glints2/dict_0002_0169.uasset" 9688
"/Engine/EngineMaterials/Substrate/Glints2/dict_0002_0197" 9689
"/Engine/EngineMaterials/Substrate/Glints2/dict_0002_0198" 9690
"/Engine/EngineMaterials/Substrate/Glints2/dict_0002_0199" 9691
"/Engine/EngineMaterials/Substrate/Glints2/dict_0002_0200" 9692
"../../../Engine/Content/EngineMaterials/Substrate/Glints2/dict_0002_0168.uasset" 9693
"../../../Engine/Content/EngineMaterials/Substrate/Glints2/dict_0002_0166.uasset" 9694
"../../../Engine/Content/EngineMaterials/Substrate/Glints2/dict_0002_0167.uasset" 9695
"/Engine/EngineMaterials/Substrate/Glints2/dict_0002_0169" 9696
"/Engine/EngineMaterials/Substrate/Glints2/dict_0002_0170" 9697
"../../../Engine/Content/EngineMaterials/Substrate/Glints2/dict_0002_0165.uasset" 9698
"../../../Engine/Content/EngineMaterials/Substrate/Glints2/dict_0002_0164.uasset" 9699
"../../../Engine/Content/EngineMaterials/Substrate/Glints2/dict_0002_0163.uasset" 9700
"/Engine/EngineMaterials/Substrate/Glints2/dict_0002_0171" 9701
"../../../Engine/Content/EngineMaterials/Substrate/Glints2/dict_0002_0161.uasset" 9702
"../../../Engine/Content/EngineMaterials/Substrate/Glints2/dict_0002_0162.uasset" 9703
"../../../Engine/Content/EngineMaterials/Substrate/Glints2/dict_0002_0160.uasset" 9704
"/Engine/EngineMaterials/Substrate/Glints2/dict_0002_0172" 9705
"../../../Engine/Content/EngineMaterials/Substrate/Glints2/dict_0002_0158.uasset" 9706
"/Engine/EngineMaterials/Substrate/Glints2/dict_0002_0173" 9707
"../../../Engine/Content/EngineMaterials/Substrate/Glints2/dict_0002_0159.uasset" 9708
"../../../Engine/Content/EngineMaterials/Substrate/Glints2/dict_0002_0157.uasset" 9709
"/Engine/EngineMaterials/Substrate/Glints2/dict_0002_0174" 9710
"../../../Engine/Content/EngineMaterials/Substrate/Glints2/dict_0002_0155.uasset" 9711
"../../../Engine/Content/EngineMaterials/Substrate/Glints2/dict_0002_0156.uasset" 9712
"../../../Engine/Content/EngineMaterials/Substrate/Glints2/dict_0002_0154.uasset" 9713
"/Engine/EngineMaterials/Substrate/Glints2/dict_0002_0175" 9714
"../../../Engine/Content/EngineMaterials/Substrate/Glints2/dict_0002_0153.uasset" 9715
"../../../Engine/Content/EngineMaterials/Substrate/Glints2/dict_0002_0152.uasset" 9716
"/Engine/EngineMaterials/Substrate/Glints2/dict_0002_0176" 9717
"/Engine/EngineMaterials/Substrate/Glints2/dict_0002_0177" 9718
"/Engine/EngineMaterials/Substrate/Glints2/dict_0002_0178" 9719
"/Engine/EngineMaterials/Substrate/Glints2/dict_0002_0179" 9720
"/Engine/EngineMaterials/Substrate/Glints2/dict_0002_0180" 9721
"/Engine/EngineMaterials/Substrate/Glints2/dict_0002_0181" 9722
"/Engine/EngineMaterials/Substrate/Glints2/dict_0002_0182" 9723
"/Engine/EngineMaterials/Substrate/Glints2/dict_0002_0183" 9724
"../../../Engine/Content/EngineMaterials/Substrate/Glints2/dict_0002_0150.uasset" 9725
"../../../Engine/Content/EngineMaterials/Substrate/Glints2/dict_0002_0151.uasset" 9726
"../../../Engine/Content/EngineMaterials/Substrate/Glints2/dict_0002_0149.uasset" 9727
"/Engine/EngineMaterials/Substrate/Glints2/dict_0002_0152" 9728
"../../../Engine/Content/EngineMaterials/Substrate/Glints2/dict_0002_0147.uasset" 9729
"../../../Engine/Content/EngineMaterials/Substrate/Glints2/dict_0002_0146.uasset" 9730
"../../../Engine/Content/EngineMaterials/Substrate/Glints2/dict_0002_0148.uasset" 9731
"/Engine/EngineMaterials/Substrate/Glints2/dict_0002_0153" 9732
"../../../Engine/Content/EngineMaterials/Substrate/Glints2/dict_0002_0145.uasset" 9733
"/Engine/EngineMaterials/Substrate/Glints2/dict_0002_0154" 9734
"../../../Engine/Content/EngineMaterials/Substrate/Glints2/dict_0002_0144.uasset" 9735
"../../../Engine/Content/EngineMaterials/Substrate/Glints2/dict_0002_0143.uasset" 9736
"/Engine/EngineMaterials/Substrate/Glints2/dict_0002_0155" 9737
"../../../Engine/Content/EngineMaterials/Substrate/Glints2/dict_0002_0142.uasset" 9738
"/Engine/EngineMaterials/Substrate/Glints2/dict_0002_0156" 9739
"../../../Engine/Content/EngineMaterials/Substrate/Glints2/dict_0002_0141.uasset" 9740
"../../../Engine/Content/EngineMaterials/Substrate/Glints2/dict_0002_0140.uasset" 9741
"/Engine/EngineMaterials/Substrate/Glints2/dict_0002_0157" 9742
"../../../Engine/Content/EngineMaterials/Substrate/Glints2/dict_0002_0139.uasset" 9743
"/Engine/EngineMaterials/Substrate/Glints2/dict_0002_0158" 9744
"../../../Engine/Content/EngineMaterials/Substrate/Glints2/dict_0002_0138.uasset" 9745
"../../../Engine/Content/EngineMaterials/Substrate/Glints2/dict_0002_0137.uasset" 9746
"/Engine/EngineMaterials/Substrate/Glints2/dict_0002_0159" 9747
"/Engine/EngineMaterials/Substrate/Glints2/dict_0002_0160" 9748
"/Engine/EngineMaterials/Substrate/Glints2/dict_0002_0161" 9749
"/Engine/EngineMaterials/Substrate/Glints2/dict_0002_0162" 9750
"/Engine/EngineMaterials/Substrate/Glints2/dict_0002_0163" 9751
"/Engine/EngineMaterials/Substrate/Glints2/dict_0002_0164" 9752
"/Engine/EngineMaterials/Substrate/Glints2/dict_0002_0165" 9753
"/Engine/EngineMaterials/Substrate/Glints2/dict_0002_0166" 9754
"/Engine/EngineMaterials/Substrate/Glints2/dict_0002_0167" 9755
"/Engine/EngineMaterials/Substrate/Glints2/dict_0002_0168" 9756
"../../../Engine/Content/EngineMaterials/Substrate/Glints2/dict_0002_0136.uasset" 9757
"/Engine/EngineMaterials/Substrate/Glints2/dict_0002_0137" 9758
"../../../Engine/Content/EngineMaterials/Substrate/Glints2/dict_0002_0135.uasset" 9759
"../../../Engine/Content/EngineMaterials/Substrate/Glints2/dict_0002_0134.uasset" 9760
"/Engine/EngineMaterials/Substrate/Glints2/dict_0002_0138" 9761
"/Engine/EngineMaterials/Substrate/Glints2/dict_0002_0139" 9762
"../../../Engine/Content/EngineMaterials/Substrate/Glints2/dict_0002_0133.uasset" 9763
"../../../Engine/Content/EngineMaterials/Substrate/Glints2/dict_0002_0132.uasset" 9764
"/Engine/EngineMaterials/Substrate/Glints2/dict_0002_0140" 9765
"/Engine/EngineMaterials/Substrate/Glints2/dict_0002_0141" 9766
"../../../Engine/Content/EngineMaterials/Substrate/Glints2/dict_0002_0131.uasset" 9767
"../../../Engine/Content/EngineMaterials/Substrate/Glints2/dict_0002_0130.uasset" 9768
"/Engine/EngineMaterials/Substrate/Glints2/dict_0002_0142" 9769
"/Engine/EngineMaterials/Substrate/Glints2/dict_0002_0143" 9770
"../../../Engine/Content/EngineMaterials/Substrate/Glints2/dict_0002_0129.uasset" 9771
"../../../Engine/Content/EngineMaterials/Substrate/Glints2/dict_0002_0128.uasset" 9772
"/Engine/EngineMaterials/Substrate/Glints2/dict_0002_0144" 9773
"../../../Engine/Content/EngineMaterials/Substrate/Glints2/dict_0002_0127.uasset" 9774
"../../../Engine/Content/EngineMaterials/Substrate/Glints2/dict_0002_0126.uasset" 9775
"/Engine/EngineMaterials/Substrate/Glints2/dict_0002_0145" 9776
"../../../Engine/Content/EngineMaterials/Substrate/Glints2/dict_0002_0125.uasset" 9777
"/Engine/EngineMaterials/Substrate/Glints2/dict_0002_0146" 9778
"/Engine/EngineMaterials/Substrate/Glints2/dict_0002_0147" 9779
"../../../Engine/Content/EngineMaterials/Substrate/Glints2/dict_0002_0124.uasset" 9780
"../../../Engine/Content/EngineMaterials/Substrate/Glints2/dict_0002_0123.uasset" 9781
"/Engine/EngineMaterials/Substrate/Glints2/dict_0002_0148" 9782
"../../../Engine/Content/EngineMaterials/Substrate/Glints2/dict_0002_0122.uasset" 9783
"../../../Engine/Content/EngineMaterials/Substrate/Glints2/dict_0002_0121.uasset" 9784
"../../../Engine/Content/EngineMaterials/Substrate/Glints2/dict_0002_0120.uasset" 9785
"/Engine/EngineMaterials/Substrate/Glints2/dict_0002_0149" 9786
"/Engine/EngineMaterials/Substrate/Glints2/dict_0002_0150" 9787
"/Engine/EngineMaterials/Substrate/Glints2/dict_0002_0151" 9788
"../../../Engine/Content/EngineMaterials/Substrate/Glints2/dict_0002_0119.uasset" 9789
"../../../Engine/Content/EngineMaterials/Substrate/Glints2/dict_0002_0118.uasset" 9790
"/Engine/EngineMaterials/Substrate/Glints2/dict_0002_0120" 9791
"/Engine/EngineMaterials/Substrate/Glints2/dict_0002_0121" 9792
"../../../Engine/Content/EngineMaterials/Substrate/Glints2/dict_0002_0117.uasset" 9793
"../../../Engine/Content/EngineMaterials/Substrate/Glints2/dict_0002_0116.uasset" 9794
"../../../Engine/Content/EngineMaterials/Substrate/Glints2/dict_0002_0115.uasset" 9795
"/Engine/EngineMaterials/Substrate/Glints2/dict_0002_0122" 9796
"/Engine/EngineMaterials/Substrate/Glints2/dict_0002_0123" 9797
"../../../Engine/Content/EngineMaterials/Substrate/Glints2/dict_0002_0114.uasset" 9798
"../../../Engine/Content/EngineMaterials/Substrate/Glints2/dict_0002_0113.uasset" 9799
"../../../Engine/Content/EngineMaterials/Substrate/Glints2/dict_0002_0112.uasset" 9800
"/Engine/EngineMaterials/Substrate/Glints2/dict_0002_0124" 9801
"../../../Engine/Content/EngineMaterials/Substrate/Glints2/dict_0002_0111.uasset" 9802
"../../../Engine/Content/EngineMaterials/Substrate/Glints2/dict_0002_0110.uasset" 9803
"../../../Engine/Content/EngineMaterials/Substrate/Glints2/dict_0002_0109.uasset" 9804
"/Engine/EngineMaterials/Substrate/Glints2/dict_0002_0125" 9805
"../../../Engine/Content/EngineMaterials/Substrate/Glints2/dict_0002_0108.uasset" 9806
"../../../Engine/Content/EngineMaterials/Substrate/Glints2/dict_0002_0107.uasset" 9807
"/Engine/EngineMaterials/Substrate/Glints2/dict_0002_0126" 9808
"/Engine/EngineMaterials/Substrate/Glints2/dict_0002_0127" 9809
"../../../Engine/Content/EngineMaterials/Substrate/Glints2/dict_0002_0106.uasset" 9810
"/Engine/EngineMaterials/Substrate/Glints2/dict_0002_0128" 9811
"../../../Engine/Content/EngineMaterials/Substrate/Glints2/dict_0002_0105.uasset" 9812
"/Engine/EngineMaterials/Substrate/Glints2/dict_0002_0129" 9813
"/Engine/EngineMaterials/Substrate/Glints2/dict_0002_0130" 9814
"/Engine/EngineMaterials/Substrate/Glints2/dict_0002_0131" 9815
"/Engine/EngineMaterials/Substrate/Glints2/dict_0002_0132" 9816
"/Engine/EngineMaterials/Substrate/Glints2/dict_0002_0133" 9817
"/Engine/EngineMaterials/Substrate/Glints2/dict_0002_0134" 9818
"/Engine/EngineMaterials/Substrate/Glints2/dict_0002_0135" 9819
"/Engine/EngineMaterials/Substrate/Glints2/dict_0002_0136" 9820
"../../../Engine/Content/EngineMaterials/Substrate/Glints2/dict_0002_0104.uasset" 9821
"../../../Engine/Content/EngineMaterials/Substrate/Glints2/dict_0002_0103.uasset" 9822
"../../../Engine/Content/EngineMaterials/Substrate/Glints2/dict_0002_0102.uasset" 9823
"/Engine/EngineMaterials/Substrate/Glints2/dict_0002_0105" 9824
"../../../Engine/Content/EngineMaterials/Substrate/Glints2/dict_0002_0101.uasset" 9825
"../../../Engine/Content/EngineMaterials/Substrate/Glints2/dict_0002_0100.uasset" 9826
"../../../Engine/Content/EngineMaterials/Substrate/Glints2/dict_0002_0099.uasset" 9827
"../../../Engine/Content/EngineMaterials/Substrate/Glints2/dict_0002_0098.uasset" 9828
"../../../Engine/Content/EngineMaterials/Substrate/Glints2/dict_0002_0096.uasset" 9829
"../../../Engine/Content/EngineMaterials/Substrate/Glints2/dict_0002_0097.uasset" 9830
"/Engine/EngineMaterials/Substrate/Glints2/dict_0002_0106" 9831
"../../../Engine/Content/EngineMaterials/Substrate/Glints2/dict_0002_0095.uasset" 9832
"../../../Engine/Content/EngineMaterials/Substrate/Glints2/dict_0002_0094.uasset" 9833
"../../../Engine/Content/EngineMaterials/Substrate/Glints2/dict_0002_0093.uasset" 9834
"../../../Engine/Content/EngineMaterials/Substrate/Glints2/dict_0002_0092.uasset" 9835
"../../../Engine/Content/EngineMaterials/Substrate/Glints2/dict_0002_0090.uasset" 9836
"../../../Engine/Content/EngineMaterials/Substrate/Glints2/dict_0002_0091.uasset" 9837
"/Engine/EngineMaterials/Substrate/Glints2/dict_0002_0107" 9838
"../../../Engine/Content/EngineMaterials/Substrate/Glints2/dict_0002_0089.uasset" 9839
"../../../Engine/Content/EngineMaterials/Substrate/Glints2/dict_0002_0088.uasset" 9840
"/Engine/EngineMaterials/Substrate/Glints2/dict_0002_0108" 9841
"/Engine/EngineMaterials/Substrate/Glints2/dict_0002_0109" 9842
"/Engine/EngineMaterials/Substrate/Glints2/dict_0002_0110" 9843
"/Engine/EngineMaterials/Substrate/Glints2/dict_0002_0111" 9844
"/Engine/EngineMaterials/Substrate/Glints2/dict_0002_0112" 9845
"/Engine/EngineMaterials/Substrate/Glints2/dict_0002_0113" 9846
"/Engine/EngineMaterials/Substrate/Glints2/dict_0002_0114" 9847
"/Engine/EngineMaterials/Substrate/Glints2/dict_0002_0115" 9848
"/Engine/EngineMaterials/Substrate/Glints2/dict_0002_0116" 9849
"/Engine/EngineMaterials/Substrate/Glints2/dict_0002_0117" 9850
"/Engine/EngineMaterials/Substrate/Glints2/dict_0002_0118" 9851
"/Engine/EngineMaterials/Substrate/Glints2/dict_0002_0119" 9852
"../../../Engine/Content/EngineMaterials/Substrate/Glints2/dict_0002_0086.uasset" 9853
"../../../Engine/Content/EngineMaterials/Substrate/Glints2/dict_0002_0087.uasset" 9854
"../../../Engine/Content/EngineMaterials/Substrate/Glints2/dict_0002_0085.uasset" 9855
"../../../Engine/Content/EngineMaterials/Substrate/Glints2/dict_0002_0084.uasset" 9856
"/Engine/EngineMaterials/Substrate/Glints2/dict_0002_0088" 9857
"../../../Engine/Content/EngineMaterials/Substrate/Glints2/dict_0002_0082.uasset" 9858
"../../../Engine/Content/EngineMaterials/Substrate/Glints2/dict_0002_0083.uasset" 9859
"../../../Engine/Content/EngineMaterials/Substrate/Glints2/dict_0002_0081.uasset" 9860
"../../../Engine/Content/EngineMaterials/Substrate/Glints2/dict_0002_0080.uasset" 9861
"/Engine/EngineMaterials/Substrate/Glints2/dict_0002_0089" 9862
"../../../Engine/Content/EngineMaterials/Substrate/Glints2/dict_0002_0079.uasset" 9863
"../../../Engine/Content/EngineMaterials/Substrate/Glints2/dict_0002_0078.uasset" 9864
"../../../Engine/Content/EngineMaterials/Substrate/Glints2/dict_0002_0077.uasset" 9865
"../../../Engine/Content/EngineMaterials/Substrate/Glints2/dict_0002_0076.uasset" 9866
"/Engine/EngineMaterials/Substrate/Glints2/dict_0002_0090" 9867
"../../../Engine/Content/EngineMaterials/Substrate/Glints2/dict_0002_0075.uasset" 9868
"../../../Engine/Content/EngineMaterials/Substrate/Glints2/dict_0002_0074.uasset" 9869
"../../../Engine/Content/EngineMaterials/Substrate/Glints2/dict_0002_0073.uasset" 9870
"/Engine/EngineMaterials/Substrate/Glints2/dict_0002_0091" 9871
"/Engine/EngineMaterials/Substrate/Glints2/dict_0002_0092" 9872
"/Engine/EngineMaterials/Substrate/Glints2/dict_0002_0093" 9873
"/Engine/EngineMaterials/Substrate/Glints2/dict_0002_0094" 9874
"/Engine/EngineMaterials/Substrate/Glints2/dict_0002_0095" 9875
"/Engine/EngineMaterials/Substrate/Glints2/dict_0002_0096" 9876
"/Engine/EngineMaterials/Substrate/Glints2/dict_0002_0097" 9877
"/Engine/EngineMaterials/Substrate/Glints2/dict_0002_0098" 9878
"/Engine/EngineMaterials/Substrate/Glints2/dict_0002_0099" 9879
"/Engine/EngineMaterials/Substrate/Glints2/dict_0002_0100" 9880
"/Engine/EngineMaterials/Substrate/Glints2/dict_0002_0101" 9881
"/Engine/EngineMaterials/Substrate/Glints2/dict_0002_0102" 9882
"/Engine/EngineMaterials/Substrate/Glints2/dict_0002_0103" 9883
"/Engine/EngineMaterials/Substrate/Glints2/dict_0002_0104" 9884
"../../../Engine/Content/EngineMaterials/Substrate/Glints2/dict_0002_0070.uasset" 9885
"../../../Engine/Content/EngineMaterials/Substrate/Glints2/dict_0002_0071.uasset" 9886
"../../../Engine/Content/EngineMaterials/Substrate/Glints2/dict_0002_0069.uasset" 9887
"../../../Engine/Content/EngineMaterials/Substrate/Glints2/dict_0002_0072.uasset" 9888
"/Engine/EngineMaterials/Substrate/Glints2/dict_0002_0073" 9889
"/Engine/EngineMaterials/Substrate/Glints2/dict_0002_0074" 9890
"../../../Engine/Content/EngineMaterials/Substrate/Glints2/dict_0002_0068.uasset" 9891
"../../../Engine/Content/EngineMaterials/Substrate/Glints2/dict_0002_0067.uasset" 9892
"../../../Engine/Content/EngineMaterials/Substrate/Glints2/dict_0002_0066.uasset" 9893
"/Engine/EngineMaterials/Substrate/Glints2/dict_0002_0075" 9894
"../../../Engine/Content/EngineMaterials/Substrate/Glints2/dict_0002_0065.uasset" 9895
"../../../Engine/Content/EngineMaterials/Substrate/Glints2/dict_0002_0064.uasset" 9896
"../../../Engine/Content/EngineMaterials/Substrate/Glints2/dict_0002_0063.uasset" 9897
"../../../Engine/Content/EngineMaterials/Substrate/Glints2/dict_0002_0062.uasset" 9898
"../../../Engine/Content/EngineMaterials/Substrate/Glints2/dict_0002_0061.uasset" 9899
"/Engine/EngineMaterials/Substrate/Glints2/dict_0002_0076" 9900
"../../../Engine/Content/EngineMaterials/Substrate/Glints2/dict_0002_0058.uasset" 9901
"../../../Engine/Content/EngineMaterials/Substrate/Glints2/dict_0002_0060.uasset" 9902
"../../../Engine/Content/EngineMaterials/Substrate/Glints2/dict_0002_0059.uasset" 9903
"../../../Engine/Content/EngineMaterials/Substrate/Glints2/dict_0002_0057.uasset" 9904
"/Engine/EngineMaterials/Substrate/Glints2/dict_0002_0077" 9905
"../../../Engine/Content/EngineMaterials/Substrate/Glints2/dict_0002_0056.uasset" 9906
"/Engine/EngineMaterials/Substrate/Glints2/dict_0002_0078" 9907
"/Engine/EngineMaterials/Substrate/Glints2/dict_0002_0079" 9908
"/Engine/EngineMaterials/Substrate/Glints2/dict_0002_0080" 9909
"/Engine/EngineMaterials/Substrate/Glints2/dict_0002_0081" 9910
"/Engine/EngineMaterials/Substrate/Glints2/dict_0002_0082" 9911
"/Engine/EngineMaterials/Substrate/Glints2/dict_0002_0083" 9912
"/Engine/EngineMaterials/Substrate/Glints2/dict_0002_0084" 9913
"/Engine/EngineMaterials/Substrate/Glints2/dict_0002_0085" 9914
"/Engine/EngineMaterials/Substrate/Glints2/dict_0002_0086" 9915
"/Engine/EngineMaterials/Substrate/Glints2/dict_0002_0087" 9916
"../../../Engine/Content/EngineMaterials/Substrate/Glints2/dict_0002_0054.uasset" 9917
"../../../Engine/Content/EngineMaterials/Substrate/Glints2/dict_0002_0055.uasset" 9918
"../../../Engine/Content/EngineMaterials/Substrate/Glints2/dict_0002_0052.uasset" 9919
"../../../Engine/Content/EngineMaterials/Substrate/Glints2/dict_0002_0053.uasset" 9920
"/Engine/EngineMaterials/Substrate/Glints2/dict_0002_0056" 9921
"/Engine/EngineMaterials/Substrate/Glints2/dict_0002_0057" 9922
"../../../Engine/Content/EngineMaterials/Substrate/Glints2/dict_0002_0050.uasset" 9923
"../../../Engine/Content/EngineMaterials/Substrate/Glints2/dict_0002_0049.uasset" 9924
"../../../Engine/Content/EngineMaterials/Substrate/Glints2/dict_0002_0051.uasset" 9925
"/Engine/EngineMaterials/Substrate/Glints2/dict_0002_0058" 9926
"../../../Engine/Content/EngineMaterials/Substrate/Glints2/dict_0002_0048.uasset" 9927
"/Engine/EngineMaterials/Substrate/Glints2/dict_0002_0059" 9928
"../../../Engine/Content/EngineMaterials/Substrate/Glints2/dict_0002_0047.uasset" 9929
"../../../Engine/Content/EngineMaterials/Substrate/Glints2/dict_0002_0046.uasset" 9930
"../../../Engine/Content/EngineMaterials/Substrate/Glints2/dict_0002_0045.uasset" 9931
"../../../Engine/Content/EngineMaterials/Substrate/Glints2/dict_0002_0044.uasset" 9932
"/Engine/EngineMaterials/Substrate/Glints2/dict_0002_0060" 9933
"../../../Engine/Content/EngineMaterials/Substrate/Glints2/dict_0002_0043.uasset" 9934
"../../../Engine/Content/EngineMaterials/Substrate/Glints2/dict_0002_0042.uasset" 9935
"/Engine/EngineMaterials/Substrate/Glints2/dict_0002_0061" 9936
"../../../Engine/Content/EngineMaterials/Substrate/Glints2/dict_0002_0041.uasset" 9937
"/Engine/EngineMaterials/Substrate/Glints2/dict_0002_0062" 9938
"/Engine/EngineMaterials/Substrate/Glints2/dict_0002_0063" 9939
"/Engine/EngineMaterials/Substrate/Glints2/dict_0002_0064" 9940
"/Engine/EngineMaterials/Substrate/Glints2/dict_0002_0065" 9941
"/Engine/EngineMaterials/Substrate/Glints2/dict_0002_0066" 9942
"/Engine/EngineMaterials/Substrate/Glints2/dict_0002_0067" 9943
"/Engine/EngineMaterials/Substrate/Glints2/dict_0002_0068" 9944
"/Engine/EngineMaterials/Substrate/Glints2/dict_0002_0069" 9945
"/Engine/EngineMaterials/Substrate/Glints2/dict_0002_0070" 9946
"/Engine/EngineMaterials/Substrate/Glints2/dict_0002_0071" 9947
"/Engine/EngineMaterials/Substrate/Glints2/dict_0002_0072" 9948
"/Engine/EngineMaterials/Substrate/Glints2/dict_0002_0041" 9949
"../../../Engine/Content/EngineMaterials/Substrate/Glints2/dict_0002_0040.uasset" 9950
"/Engine/EngineMaterials/Substrate/Glints2/dict_0002_0042" 9951
"/Engine/EngineMaterials/Substrate/Glints2/dict_0002_0043" 9952
"../../../Engine/Content/EngineMaterials/Substrate/Glints2/dict_0002_0039.uasset" 9953
"/Engine/EngineMaterials/Substrate/Glints2/dict_0002_0044" 9954
"/Engine/EngineMaterials/Substrate/Glints2/dict_0002_0045" 9955
"../../../Engine/Content/EngineMaterials/Substrate/Glints2/dict_0002_0038.uasset" 9956
"/Engine/EngineMaterials/Substrate/Glints2/dict_0002_0046" 9957
"../../../Engine/Content/EngineMaterials/Substrate/Glints2/dict_0002_0037.uasset" 9958
"/Engine/EngineMaterials/Substrate/Glints2/dict_0002_0047" 9959
"/Engine/EngineMaterials/Substrate/Glints2/dict_0002_0048" 9960
"../../../Engine/Content/EngineMaterials/Substrate/Glints2/dict_0002_0036.uasset" 9961
"/Engine/EngineMaterials/Substrate/Glints2/dict_0002_0049" 9962
"/Engine/EngineMaterials/Substrate/Glints2/dict_0002_0050" 9963
"../../../Engine/Content/EngineMaterials/Substrate/Glints2/dict_0002_0035.uasset" 9964
"/Engine/EngineMaterials/Substrate/Glints2/dict_0002_0051" 9965
"../../../Engine/Content/EngineMaterials/Substrate/Glints2/dict_0002_0034.uasset" 9966
"/Engine/EngineMaterials/Substrate/Glints2/dict_0002_0052" 9967
"/Engine/EngineMaterials/Substrate/Glints2/dict_0002_0053" 9968
"../../../Engine/Content/EngineMaterials/Substrate/Glints2/dict_0002_0033.uasset" 9969
"/Engine/EngineMaterials/Substrate/Glints2/dict_0002_0054" 9970
"../../../Engine/Content/EngineMaterials/Substrate/Glints2/dict_0002_0032.uasset" 9971
"/Engine/EngineMaterials/Substrate/Glints2/dict_0002_0055" 9972
"../../../Engine/Content/EngineMaterials/Substrate/Glints2/dict_0002_0031.uasset" 9973
"/Engine/EngineMaterials/Substrate/Glints2/dict_0002_0032" 9974
"/Engine/EngineMaterials/Substrate/Glints2/dict_0002_0033" 9975
"/Engine/EngineMaterials/Substrate/Glints2/dict_0002_0034" 9976
"/Engine/EngineMaterials/Substrate/Glints2/dict_0002_0035" 9977
"/Engine/EngineMaterials/Substrate/Glints2/dict_0002_0036" 9978
"/Engine/EngineMaterials/Substrate/Glints2/dict_0002_0037" 9979
"/Engine/EngineMaterials/Substrate/Glints2/dict_0002_0038" 9980
"/Engine/EngineMaterials/Substrate/Glints2/dict_0002_0039" 9981
"/Engine/EngineMaterials/Substrate/Glints2/dict_0002_0040" 9982
"/Engine/EngineMaterials/Substrate/Glints2/dict_0002_0031" 9983
"../../../Engine/Content/EngineMaterials/Substrate/Glints2/dict_0002_0030.uasset" 9984
"../../../Engine/Content/EngineMaterials/Substrate/Glints2/dict_0002_0029.uasset" 9985
"../../../Engine/Content/EngineMaterials/Substrate/Glints2/dict_0002_0028.uasset" 9986
"../../../Engine/Content/EngineMaterials/Substrate/Glints2/dict_0002_0027.uasset" 9987
"../../../Engine/Content/EngineMaterials/Substrate/Glints2/dict_0002_0026.uasset" 9988
"../../../Engine/Content/EngineMaterials/Substrate/Glints2/dict_0002_0025.uasset" 9989
"../../../Engine/Content/EngineMaterials/Substrate/Glints2/dict_0002_0024.uasset" 9990
"../../../Engine/Content/EngineMaterials/Substrate/Glints2/dict_0002_0023.uasset" 9991
"../../../Engine/Content/EngineMaterials/Substrate/Glints2/dict_0002_0022.uasset" 9992
"../../../Engine/Content/EngineMaterials/Substrate/Glints2/dict_0002_0021.uasset" 9993
"../../../Engine/Content/EngineMaterials/Substrate/Glints2/dict_0002_0020.uasset" 9994
"../../../Engine/Content/EngineMaterials/Substrate/Glints2/dict_0002_0019.uasset" 9995
"../../../Engine/Content/EngineMaterials/Substrate/Glints2/dict_0002_0018.uasset" 9996
"../../../Engine/Content/EngineMaterials/Substrate/Glints2/dict_0002_0017.uasset" 9997
"../../../Engine/Content/EngineMaterials/Substrate/Glints2/dict_0002_0016.uasset" 9998
"../../../Engine/Content/EngineMaterials/Substrate/Glints2/dict_0002_0015.uasset" 9999
"../../../Engine/Content/EngineMaterials/Substrate/Glints2/dict_0002_0014.uasset" 10000
"../../../Engine/Content/EngineMaterials/Substrate/Glints2/dict_0002_0013.uasset" 10001
"../../../Engine/Content/EngineMaterials/Substrate/Glints2/dict_0002_0012.uasset" 10002
"../../../Engine/Content/EngineMaterials/Substrate/Glints2/dict_0002_0011.uasset" 10003
"../../../Engine/Content/EngineMaterials/Substrate/Glints2/dict_0002_0010.uasset" 10004
"../../../Engine/Content/EngineMaterials/Substrate/Glints2/dict_0002_0009.uasset" 10005
"../../../Engine/Content/EngineMaterials/Substrate/Glints2/dict_0002_0008.uasset" 10006
"../../../Engine/Content/EngineMaterials/Substrate/Glints2/dict_0002_0007.uasset" 10007
"../../../Engine/Content/EngineMaterials/Substrate/Glints2/dict_0002_0006.uasset" 10008
"../../../Engine/Content/EngineMaterials/Substrate/Glints2/dict_0002_0005.uasset" 10009
"../../../Engine/Content/EngineMaterials/Substrate/Glints2/dict_0002_0004.uasset" 10010
"../../../Engine/Content/EngineMaterials/Substrate/Glints2/dict_0002_0003.uasset" 10011
"../../../Engine/Content/EngineMaterials/Substrate/Glints2/dict_0002_0002.uasset" 10012
"../../../Engine/Content/EngineMaterials/Substrate/Glints2/dict_0002_0001.uasset" 10013
"../../../Engine/Content/EngineMaterials/Substrate/Glints2/dict_0002_0000.uasset" 10014
"../../../Engine/Content/EngineMaterials/Substrate/Glints2/dict_0001_0255.uasset" 10015
"/Engine/EngineMaterials/Substrate/Glints2/dict_0002_0009" 10016
"/Engine/EngineMaterials/Substrate/Glints2/dict_0002_0010" 10017
"/Engine/EngineMaterials/Substrate/Glints2/dict_0002_0011" 10018
"/Engine/EngineMaterials/Substrate/Glints2/dict_0002_0012" 10019
"/Engine/EngineMaterials/Substrate/Glints2/dict_0002_0013" 10020
"/Engine/EngineMaterials/Substrate/Glints2/dict_0002_0024" 10021
"/Engine/EngineMaterials/Substrate/Glints2/dict_0002_0025" 10022
"/Engine/EngineMaterials/Substrate/Glints2/dict_0002_0014" 10023
"/Engine/EngineMaterials/Substrate/Glints2/dict_0002_0026" 10024
"/Engine/EngineMaterials/Substrate/Glints2/dict_0002_0027" 10025
"/Engine/EngineMaterials/Substrate/Glints2/dict_0002_0028" 10026
"/Engine/EngineMaterials/Substrate/Glints2/dict_0002_0015" 10027
"/Engine/EngineMaterials/Substrate/Glints2/dict_0002_0029" 10028
"/Engine/EngineMaterials/Substrate/Glints2/dict_0002_0030" 10029
"/Engine/EngineMaterials/Substrate/Glints2/dict_0001_0255" 10030
"/Engine/EngineMaterials/Substrate/Glints2/dict_0002_0000" 10031
"/Engine/EngineMaterials/Substrate/Glints2/dict_0002_0001" 10032
"/Engine/EngineMaterials/Substrate/Glints2/dict_0002_0002" 10033
"/Engine/EngineMaterials/Substrate/Glints2/dict_0002_0016" 10034
"/Engine/EngineMaterials/Substrate/Glints2/dict_0002_0017" 10035
"/Engine/EngineMaterials/Substrate/Glints2/dict_0002_0018" 10036
"/Engine/EngineMaterials/Substrate/Glints2/dict_0002_0019" 10037
"/Engine/EngineMaterials/Substrate/Glints2/dict_0002_0020" 10038
"/Engine/EngineMaterials/Substrate/Glints2/dict_0002_0021" 10039
"/Engine/EngineMaterials/Substrate/Glints2/dict_0002_0022" 10040
"/Engine/EngineMaterials/Substrate/Glints2/dict_0002_0023" 10041
"/Engine/EngineMaterials/Substrate/Glints2/dict_0002_0003" 10042
"/Engine/EngineMaterials/Substrate/Glints2/dict_0002_0004" 10043
"/Engine/EngineMaterials/Substrate/Glints2/dict_0002_0005" 10044
"/Engine/EngineMaterials/Substrate/Glints2/dict_0002_0006" 10045
"/Engine/EngineMaterials/Substrate/Glints2/dict_0002_0007" 10046
"/Engine/EngineMaterials/Substrate/Glints2/dict_0002_0008" 10047
"../../../Engine/Content/EngineMaterials/Substrate/Glints2/dict_0001_0254.uasset" 10048
"../../../Engine/Content/EngineMaterials/Substrate/Glints2/dict_0001_0253.uasset" 10049
"../../../Engine/Content/EngineMaterials/Substrate/Glints2/dict_0001_0252.uasset" 10050
"../../../Engine/Content/EngineMaterials/Substrate/Glints2/dict_0001_0251.uasset" 10051
"../../../Engine/Content/EngineMaterials/Substrate/Glints2/dict_0001_0250.uasset" 10052
"../../../Engine/Content/EngineMaterials/Substrate/Glints2/dict_0001_0249.uasset" 10053
"../../../Engine/Content/EngineMaterials/Substrate/Glints2/dict_0001_0248.uasset" 10054
"../../../Engine/Content/EngineMaterials/Substrate/Glints2/dict_0001_0247.uasset" 10055
"../../../Engine/Content/EngineMaterials/Substrate/Glints2/dict_0001_0246.uasset" 10056
"../../../Engine/Content/EngineMaterials/Substrate/Glints2/dict_0001_0245.uasset" 10057
"../../../Engine/Content/EngineMaterials/Substrate/Glints2/dict_0001_0244.uasset" 10058
"../../../Engine/Content/EngineMaterials/Substrate/Glints2/dict_0001_0243.uasset" 10059
"../../../Engine/Content/EngineMaterials/Substrate/Glints2/dict_0001_0242.uasset" 10060
"../../../Engine/Content/EngineMaterials/Substrate/Glints2/dict_0001_0241.uasset" 10061
"../../../Engine/Content/EngineMaterials/Substrate/Glints2/dict_0001_0240.uasset" 10062
"../../../Engine/Content/EngineMaterials/Substrate/Glints2/dict_0001_0239.uasset" 10063
"../../../Engine/Content/EngineMaterials/Substrate/Glints2/dict_0001_0238.uasset" 10064
"../../../Engine/Content/EngineMaterials/Substrate/Glints2/dict_0001_0237.uasset" 10065
"../../../Engine/Content/EngineMaterials/Substrate/Glints2/dict_0001_0236.uasset" 10066
"../../../Engine/Content/EngineMaterials/Substrate/Glints2/dict_0001_0235.uasset" 10067
"../../../Engine/Content/EngineMaterials/Substrate/Glints2/dict_0001_0234.uasset" 10068
"../../../Engine/Content/EngineMaterials/Substrate/Glints2/dict_0001_0233.uasset" 10069
"../../../Engine/Content/EngineMaterials/Substrate/Glints2/dict_0001_0232.uasset" 10070
"../../../Engine/Content/EngineMaterials/Substrate/Glints2/dict_0001_0230.uasset" 10071
"../../../Engine/Content/EngineMaterials/Substrate/Glints2/dict_0001_0231.uasset" 10072
"../../../Engine/Content/EngineMaterials/Substrate/Glints2/dict_0001_0229.uasset" 10073
"../../../Engine/Content/EngineMaterials/Substrate/Glints2/dict_0001_0228.uasset" 10074
"../../../Engine/Content/EngineMaterials/Substrate/Glints2/dict_0001_0227.uasset" 10075
"../../../Engine/Content/EngineMaterials/Substrate/Glints2/dict_0001_0226.uasset" 10076
"../../../Engine/Content/EngineMaterials/Substrate/Glints2/dict_0001_0225.uasset" 10077
"../../../Engine/Content/EngineMaterials/Substrate/Glints2/dict_0001_0224.uasset" 10078
"../../../Engine/Content/EngineMaterials/Substrate/Glints2/dict_0001_0223.uasset" 10079
"/Engine/EngineMaterials/Substrate/Glints2/dict_0001_0223" 10080
"/Engine/EngineMaterials/Substrate/Glints2/dict_0001_0224" 10081
"/Engine/EngineMaterials/Substrate/Glints2/dict_0001_0225" 10082
"/Engine/EngineMaterials/Substrate/Glints2/dict_0001_0226" 10083
"/Engine/EngineMaterials/Substrate/Glints2/dict_0001_0227" 10084
"/Engine/EngineMaterials/Substrate/Glints2/dict_0001_0228" 10085
"/Engine/EngineMaterials/Substrate/Glints2/dict_0001_0229" 10086
"/Engine/EngineMaterials/Substrate/Glints2/dict_0001_0230" 10087
"/Engine/EngineMaterials/Substrate/Glints2/dict_0001_0231" 10088
"/Engine/EngineMaterials/Substrate/Glints2/dict_0001_0232" 10089
"/Engine/EngineMaterials/Substrate/Glints2/dict_0001_0233" 10090
"/Engine/EngineMaterials/Substrate/Glints2/dict_0001_0234" 10091
"/Engine/EngineMaterials/Substrate/Glints2/dict_0001_0235" 10092
"/Engine/EngineMaterials/Substrate/Glints2/dict_0001_0236" 10093
"/Engine/EngineMaterials/Substrate/Glints2/dict_0001_0237" 10094
"/Engine/EngineMaterials/Substrate/Glints2/dict_0001_0238" 10095
"/Engine/EngineMaterials/Substrate/Glints2/dict_0001_0239" 10096
"/Engine/EngineMaterials/Substrate/Glints2/dict_0001_0240" 10097
"/Engine/EngineMaterials/Substrate/Glints2/dict_0001_0241" 10098
"/Engine/EngineMaterials/Substrate/Glints2/dict_0001_0242" 10099
"/Engine/EngineMaterials/Substrate/Glints2/dict_0001_0243" 10100
"/Engine/EngineMaterials/Substrate/Glints2/dict_0001_0244" 10101
"/Engine/EngineMaterials/Substrate/Glints2/dict_0001_0245" 10102
"/Engine/EngineMaterials/Substrate/Glints2/dict_0001_0246" 10103
"/Engine/EngineMaterials/Substrate/Glints2/dict_0001_0247" 10104
"/Engine/EngineMaterials/Substrate/Glints2/dict_0001_0248" 10105
"/Engine/EngineMaterials/Substrate/Glints2/dict_0001_0249" 10106
"/Engine/EngineMaterials/Substrate/Glints2/dict_0001_0250" 10107
"/Engine/EngineMaterials/Substrate/Glints2/dict_0001_0251" 10108
"/Engine/EngineMaterials/Substrate/Glints2/dict_0001_0252" 10109
"/Engine/EngineMaterials/Substrate/Glints2/dict_0001_0253" 10110
"/Engine/EngineMaterials/Substrate/Glints2/dict_0001_0254" 10111
"../../../Engine/Content/EngineMaterials/Substrate/Glints2/dict_0001_0221.uasset" 10112
"../../../Engine/Content/EngineMaterials/Substrate/Glints2/dict_0001_0219.uasset" 10113
"../../../Engine/Content/EngineMaterials/Substrate/Glints2/dict_0001_0222.uasset" 10114
"../../../Engine/Content/EngineMaterials/Substrate/Glints2/dict_0001_0220.uasset" 10115
"../../../Engine/Content/EngineMaterials/Substrate/Glints2/dict_0001_0217.uasset" 10116
"../../../Engine/Content/EngineMaterials/Substrate/Glints2/dict_0001_0218.uasset" 10117
"../../../Engine/Content/EngineMaterials/Substrate/Glints2/dict_0001_0216.uasset" 10118
"../../../Engine/Content/EngineMaterials/Substrate/Glints2/dict_0001_0215.uasset" 10119
"../../../Engine/Content/EngineMaterials/Substrate/Glints2/dict_0001_0214.uasset" 10120
"../../../Engine/Content/EngineMaterials/Substrate/Glints2/dict_0001_0213.uasset" 10121
"../../../Engine/Content/EngineMaterials/Substrate/Glints2/dict_0001_0210.uasset" 10122
"../../../Engine/Content/EngineMaterials/Substrate/Glints2/dict_0001_0212.uasset" 10123
"../../../Engine/Content/EngineMaterials/Substrate/Glints2/dict_0001_0211.uasset" 10124
"../../../Engine/Content/EngineMaterials/Substrate/Glints2/dict_0001_0209.uasset" 10125
"../../../Engine/Content/EngineMaterials/Substrate/Glints2/dict_0001_0208.uasset" 10126
"../../../Engine/Content/EngineMaterials/Substrate/Glints2/dict_0001_0207.uasset" 10127
"../../../Engine/Content/EngineMaterials/Substrate/Glints2/dict_0001_0206.uasset" 10128
"../../../Engine/Content/EngineMaterials/Substrate/Glints2/dict_0001_0205.uasset" 10129
"../../../Engine/Content/EngineMaterials/Substrate/Glints2/dict_0001_0204.uasset" 10130
"../../../Engine/Content/EngineMaterials/Substrate/Glints2/dict_0001_0203.uasset" 10131
"../../../Engine/Content/EngineMaterials/Substrate/Glints2/dict_0001_0202.uasset" 10132
"../../../Engine/Content/EngineMaterials/Substrate/Glints2/dict_0001_0201.uasset" 10133
"../../../Engine/Content/EngineMaterials/Substrate/Glints2/dict_0001_0200.uasset" 10134
"../../../Engine/Content/EngineMaterials/Substrate/Glints2/dict_0001_0199.uasset" 10135
"../../../Engine/Content/EngineMaterials/Substrate/Glints2/dict_0001_0198.uasset" 10136
"../../../Engine/Content/EngineMaterials/Substrate/Glints2/dict_0001_0197.uasset" 10137
"../../../Engine/Content/EngineMaterials/Substrate/Glints2/dict_0001_0196.uasset" 10138
"../../../Engine/Content/EngineMaterials/Substrate/Glints2/dict_0001_0195.uasset" 10139
"../../../Engine/Content/EngineMaterials/Substrate/Glints2/dict_0001_0194.uasset" 10140
"../../../Engine/Content/EngineMaterials/Substrate/Glints2/dict_0001_0193.uasset" 10141
"../../../Engine/Content/EngineMaterials/Substrate/Glints2/dict_0001_0192.uasset" 10142
"../../../Engine/Content/EngineMaterials/Substrate/Glints2/dict_0001_0191.uasset" 10143
"/Engine/EngineMaterials/Substrate/Glints2/dict_0001_0191" 10144
"/Engine/EngineMaterials/Substrate/Glints2/dict_0001_0192" 10145
"/Engine/EngineMaterials/Substrate/Glints2/dict_0001_0193" 10146
"/Engine/EngineMaterials/Substrate/Glints2/dict_0001_0194" 10147
"/Engine/EngineMaterials/Substrate/Glints2/dict_0001_0195" 10148
"/Engine/EngineMaterials/Substrate/Glints2/dict_0001_0196" 10149
"/Engine/EngineMaterials/Substrate/Glints2/dict_0001_0197" 10150
"/Engine/EngineMaterials/Substrate/Glints2/dict_0001_0198" 10151
"/Engine/EngineMaterials/Substrate/Glints2/dict_0001_0199" 10152
"/Engine/EngineMaterials/Substrate/Glints2/dict_0001_0200" 10153
"/Engine/EngineMaterials/Substrate/Glints2/dict_0001_0201" 10154
"/Engine/EngineMaterials/Substrate/Glints2/dict_0001_0202" 10155
"/Engine/EngineMaterials/Substrate/Glints2/dict_0001_0203" 10156
"/Engine/EngineMaterials/Substrate/Glints2/dict_0001_0204" 10157
"/Engine/EngineMaterials/Substrate/Glints2/dict_0001_0205" 10158
"/Engine/EngineMaterials/Substrate/Glints2/dict_0001_0206" 10159
"/Engine/EngineMaterials/Substrate/Glints2/dict_0001_0207" 10160
"/Engine/EngineMaterials/Substrate/Glints2/dict_0001_0208" 10161
"/Engine/EngineMaterials/Substrate/Glints2/dict_0001_0209" 10162
"/Engine/EngineMaterials/Substrate/Glints2/dict_0001_0210" 10163
"/Engine/EngineMaterials/Substrate/Glints2/dict_0001_0211" 10164
"/Engine/EngineMaterials/Substrate/Glints2/dict_0001_0212" 10165
"/Engine/EngineMaterials/Substrate/Glints2/dict_0001_0213" 10166
"/Engine/EngineMaterials/Substrate/Glints2/dict_0001_0214" 10167
"/Engine/EngineMaterials/Substrate/Glints2/dict_0001_0215" 10168
"/Engine/EngineMaterials/Substrate/Glints2/dict_0001_0216" 10169
"/Engine/EngineMaterials/Substrate/Glints2/dict_0001_0217" 10170
"/Engine/EngineMaterials/Substrate/Glints2/dict_0001_0218" 10171
"/Engine/EngineMaterials/Substrate/Glints2/dict_0001_0219" 10172
"/Engine/EngineMaterials/Substrate/Glints2/dict_0001_0220" 10173
"/Engine/EngineMaterials/Substrate/Glints2/dict_0001_0221" 10174
"/Engine/EngineMaterials/Substrate/Glints2/dict_0001_0222" 10175
"../../../Engine/Content/EngineMaterials/Substrate/Glints2/dict_0001_0189.uasset" 10176
"../../../Engine/Content/EngineMaterials/Substrate/Glints2/dict_0001_0190.uasset" 10177
"../../../Engine/Content/EngineMaterials/Substrate/Glints2/dict_0001_0188.uasset" 10178
"../../../Engine/Content/EngineMaterials/Substrate/Glints2/dict_0001_0187.uasset" 10179
"../../../Engine/Content/EngineMaterials/Substrate/Glints2/dict_0001_0186.uasset" 10180
"../../../Engine/Content/EngineMaterials/Substrate/Glints2/dict_0001_0185.uasset" 10181
"../../../Engine/Content/EngineMaterials/Substrate/Glints2/dict_0001_0183.uasset" 10182
"../../../Engine/Content/EngineMaterials/Substrate/Glints2/dict_0001_0184.uasset" 10183
"../../../Engine/Content/EngineMaterials/Substrate/Glints2/dict_0001_0182.uasset" 10184
"../../../Engine/Content/EngineMaterials/Substrate/Glints2/dict_0001_0180.uasset" 10185
"../../../Engine/Content/EngineMaterials/Substrate/Glints2/dict_0001_0181.uasset" 10186
"../../../Engine/Content/EngineMaterials/Substrate/Glints2/dict_0001_0179.uasset" 10187
"../../../Engine/Content/EngineMaterials/Substrate/Glints2/dict_0001_0178.uasset" 10188
"../../../Engine/Content/EngineMaterials/Substrate/Glints2/dict_0001_0177.uasset" 10189
"../../../Engine/Content/EngineMaterials/Substrate/Glints2/dict_0001_0176.uasset" 10190
"../../../Engine/Content/EngineMaterials/Substrate/Glints2/dict_0001_0175.uasset" 10191
"../../../Engine/Content/EngineMaterials/Substrate/Glints2/dict_0001_0174.uasset" 10192
"../../../Engine/Content/EngineMaterials/Substrate/Glints2/dict_0001_0173.uasset" 10193
"../../../Engine/Content/EngineMaterials/Substrate/Glints2/dict_0001_0172.uasset" 10194
"../../../Engine/Content/EngineMaterials/Substrate/Glints2/dict_0001_0171.uasset" 10195
"../../../Engine/Content/EngineMaterials/Substrate/Glints2/dict_0001_0170.uasset" 10196
"../../../Engine/Content/EngineMaterials/Substrate/Glints2/dict_0001_0169.uasset" 10197
"../../../Engine/Content/EngineMaterials/Substrate/Glints2/dict_0001_0168.uasset" 10198
"../../../Engine/Content/EngineMaterials/Substrate/Glints2/dict_0001_0167.uasset" 10199
"../../../Engine/Content/EngineMaterials/Substrate/Glints2/dict_0001_0166.uasset" 10200
"../../../Engine/Content/EngineMaterials/Substrate/Glints2/dict_0001_0165.uasset" 10201
"../../../Engine/Content/EngineMaterials/Substrate/Glints2/dict_0001_0164.uasset" 10202
"../../../Engine/Content/EngineMaterials/Substrate/Glints2/dict_0001_0163.uasset" 10203
"../../../Engine/Content/EngineMaterials/Substrate/Glints2/dict_0001_0162.uasset" 10204
"../../../Engine/Content/EngineMaterials/Substrate/Glints2/dict_0001_0161.uasset" 10205
"../../../Engine/Content/EngineMaterials/Substrate/Glints2/dict_0001_0160.uasset" 10206
"../../../Engine/Content/EngineMaterials/Substrate/Glints2/dict_0001_0159.uasset" 10207
"/Engine/EngineMaterials/Substrate/Glints2/dict_0001_0159" 10208
"/Engine/EngineMaterials/Substrate/Glints2/dict_0001_0160" 10209
"/Engine/EngineMaterials/Substrate/Glints2/dict_0001_0161" 10210
"/Engine/EngineMaterials/Substrate/Glints2/dict_0001_0162" 10211
"/Engine/EngineMaterials/Substrate/Glints2/dict_0001_0163" 10212
"/Engine/EngineMaterials/Substrate/Glints2/dict_0001_0164" 10213
"/Engine/EngineMaterials/Substrate/Glints2/dict_0001_0165" 10214
"/Engine/EngineMaterials/Substrate/Glints2/dict_0001_0166" 10215
"/Engine/EngineMaterials/Substrate/Glints2/dict_0001_0167" 10216
"/Engine/EngineMaterials/Substrate/Glints2/dict_0001_0168" 10217
"/Engine/EngineMaterials/Substrate/Glints2/dict_0001_0169" 10218
"/Engine/EngineMaterials/Substrate/Glints2/dict_0001_0170" 10219
"/Engine/EngineMaterials/Substrate/Glints2/dict_0001_0171" 10220
"/Engine/EngineMaterials/Substrate/Glints2/dict_0001_0172" 10221
"/Engine/EngineMaterials/Substrate/Glints2/dict_0001_0173" 10222
"/Engine/EngineMaterials/Substrate/Glints2/dict_0001_0174" 10223
"/Engine/EngineMaterials/Substrate/Glints2/dict_0001_0175" 10224
"/Engine/EngineMaterials/Substrate/Glints2/dict_0001_0176" 10225
"/Engine/EngineMaterials/Substrate/Glints2/dict_0001_0177" 10226
"/Engine/EngineMaterials/Substrate/Glints2/dict_0001_0178" 10227
"/Engine/EngineMaterials/Substrate/Glints2/dict_0001_0179" 10228
"/Engine/EngineMaterials/Substrate/Glints2/dict_0001_0180" 10229
"/Engine/EngineMaterials/Substrate/Glints2/dict_0001_0181" 10230
"/Engine/EngineMaterials/Substrate/Glints2/dict_0001_0182" 10231
"/Engine/EngineMaterials/Substrate/Glints2/dict_0001_0183" 10232
"/Engine/EngineMaterials/Substrate/Glints2/dict_0001_0184" 10233
"/Engine/EngineMaterials/Substrate/Glints2/dict_0001_0185" 10234
"/Engine/EngineMaterials/Substrate/Glints2/dict_0001_0186" 10235
"/Engine/EngineMaterials/Substrate/Glints2/dict_0001_0187" 10236
"/Engine/EngineMaterials/Substrate/Glints2/dict_0001_0188" 10237
"/Engine/EngineMaterials/Substrate/Glints2/dict_0001_0189" 10238
"/Engine/EngineMaterials/Substrate/Glints2/dict_0001_0190" 10239
"../../../Engine/Content/EngineMaterials/Substrate/Glints2/dict_0001_0157.uasset" 10240
"../../../Engine/Content/EngineMaterials/Substrate/Glints2/dict_0001_0158.uasset" 10241
"../../../Engine/Content/EngineMaterials/Substrate/Glints2/dict_0001_0155.uasset" 10242
"../../../Engine/Content/EngineMaterials/Substrate/Glints2/dict_0001_0156.uasset" 10243
"../../../Engine/Content/EngineMaterials/Substrate/Glints2/dict_0001_0154.uasset" 10244
"../../../Engine/Content/EngineMaterials/Substrate/Glints2/dict_0001_0153.uasset" 10245
"../../../Engine/Content/EngineMaterials/Substrate/Glints2/dict_0001_0152.uasset" 10246
"../../../Engine/Content/EngineMaterials/Substrate/Glints2/dict_0001_0151.uasset" 10247
"../../../Engine/Content/EngineMaterials/Substrate/Glints2/dict_0001_0150.uasset" 10248
"../../../Engine/Content/EngineMaterials/Substrate/Glints2/dict_0001_0149.uasset" 10249
"../../../Engine/Content/EngineMaterials/Substrate/Glints2/dict_0001_0148.uasset" 10250
"../../../Engine/Content/EngineMaterials/Substrate/Glints2/dict_0001_0147.uasset" 10251
"../../../Engine/Content/EngineMaterials/Substrate/Glints2/dict_0001_0146.uasset" 10252
"../../../Engine/Content/EngineMaterials/Substrate/Glints2/dict_0001_0145.uasset" 10253
"../../../Engine/Content/EngineMaterials/Substrate/Glints2/dict_0001_0144.uasset" 10254
"../../../Engine/Content/EngineMaterials/Substrate/Glints2/dict_0001_0143.uasset" 10255
"../../../Engine/Content/EngineMaterials/Substrate/Glints2/dict_0001_0142.uasset" 10256
"../../../Engine/Content/EngineMaterials/Substrate/Glints2/dict_0001_0141.uasset" 10257
"../../../Engine/Content/EngineMaterials/Substrate/Glints2/dict_0001_0140.uasset" 10258
"../../../Engine/Content/EngineMaterials/Substrate/Glints2/dict_0001_0139.uasset" 10259
"../../../Engine/Content/EngineMaterials/Substrate/Glints2/dict_0001_0138.uasset" 10260
"../../../Engine/Content/EngineMaterials/Substrate/Glints2/dict_0001_0137.uasset" 10261
"../../../Engine/Content/EngineMaterials/Substrate/Glints2/dict_0001_0136.uasset" 10262
"../../../Engine/Content/EngineMaterials/Substrate/Glints2/dict_0001_0135.uasset" 10263
"../../../Engine/Content/EngineMaterials/Substrate/Glints2/dict_0001_0134.uasset" 10264
"../../../Engine/Content/EngineMaterials/Substrate/Glints2/dict_0001_0133.uasset" 10265
"../../../Engine/Content/EngineMaterials/Substrate/Glints2/dict_0001_0132.uasset" 10266
"../../../Engine/Content/EngineMaterials/Substrate/Glints2/dict_0001_0131.uasset" 10267
"../../../Engine/Content/EngineMaterials/Substrate/Glints2/dict_0001_0130.uasset" 10268
"../../../Engine/Content/EngineMaterials/Substrate/Glints2/dict_0001_0129.uasset" 10269
"../../../Engine/Content/EngineMaterials/Substrate/Glints2/dict_0001_0128.uasset" 10270
"../../../Engine/Content/EngineMaterials/Substrate/Glints2/dict_0001_0127.uasset" 10271
"/Engine/EngineMaterials/Substrate/Glints2/dict_0001_0127" 10272
"/Engine/EngineMaterials/Substrate/Glints2/dict_0001_0128" 10273
"/Engine/EngineMaterials/Substrate/Glints2/dict_0001_0129" 10274
"/Engine/EngineMaterials/Substrate/Glints2/dict_0001_0130" 10275
"/Engine/EngineMaterials/Substrate/Glints2/dict_0001_0131" 10276
"/Engine/EngineMaterials/Substrate/Glints2/dict_0001_0132" 10277
"/Engine/EngineMaterials/Substrate/Glints2/dict_0001_0133" 10278
"/Engine/EngineMaterials/Substrate/Glints2/dict_0001_0134" 10279
"/Engine/EngineMaterials/Substrate/Glints2/dict_0001_0135" 10280
"/Engine/EngineMaterials/Substrate/Glints2/dict_0001_0136" 10281
"/Engine/EngineMaterials/Substrate/Glints2/dict_0001_0137" 10282
"/Engine/EngineMaterials/Substrate/Glints2/dict_0001_0138" 10283
"/Engine/EngineMaterials/Substrate/Glints2/dict_0001_0139" 10284
"/Engine/EngineMaterials/Substrate/Glints2/dict_0001_0140" 10285
"/Engine/EngineMaterials/Substrate/Glints2/dict_0001_0141" 10286
"/Engine/EngineMaterials/Substrate/Glints2/dict_0001_0142" 10287
"/Engine/EngineMaterials/Substrate/Glints2/dict_0001_0143" 10288
"/Engine/EngineMaterials/Substrate/Glints2/dict_0001_0144" 10289
"/Engine/EngineMaterials/Substrate/Glints2/dict_0001_0145" 10290
"/Engine/EngineMaterials/Substrate/Glints2/dict_0001_0146" 10291
"/Engine/EngineMaterials/Substrate/Glints2/dict_0001_0147" 10292
"/Engine/EngineMaterials/Substrate/Glints2/dict_0001_0148" 10293
"/Engine/EngineMaterials/Substrate/Glints2/dict_0001_0149" 10294
"/Engine/EngineMaterials/Substrate/Glints2/dict_0001_0150" 10295
"/Engine/EngineMaterials/Substrate/Glints2/dict_0001_0151" 10296
"/Engine/EngineMaterials/Substrate/Glints2/dict_0001_0152" 10297
"/Engine/EngineMaterials/Substrate/Glints2/dict_0001_0153" 10298
"/Engine/EngineMaterials/Substrate/Glints2/dict_0001_0154" 10299
"/Engine/EngineMaterials/Substrate/Glints2/dict_0001_0155" 10300
"/Engine/EngineMaterials/Substrate/Glints2/dict_0001_0156" 10301
"/Engine/EngineMaterials/Substrate/Glints2/dict_0001_0157" 10302
"/Engine/EngineMaterials/Substrate/Glints2/dict_0001_0158" 10303
"../../../Engine/Content/EngineMaterials/Substrate/Glints2/dict_0001_0126.uasset" 10304
"../../../Engine/Content/EngineMaterials/Substrate/Glints2/dict_0001_0124.uasset" 10305
"../../../Engine/Content/EngineMaterials/Substrate/Glints2/dict_0001_0125.uasset" 10306
"../../../Engine/Content/EngineMaterials/Substrate/Glints2/dict_0001_0123.uasset" 10307
"../../../Engine/Content/EngineMaterials/Substrate/Glints2/dict_0001_0122.uasset" 10308
"../../../Engine/Content/EngineMaterials/Substrate/Glints2/dict_0001_0121.uasset" 10309
"../../../Engine/Content/EngineMaterials/Substrate/Glints2/dict_0001_0120.uasset" 10310
"../../../Engine/Content/EngineMaterials/Substrate/Glints2/dict_0001_0119.uasset" 10311
"../../../Engine/Content/EngineMaterials/Substrate/Glints2/dict_0001_0118.uasset" 10312
"../../../Engine/Content/EngineMaterials/Substrate/Glints2/dict_0001_0117.uasset" 10313
"../../../Engine/Content/EngineMaterials/Substrate/Glints2/dict_0001_0116.uasset" 10314
"../../../Engine/Content/EngineMaterials/Substrate/Glints2/dict_0001_0115.uasset" 10315
"../../../Engine/Content/EngineMaterials/Substrate/Glints2/dict_0001_0114.uasset" 10316
"../../../Engine/Content/EngineMaterials/Substrate/Glints2/dict_0001_0113.uasset" 10317
"../../../Engine/Content/EngineMaterials/Substrate/Glints2/dict_0001_0112.uasset" 10318
"../../../Engine/Content/EngineMaterials/Substrate/Glints2/dict_0001_0111.uasset" 10319
"../../../Engine/Content/EngineMaterials/Substrate/Glints2/dict_0001_0110.uasset" 10320
"../../../Engine/Content/EngineMaterials/Substrate/Glints2/dict_0001_0109.uasset" 10321
"../../../Engine/Content/EngineMaterials/Substrate/Glints2/dict_0001_0108.uasset" 10322
"../../../Engine/Content/EngineMaterials/Substrate/Glints2/dict_0001_0107.uasset" 10323
"../../../Engine/Content/EngineMaterials/Substrate/Glints2/dict_0001_0106.uasset" 10324
"../../../Engine/Content/EngineMaterials/Substrate/Glints2/dict_0001_0105.uasset" 10325
"../../../Engine/Content/EngineMaterials/Substrate/Glints2/dict_0001_0104.uasset" 10326
"../../../Engine/Content/EngineMaterials/Substrate/Glints2/dict_0001_0103.uasset" 10327
"../../../Engine/Content/EngineMaterials/Substrate/Glints2/dict_0001_0102.uasset" 10328
"../../../Engine/Content/EngineMaterials/Substrate/Glints2/dict_0001_0101.uasset" 10329
"../../../Engine/Content/EngineMaterials/Substrate/Glints2/dict_0001_0099.uasset" 10330
"../../../Engine/Content/EngineMaterials/Substrate/Glints2/dict_0001_0100.uasset" 10331
"../../../Engine/Content/EngineMaterials/Substrate/Glints2/dict_0001_0097.uasset" 10332
"../../../Engine/Content/EngineMaterials/Substrate/Glints2/dict_0001_0098.uasset" 10333
"../../../Engine/Content/EngineMaterials/Substrate/Glints2/dict_0001_0096.uasset" 10334
"../../../Engine/Content/EngineMaterials/Substrate/Glints2/dict_0001_0095.uasset" 10335
"/Engine/EngineMaterials/Substrate/Glints2/dict_0001_0095" 10336
"/Engine/EngineMaterials/Substrate/Glints2/dict_0001_0096" 10337
"/Engine/EngineMaterials/Substrate/Glints2/dict_0001_0097" 10338
"/Engine/EngineMaterials/Substrate/Glints2/dict_0001_0098" 10339
"/Engine/EngineMaterials/Substrate/Glints2/dict_0001_0099" 10340
"/Engine/EngineMaterials/Substrate/Glints2/dict_0001_0100" 10341
"/Engine/EngineMaterials/Substrate/Glints2/dict_0001_0101" 10342
"/Engine/EngineMaterials/Substrate/Glints2/dict_0001_0102" 10343
"/Engine/EngineMaterials/Substrate/Glints2/dict_0001_0103" 10344
"/Engine/EngineMaterials/Substrate/Glints2/dict_0001_0104" 10345
"/Engine/EngineMaterials/Substrate/Glints2/dict_0001_0105" 10346
"/Engine/EngineMaterials/Substrate/Glints2/dict_0001_0106" 10347
"/Engine/EngineMaterials/Substrate/Glints2/dict_0001_0107" 10348
"/Engine/EngineMaterials/Substrate/Glints2/dict_0001_0108" 10349
"/Engine/EngineMaterials/Substrate/Glints2/dict_0001_0109" 10350
"/Engine/EngineMaterials/Substrate/Glints2/dict_0001_0110" 10351
"/Engine/EngineMaterials/Substrate/Glints2/dict_0001_0111" 10352
"/Engine/EngineMaterials/Substrate/Glints2/dict_0001_0112" 10353
"/Engine/EngineMaterials/Substrate/Glints2/dict_0001_0113" 10354
"/Engine/EngineMaterials/Substrate/Glints2/dict_0001_0114" 10355
"/Engine/EngineMaterials/Substrate/Glints2/dict_0001_0115" 10356
"/Engine/EngineMaterials/Substrate/Glints2/dict_0001_0116" 10357
"/Engine/EngineMaterials/Substrate/Glints2/dict_0001_0117" 10358
"/Engine/EngineMaterials/Substrate/Glints2/dict_0001_0118" 10359
"/Engine/EngineMaterials/Substrate/Glints2/dict_0001_0119" 10360
"/Engine/EngineMaterials/Substrate/Glints2/dict_0001_0120" 10361
"/Engine/EngineMaterials/Substrate/Glints2/dict_0001_0121" 10362
"/Engine/EngineMaterials/Substrate/Glints2/dict_0001_0122" 10363
"/Engine/EngineMaterials/Substrate/Glints2/dict_0001_0123" 10364
"/Engine/EngineMaterials/Substrate/Glints2/dict_0001_0124" 10365
"/Engine/EngineMaterials/Substrate/Glints2/dict_0001_0125" 10366
"/Engine/EngineMaterials/Substrate/Glints2/dict_0001_0126" 10367
"../../../Engine/Content/EngineMaterials/Substrate/Glints2/dict_0001_0094.uasset" 10368
"../../../Engine/Content/EngineMaterials/Substrate/Glints2/dict_0001_0093.uasset" 10369
"../../../Engine/Content/EngineMaterials/Substrate/Glints2/dict_0001_0092.uasset" 10370
"../../../Engine/Content/EngineMaterials/Substrate/Glints2/dict_0001_0091.uasset" 10371
"../../../Engine/Content/EngineMaterials/Substrate/Glints2/dict_0001_0090.uasset" 10372
"../../../Engine/Content/EngineMaterials/Substrate/Glints2/dict_0001_0089.uasset" 10373
"../../../Engine/Content/EngineMaterials/Substrate/Glints2/dict_0001_0088.uasset" 10374
"../../../Engine/Content/EngineMaterials/Substrate/Glints2/dict_0001_0087.uasset" 10375
"../../../Engine/Content/EngineMaterials/Substrate/Glints2/dict_0001_0086.uasset" 10376
"../../../Engine/Content/EngineMaterials/Substrate/Glints2/dict_0001_0084.uasset" 10377
"../../../Engine/Content/EngineMaterials/Substrate/Glints2/dict_0001_0083.uasset" 10378
"../../../Engine/Content/EngineMaterials/Substrate/Glints2/dict_0001_0082.uasset" 10379
"../../../Engine/Content/EngineMaterials/Substrate/Glints2/dict_0001_0081.uasset" 10380
"../../../Engine/Content/EngineMaterials/Substrate/Glints2/dict_0001_0085.uasset" 10381
"../../../Engine/Content/EngineMaterials/Substrate/Glints2/dict_0001_0080.uasset" 10382
"../../../Engine/Content/EngineMaterials/Substrate/Glints2/dict_0001_0079.uasset" 10383
"../../../Engine/Content/EngineMaterials/Substrate/Glints2/dict_0001_0078.uasset" 10384
"../../../Engine/Content/EngineMaterials/Substrate/Glints2/dict_0001_0077.uasset" 10385
"../../../Engine/Content/EngineMaterials/Substrate/Glints2/dict_0001_0076.uasset" 10386
"../../../Engine/Content/EngineMaterials/Substrate/Glints2/dict_0001_0075.uasset" 10387
"../../../Engine/Content/EngineMaterials/Substrate/Glints2/dict_0001_0074.uasset" 10388
"../../../Engine/Content/EngineMaterials/Substrate/Glints2/dict_0001_0073.uasset" 10389
"../../../Engine/Content/EngineMaterials/Substrate/Glints2/dict_0001_0072.uasset" 10390
"../../../Engine/Content/EngineMaterials/Substrate/Glints2/dict_0001_0071.uasset" 10391
"../../../Engine/Content/EngineMaterials/Substrate/Glints2/dict_0001_0070.uasset" 10392
"/Engine/EngineMaterials/Substrate/Glints2/dict_0001_0073" 10393
"../../../Engine/Content/EngineMaterials/Substrate/Glints2/dict_0001_0069.uasset" 10394
"../../../Engine/Content/EngineMaterials/Substrate/Glints2/dict_0001_0068.uasset" 10395
"/Engine/EngineMaterials/Substrate/Glints2/dict_0001_0074" 10396
"../../../Engine/Content/EngineMaterials/Substrate/Glints2/dict_0001_0066.uasset" 10397
"../../../Engine/Content/EngineMaterials/Substrate/Glints2/dict_0001_0067.uasset" 10398
"../../../Engine/Content/EngineMaterials/Substrate/Glints2/dict_0001_0065.uasset" 10399
"../../../Engine/Content/EngineMaterials/Substrate/Glints2/dict_0001_0064.uasset" 10400
"../../../Engine/Content/EngineMaterials/Substrate/Glints2/dict_0001_0063.uasset" 10401
"/Engine/EngineMaterials/Substrate/Glints2/dict_0001_0075" 10402
"/Engine/EngineMaterials/Substrate/Glints2/dict_0001_0076" 10403
"/Engine/EngineMaterials/Substrate/Glints2/dict_0001_0077" 10404
"/Engine/EngineMaterials/Substrate/Glints2/dict_0001_0078" 10405
"/Engine/EngineMaterials/Substrate/Glints2/dict_0001_0079" 10406
"/Engine/EngineMaterials/Substrate/Glints2/dict_0001_0080" 10407
"/Engine/EngineMaterials/Substrate/Glints2/dict_0001_0081" 10408
"/Engine/EngineMaterials/Substrate/Glints2/dict_0001_0082" 10409
"/Engine/EngineMaterials/Substrate/Glints2/dict_0001_0083" 10410
"/Engine/EngineMaterials/Substrate/Glints2/dict_0001_0084" 10411
"/Engine/EngineMaterials/Substrate/Glints2/dict_0001_0085" 10412
"/Engine/EngineMaterials/Substrate/Glints2/dict_0001_0086" 10413
"/Engine/EngineMaterials/Substrate/Glints2/dict_0001_0087" 10414
"/Engine/EngineMaterials/Substrate/Glints2/dict_0001_0088" 10415
"/Engine/EngineMaterials/Substrate/Glints2/dict_0001_0089" 10416
"/Engine/EngineMaterials/Substrate/Glints2/dict_0001_0090" 10417
"/Engine/EngineMaterials/Substrate/Glints2/dict_0001_0091" 10418
"/Engine/EngineMaterials/Substrate/Glints2/dict_0001_0092" 10419
"/Engine/EngineMaterials/Substrate/Glints2/dict_0001_0093" 10420
"/Engine/EngineMaterials/Substrate/Glints2/dict_0001_0094" 10421
"../../../Engine/Content/EngineMaterials/Substrate/Glints2/dict_0001_0062.uasset" 10422
"/Engine/EngineMaterials/Substrate/Glints2/dict_0001_0063" 10423
"../../../Engine/Content/EngineMaterials/Substrate/Glints2/dict_0001_0061.uasset" 10424
"/Engine/EngineMaterials/Substrate/Glints2/dict_0001_0064" 10425
"../../../Engine/Content/EngineMaterials/Substrate/Glints2/dict_0001_0060.uasset" 10426
"../../../Engine/Content/EngineMaterials/Substrate/Glints2/dict_0001_0059.uasset" 10427
"/Engine/EngineMaterials/Substrate/Glints2/dict_0001_0065" 10428
"/Engine/EngineMaterials/Substrate/Glints2/dict_0001_0066" 10429
"/Engine/EngineMaterials/Substrate/Glints2/dict_0001_0067" 10430
"../../../Engine/Content/EngineMaterials/Substrate/Glints2/dict_0001_0057.uasset" 10431
"../../../Engine/Content/EngineMaterials/Substrate/Glints2/dict_0001_0058.uasset" 10432
"/Engine/EngineMaterials/Substrate/Glints2/dict_0001_0068" 10433
"/Engine/EngineMaterials/Substrate/Glints2/dict_0001_0069" 10434
"../../../Engine/Content/EngineMaterials/Substrate/Glints2/dict_0001_0056.uasset" 10435
"/Engine/EngineMaterials/Substrate/Glints2/dict_0001_0070" 10436
"/Engine/EngineMaterials/Substrate/Glints2/dict_0001_0071" 10437
"../../../Engine/Content/EngineMaterials/Substrate/Glints2/dict_0001_0055.uasset" 10438
"../../../Engine/Content/EngineMaterials/Substrate/Glints2/dict_0001_0054.uasset" 10439
"/Engine/EngineMaterials/Substrate/Glints2/dict_0001_0072" 10440
"/Engine/EngineMaterials/Substrate/Glints2/dict_0001_0055" 10441
"../../../Engine/Content/EngineMaterials/Substrate/Glints2/dict_0001_0052.uasset" 10442
"../../../Engine/Content/EngineMaterials/Substrate/Glints2/dict_0001_0053.uasset" 10443
"/Engine/EngineMaterials/Substrate/Glints2/dict_0001_0056" 10444
"/Engine/EngineMaterials/Substrate/Glints2/dict_0001_0057" 10445
"../../../Engine/Content/EngineMaterials/Substrate/Glints2/dict_0001_0051.uasset" 10446
"/Engine/EngineMaterials/Substrate/Glints2/dict_0001_0058" 10447
"/Engine/EngineMaterials/Substrate/Glints2/dict_0001_0059" 10448
"/Engine/EngineMaterials/Substrate/Glints2/dict_0001_0060" 10449
"/Engine/EngineMaterials/Substrate/Glints2/dict_0001_0061" 10450
"../../../Engine/Content/EngineMaterials/Substrate/Glints2/dict_0001_0049.uasset" 10451
"/Engine/EngineMaterials/Substrate/Glints2/dict_0001_0062" 10452
"../../../Engine/Content/EngineMaterials/Substrate/Glints2/dict_0001_0050.uasset" 10453
"/Engine/EngineMaterials/Substrate/Glints2/dict_0001_0051" 10454
"../../../Engine/Content/EngineMaterials/Substrate/Glints2/dict_0001_0048.uasset" 10455
"/Engine/EngineMaterials/Substrate/Glints2/dict_0001_0052" 10456
"../../../Engine/Content/EngineMaterials/Substrate/Glints2/dict_0001_0047.uasset" 10457
"/Engine/EngineMaterials/Substrate/Glints2/dict_0001_0053" 10458
"/Engine/EngineMaterials/Substrate/Glints2/dict_0001_0054" 10459
"../../../Engine/Content/EngineMaterials/Substrate/Glints2/dict_0001_0046.uasset" 10460
"../../../Engine/Content/EngineMaterials/Substrate/Glints2/dict_0001_0045.uasset" 10461
"/Engine/EngineMaterials/Substrate/Glints2/dict_0001_0048" 10462
"../../../Engine/Content/EngineMaterials/Substrate/Glints2/dict_0001_0044.uasset" 10463
"/Engine/EngineMaterials/Substrate/Glints2/dict_0001_0049" 10464
"../../../Engine/Content/EngineMaterials/Substrate/Glints2/dict_0001_0043.uasset" 10465
"../../../Engine/Content/EngineMaterials/Substrate/Glints2/dict_0001_0042.uasset" 10466
"/Engine/EngineMaterials/Substrate/Glints2/dict_0001_0050" 10467
"../../../Engine/Content/EngineMaterials/Substrate/Glints2/dict_0001_0041.uasset" 10468
"../../../Engine/Content/EngineMaterials/Substrate/Glints2/dict_0001_0040.uasset" 10469
"../../../Engine/Content/EngineMaterials/Substrate/Glints2/dict_0001_0039.uasset" 10470
"/Engine/EngineMaterials/Substrate/Glints2/dict_0001_0042" 10471
"../../../Engine/Content/EngineMaterials/Substrate/Glints2/dict_0001_0038.uasset" 10472
"/Engine/EngineMaterials/Substrate/Glints2/dict_0001_0043" 10473
"../../../Engine/Content/EngineMaterials/Substrate/Glints2/dict_0001_0037.uasset" 10474
"../../../Engine/Content/EngineMaterials/Substrate/Glints2/dict_0001_0036.uasset" 10475
"../../../Engine/Content/EngineMaterials/Substrate/Glints2/dict_0001_0035.uasset" 10476
"/Engine/EngineMaterials/Substrate/Glints2/dict_0001_0044" 10477
"/Engine/EngineMaterials/Substrate/Glints2/dict_0001_0045" 10478
"../../../Engine/Content/EngineMaterials/Substrate/Glints2/dict_0001_0034.uasset" 10479
"../../../Engine/Content/EngineMaterials/Substrate/Glints2/dict_0001_0033.uasset" 10480
"../../../Engine/Content/EngineMaterials/Substrate/Glints2/dict_0001_0032.uasset" 10481
"../../../Engine/Content/EngineMaterials/Substrate/Glints2/dict_0001_0031.uasset" 10482
"/Engine/EngineMaterials/Substrate/Glints2/dict_0001_0046" 10483
"/Engine/EngineMaterials/Substrate/Glints2/dict_0001_0047" 10484
"../../../Engine/Content/EngineMaterials/Substrate/Glints2/dict_0001_0030.uasset" 10485
"../../../Engine/Content/EngineMaterials/Substrate/Glints2/dict_0001_0029.uasset" 10486
"/Engine/EngineMaterials/Substrate/Glints2/dict_0001_0031" 10487
"../../../Engine/Content/EngineMaterials/Substrate/Glints2/dict_0001_0028.uasset" 10488
"/Engine/EngineMaterials/Substrate/Glints2/dict_0001_0032" 10489
"/Engine/EngineMaterials/Substrate/Glints2/dict_0001_0035" 10490
"../../../Engine/Content/EngineMaterials/Substrate/Glints2/dict_0001_0027.uasset" 10491
"../../../Engine/Content/EngineMaterials/Substrate/Glints2/dict_0001_0026.uasset" 10492
"/Engine/EngineMaterials/Substrate/Glints2/dict_0001_0036" 10493
"../../../Engine/Content/EngineMaterials/Substrate/Glints2/dict_0001_0025.uasset" 10494
"/Engine/EngineMaterials/Substrate/Glints2/dict_0001_0037" 10495
"../../../Engine/Content/EngineMaterials/Substrate/Glints2/dict_0001_0024.uasset" 10496
"/Engine/EngineMaterials/Substrate/Glints2/dict_0001_0038" 10497
"../../../Engine/Content/EngineMaterials/Substrate/Glints2/dict_0001_0023.uasset" 10498
"../../../Engine/Content/EngineMaterials/Substrate/Glints2/dict_0001_0022.uasset" 10499
"/Engine/EngineMaterials/Substrate/Glints2/dict_0001_0039" 10500
"../../../Engine/Content/EngineMaterials/Substrate/Glints2/dict_0001_0021.uasset" 10501
"../../../Engine/Content/EngineMaterials/Substrate/Glints2/dict_0001_0020.uasset" 10502
"../../../Engine/Content/EngineMaterials/Substrate/Glints2/dict_0001_0019.uasset" 10503
"/Engine/EngineMaterials/Substrate/Glints2/dict_0001_0040" 10504
"../../../Engine/Content/EngineMaterials/Substrate/Glints2/dict_0001_0018.uasset" 10505
"../../../Engine/Content/EngineMaterials/Substrate/Glints2/dict_0001_0017.uasset" 10506
"/Engine/EngineMaterials/Substrate/Glints2/dict_0001_0041" 10507
"../../../Engine/Content/EngineMaterials/Substrate/Glints2/dict_0001_0016.uasset" 10508
"../../../Engine/Content/EngineMaterials/Substrate/Glints2/dict_0001_0015.uasset" 10509
"../../../Engine/Content/EngineMaterials/Substrate/Glints2/dict_0001_0014.uasset" 10510
"/Engine/EngineMaterials/Substrate/Glints2/dict_0001_0033" 10511
"../../../Engine/Content/EngineMaterials/Substrate/Glints2/dict_0001_0013.uasset" 10512
"../../../Engine/Content/EngineMaterials/Substrate/Glints2/dict_0001_0012.uasset" 10513
"/Engine/EngineMaterials/Substrate/Glints2/dict_0001_0034" 10514
"../../../Engine/Content/EngineMaterials/Substrate/Glints2/dict_0001_0011.uasset" 10515
"../../../Engine/Content/EngineMaterials/Substrate/Glints2/dict_0001_0010.uasset" 10516
"/Engine/EngineMaterials/Substrate/Glints2/dict_0001_0018" 10517
"../../../Engine/Content/EngineMaterials/Substrate/Glints2/dict_0001_0009.uasset" 10518
"/Engine/EngineMaterials/Substrate/Glints2/dict_0001_0019" 10519
"../../../Engine/Content/EngineMaterials/Substrate/Glints2/dict_0001_0007.uasset" 10520
"../../../Engine/Content/EngineMaterials/Substrate/Glints2/dict_0001_0006.uasset" 10521
"../../../Engine/Content/EngineMaterials/Substrate/Glints2/dict_0001_0008.uasset" 10522
"/Engine/EngineMaterials/Substrate/Glints2/dict_0001_0020" 10523
"../../../Engine/Content/EngineMaterials/Substrate/Glints2/dict_0001_0005.uasset" 10524
"/Engine/EngineMaterials/Substrate/Glints2/dict_0001_0021" 10525
"../../../Engine/Content/EngineMaterials/Substrate/Glints2/dict_0001_0004.uasset" 10526
"/Engine/EngineMaterials/Substrate/Glints2/dict_0001_0022" 10527
"/Engine/EngineMaterials/Substrate/Glints2/dict_0001_0023" 10528
"/Engine/EngineMaterials/Substrate/Glints2/dict_0001_0024" 10529
"/Engine/EngineMaterials/Substrate/Glints2/dict_0001_0025" 10530
"/Engine/EngineMaterials/Substrate/Glints2/dict_0001_0026" 10531
"/Engine/EngineMaterials/Substrate/Glints2/dict_0001_0027" 10532
"/Engine/EngineMaterials/Substrate/Glints2/dict_0001_0028" 10533
"/Engine/EngineMaterials/Substrate/Glints2/dict_0001_0029" 10534
"/Engine/EngineMaterials/Substrate/Glints2/dict_0001_0030" 10535
"/Engine/EngineMaterials/Substrate/Glints2/dict_0001_0007" 10536
"../../../Engine/Content/EngineMaterials/Substrate/Glints2/dict_0001_0003.uasset" 10537
"../../../Engine/Content/EngineMaterials/Substrate/Glints2/dict_0001_0002.uasset" 10538
"/Engine/EngineMaterials/Substrate/Glints2/dict_0001_0009" 10539
"/Engine/EngineMaterials/Substrate/Glints2/dict_0001_0010" 10540
"../../../Engine/Content/EngineMaterials/Substrate/Glints2/dict_0001_0001.uasset" 10541
"/Engine/EngineMaterials/Substrate/Glints2/dict_0001_0011" 10542
"../../../Engine/Content/EngineMaterials/Substrate/Glints2/dict_0001_0000.uasset" 10543
"/Engine/EngineMaterials/Substrate/Glints2/dict_0001_0012" 10544
"../../../Engine/Content/EngineMaterials/Substrate/Glints2/dict_0000_0255.uasset" 10545
"../../../Engine/Content/EngineMaterials/Substrate/Glints2/dict_0000_0254.uasset" 10546
"/Engine/EngineMaterials/Substrate/Glints2/dict_0001_0013" 10547
"../../../Engine/Content/EngineMaterials/Substrate/Glints2/dict_0000_0253.uasset" 10548
"../../../Engine/Content/EngineMaterials/Substrate/Glints2/dict_0000_0252.uasset" 10549
"/Engine/EngineMaterials/Substrate/Glints2/dict_0001_0014" 10550
"/Engine/EngineMaterials/Substrate/Glints2/dict_0001_0015" 10551
"../../../Engine/Content/EngineMaterials/Substrate/Glints2/dict_0000_0251.uasset" 10552
"../../../Engine/Content/EngineMaterials/Substrate/Glints2/dict_0000_0250.uasset" 10553
"../../../Engine/Content/EngineMaterials/Substrate/Glints2/dict_0000_0248.uasset" 10554
"../../../Engine/Content/EngineMaterials/Substrate/Glints2/dict_0000_0249.uasset" 10555
"/Engine/EngineMaterials/Substrate/Glints2/dict_0001_0016" 10556
"/Engine/EngineMaterials/Substrate/Glints2/dict_0001_0017" 10557
"../../../Engine/Content/EngineMaterials/Substrate/Glints2/dict_0000_0247.uasset" 10558
"../../../Engine/Content/EngineMaterials/Substrate/Glints2/dict_0000_0246.uasset" 10559
"../../../Engine/Content/EngineMaterials/Substrate/Glints2/dict_0000_0245.uasset" 10560
"../../../Engine/Content/EngineMaterials/Substrate/Glints2/dict_0000_0244.uasset" 10561
"/Engine/EngineMaterials/Substrate/Glints2/dict_0001_0001" 10562
"../../../Engine/Content/EngineMaterials/Substrate/Glints2/dict_0000_0243.uasset" 10563
"/Engine/EngineMaterials/Substrate/Glints2/dict_0001_0002" 10564
"../../../Engine/Content/EngineMaterials/Substrate/Glints2/dict_0000_0242.uasset" 10565
"/Engine/EngineMaterials/Substrate/Glints2/dict_0001_0003" 10566
"../../../Engine/Content/EngineMaterials/Substrate/Glints2/dict_0000_0241.uasset" 10567
"../../../Engine/Content/EngineMaterials/Substrate/Glints2/dict_0000_0240.uasset" 10568
"../../../Engine/Content/EngineMaterials/Substrate/Glints2/dict_0000_0238.uasset" 10569
"../../../Engine/Content/EngineMaterials/Substrate/Glints2/dict_0000_0239.uasset" 10570
"../../../Engine/Content/EngineMaterials/Substrate/Glints2/dict_0000_0237.uasset" 10571
"/Engine/EngineMaterials/Substrate/Glints2/dict_0001_0004" 10572
"../../../Engine/Content/EngineMaterials/Substrate/Glints2/dict_0000_0236.uasset" 10573
"/Engine/EngineMaterials/Substrate/Glints2/dict_0001_0005" 10574
"../../../Engine/Content/EngineMaterials/Substrate/Glints2/dict_0000_0235.uasset" 10575
"../../../Engine/Content/EngineMaterials/Substrate/Glints2/dict_0000_0234.uasset" 10576
"../../../Engine/Content/EngineMaterials/Substrate/Glints2/dict_0000_0233.uasset" 10577
"/Engine/EngineMaterials/Substrate/Glints2/dict_0001_0006" 10578
"../../../Engine/Content/EngineMaterials/Substrate/Glints2/dict_0000_0232.uasset" 10579
"/Engine/EngineMaterials/Substrate/Glints2/dict_0001_0008" 10580
"/Engine/EngineMaterials/Substrate/Glints2/dict_0000_0248" 10581
"/Engine/EngineMaterials/Substrate/Glints2/dict_0000_0249" 10582
"/Engine/EngineMaterials/Substrate/Glints2/dict_0000_0251" 10583
"/Engine/EngineMaterials/Substrate/Glints2/dict_0000_0252" 10584
"/Engine/EngineMaterials/Substrate/Glints2/dict_0000_0253" 10585
"/Engine/EngineMaterials/Substrate/Glints2/dict_0000_0254" 10586
"/Engine/EngineMaterials/Substrate/Glints2/dict_0000_0255" 10587
"../../../Engine/Content/EngineMaterials/Substrate/Glints2/dict_0000_0230.uasset" 10588
"../../../Engine/Content/EngineMaterials/Substrate/Glints2/dict_0000_0231.uasset" 10589
"../../../Engine/Content/EngineMaterials/Substrate/Glints2/dict_0000_0229.uasset" 10590
"/Engine/EngineMaterials/Substrate/Glints2/dict_0000_0242" 10591
"/Engine/EngineMaterials/Substrate/Glints2/dict_0000_0243" 10592
"../../../Engine/Content/EngineMaterials/Substrate/Glints2/dict_0000_0228.uasset" 10593
"../../../Engine/Content/EngineMaterials/Substrate/Glints2/dict_0000_0227.uasset" 10594
"/Engine/EngineMaterials/Substrate/Glints2/dict_0000_0232" 10595
"../../../Engine/Content/EngineMaterials/Substrate/Glints2/dict_0000_0226.uasset" 10596
"/Engine/EngineMaterials/Substrate/Glints2/dict_0000_0233" 10597
"../../../Engine/Content/EngineMaterials/Substrate/Glints2/dict_0000_0225.uasset" 10598
"/Engine/EngineMaterials/Substrate/Glints2/dict_0000_0234" 10599
"/Engine/EngineMaterials/Substrate/Glints2/dict_0000_0235" 10600
"../../../Engine/Content/EngineMaterials/Substrate/Glints2/dict_0000_0224.uasset" 10601
"../../../Engine/Content/EngineMaterials/Substrate/Glints2/dict_0000_0223.uasset" 10602
"../../../Engine/Content/EngineMaterials/Substrate/Glints2/dict_0000_0222.uasset" 10603
"../../../Engine/Content/EngineMaterials/Substrate/Glints2/dict_0000_0220.uasset" 10604
"../../../Engine/Content/EngineMaterials/Substrate/Glints2/dict_0000_0221.uasset" 10605
"/Engine/EngineMaterials/Substrate/Glints2/dict_0000_0236" 10606
"../../../Engine/Content/EngineMaterials/Substrate/Glints2/dict_0000_0219.uasset" 10607
"../../../Engine/Content/EngineMaterials/Substrate/Glints2/dict_0000_0218.uasset" 10608
"/Engine/EngineMaterials/Substrate/Glints2/dict_0000_0237" 10609
"/Engine/EngineMaterials/Substrate/Glints2/dict_0000_0238" 10610
"/Engine/EngineMaterials/Substrate/Glints2/dict_0000_0239" 10611
"/Engine/EngineMaterials/Substrate/Glints2/dict_0000_0240" 10612
"/Engine/EngineMaterials/Substrate/Glints2/dict_0000_0241" 10613
"/Engine/EngineMaterials/Substrate/Glints2/dict_0000_0244" 10614
"/Engine/EngineMaterials/Substrate/Glints2/dict_0000_0245" 10615
"/Engine/EngineMaterials/Substrate/Glints2/dict_0000_0246" 10616
"/Engine/EngineMaterials/Substrate/Glints2/dict_0000_0247" 10617
"/Engine/EngineMaterials/Substrate/Glints2/dict_0000_0250" 10618
"/Engine/EngineMaterials/Substrate/Glints2/dict_0001_0000" 10619
"../../../Engine/Content/EngineMaterials/Substrate/Glints2/dict_0000_0217.uasset" 10620
"../../../Engine/Content/EngineMaterials/Substrate/Glints2/dict_0000_0216.uasset" 10621
"/Engine/EngineMaterials/Substrate/Glints2/dict_0000_0218" 10622
"/Engine/EngineMaterials/Substrate/Glints2/dict_0000_0219" 10623
"/Engine/EngineMaterials/Substrate/Glints2/dict_0000_0220" 10624
"../../../Engine/Content/EngineMaterials/Substrate/Glints2/dict_0000_0215.uasset" 10625
"/Engine/EngineMaterials/Substrate/Glints2/dict_0000_0221" 10626
"../../../Engine/Content/EngineMaterials/Substrate/Glints2/dict_0000_0214.uasset" 10627
"/Engine/EngineMaterials/Substrate/Glints2/dict_0000_0222" 10628
"../../../Engine/Content/EngineMaterials/Substrate/Glints2/dict_0000_0213.uasset" 10629
"../../../Engine/Content/EngineMaterials/Substrate/Glints2/dict_0000_0212.uasset" 10630
"/Engine/EngineMaterials/Substrate/Glints2/dict_0000_0223" 10631
"/Engine/EngineMaterials/Substrate/Glints2/dict_0000_0224" 10632
"../../../Engine/Content/EngineMaterials/Substrate/Glints2/dict_0000_0211.uasset" 10633
"../../../Engine/Content/EngineMaterials/Substrate/Glints2/dict_0000_0210.uasset" 10634
"/Engine/EngineMaterials/Substrate/Glints2/dict_0000_0225" 10635
"/Engine/EngineMaterials/Substrate/Glints2/dict_0000_0226" 10636
"/Engine/EngineMaterials/Substrate/Glints2/dict_0000_0227" 10637
"../../../Engine/Content/EngineMaterials/Substrate/Glints2/dict_0000_0209.uasset" 10638
"../../../Engine/Content/EngineMaterials/Substrate/Glints2/dict_0000_0208.uasset" 10639
"/Engine/EngineMaterials/Substrate/Glints2/dict_0000_0228" 10640
"../../../Engine/Content/EngineMaterials/Substrate/Glints2/dict_0000_0207.uasset" 10641
"/Engine/EngineMaterials/Substrate/Glints2/dict_0000_0229" 10642
"../../../Engine/Content/EngineMaterials/Substrate/Glints2/dict_0000_0206.uasset" 10643
"/Engine/EngineMaterials/Substrate/Glints2/dict_0000_0230" 10644
"../../../Engine/Content/EngineMaterials/Substrate/Glints2/dict_0000_0205.uasset" 10645
"/Engine/EngineMaterials/Substrate/Glints2/dict_0000_0231" 10646
"../../../Engine/Content/EngineMaterials/Substrate/Glints2/dict_0000_0204.uasset" 10647
"../../../Engine/Content/EngineMaterials/Substrate/Glints2/dict_0000_0203.uasset" 10648
"/Engine/EngineMaterials/Substrate/Glints2/dict_0000_0205" 10649
"../../../Engine/Content/EngineMaterials/Substrate/Glints2/dict_0000_0202.uasset" 10650
"../../../Engine/Content/EngineMaterials/Substrate/Glints2/dict_0000_0201.uasset" 10651
"/Engine/EngineMaterials/Substrate/Glints2/dict_0000_0206" 10652
"../../../Engine/Content/EngineMaterials/Substrate/Glints2/dict_0000_0200.uasset" 10653
"/Engine/EngineMaterials/Substrate/Glints2/dict_0000_0207" 10654
"/Engine/EngineMaterials/Substrate/Glints2/dict_0000_0208" 10655
"../../../Engine/Content/EngineMaterials/Substrate/Glints2/dict_0000_0199.uasset" 10656
"../../../Engine/Content/EngineMaterials/Substrate/Glints2/dict_0000_0198.uasset" 10657
"/Engine/EngineMaterials/Substrate/Glints2/dict_0000_0209" 10658
"../../../Engine/Content/EngineMaterials/Substrate/Glints2/dict_0000_0197.uasset" 10659
"/Engine/EngineMaterials/Substrate/Glints2/dict_0000_0210" 10660
"../../../Engine/Content/EngineMaterials/Substrate/Glints2/dict_0000_0196.uasset" 10661
"/Engine/EngineMaterials/Substrate/Glints2/dict_0000_0211" 10662
"../../../Engine/Content/EngineMaterials/Substrate/Glints2/dict_0000_0195.uasset" 10663
"/Engine/EngineMaterials/Substrate/Glints2/dict_0000_0212" 10664
"../../../Engine/Content/EngineMaterials/Substrate/Glints2/dict_0000_0194.uasset" 10665
"/Engine/EngineMaterials/Substrate/Glints2/dict_0000_0213" 10666
"../../../Engine/Content/EngineMaterials/Substrate/Glints2/dict_0000_0193.uasset" 10667
"/Engine/EngineMaterials/Substrate/Glints2/dict_0000_0214" 10668
"/Engine/EngineMaterials/Substrate/Glints2/dict_0000_0215" 10669
"../../../Engine/Content/EngineMaterials/Substrate/Glints2/dict_0000_0192.uasset" 10670
"/Engine/EngineMaterials/Substrate/Glints2/dict_0000_0216" 10671
"/Engine/EngineMaterials/Substrate/Glints2/dict_0000_0217" 10672
"../../../Engine/Content/EngineMaterials/Substrate/Glints2/dict_0000_0190.uasset" 10673
"../../../Engine/Content/EngineMaterials/Substrate/Glints2/dict_0000_0191.uasset" 10674
"/Engine/EngineMaterials/Substrate/Glints2/dict_0000_0200" 10675
"/Engine/EngineMaterials/Substrate/Glints2/dict_0000_0201" 10676
"../../../Engine/Content/EngineMaterials/Substrate/Glints2/dict_0000_0189.uasset" 10677
"../../../Engine/Content/EngineMaterials/Substrate/Glints2/dict_0000_0188.uasset" 10678
"/Engine/EngineMaterials/Substrate/Glints2/dict_0000_0202" 10679
"/Engine/EngineMaterials/Substrate/Glints2/dict_0000_0192" 10680
"../../../Engine/Content/EngineMaterials/Substrate/Glints2/dict_0000_0187.uasset" 10681
"../../../Engine/Content/EngineMaterials/Substrate/Glints2/dict_0000_0186.uasset" 10682
"/Engine/EngineMaterials/Substrate/Glints2/dict_0000_0203" 10683
"../../../Engine/Content/EngineMaterials/Substrate/Glints2/dict_0000_0185.uasset" 10684
"/Engine/EngineMaterials/Substrate/Glints2/dict_0000_0204" 10685
"../../../Engine/Content/EngineMaterials/Substrate/Glints2/dict_0000_0184.uasset" 10686
"../../../Engine/Content/EngineMaterials/Substrate/Glints2/dict_0000_0183.uasset" 10687
"/Engine/EngineMaterials/Substrate/Glints2/dict_0000_0193" 10688
"../../../Engine/Content/EngineMaterials/Substrate/Glints2/dict_0000_0182.uasset" 10689
"/Engine/EngineMaterials/Substrate/Glints2/dict_0000_0194" 10690
"../../../Engine/Content/EngineMaterials/Substrate/Glints2/dict_0000_0181.uasset" 10691
"../../../Engine/Content/EngineMaterials/Substrate/Glints2/dict_0000_0180.uasset" 10692
"../../../Engine/Content/EngineMaterials/Substrate/Glints2/dict_0000_0179.uasset" 10693
"/Engine/EngineMaterials/Substrate/Glints2/dict_0000_0195" 10694
"../../../Engine/Content/EngineMaterials/Substrate/Glints2/dict_0000_0178.uasset" 10695
"../../../Engine/Content/EngineMaterials/Substrate/Glints2/dict_0000_0177.uasset" 10696
"../../../Engine/Content/EngineMaterials/Substrate/Glints2/dict_0000_0176.uasset" 10697
"/Engine/EngineMaterials/Substrate/Glints2/dict_0000_0196" 10698
"../../../Engine/Content/EngineMaterials/Substrate/Glints2/dict_0000_0175.uasset" 10699
"../../../Engine/Content/EngineMaterials/Substrate/Glints2/dict_0000_0174.uasset" 10700
"../../../Engine/Content/EngineMaterials/Substrate/Glints2/dict_0000_0173.uasset" 10701
"/Engine/EngineMaterials/Substrate/Glints2/dict_0000_0197" 10702
"/Engine/EngineMaterials/Substrate/Glints2/dict_0000_0198" 10703
"/Engine/EngineMaterials/Substrate/Glints2/dict_0000_0199" 10704
"../../../Engine/Content/EngineMaterials/Substrate/Glints2/dict_0000_0172.uasset" 10705
"../../../Engine/Content/EngineMaterials/Substrate/Glints2/dict_0000_0171.uasset" 10706
"/Engine/EngineMaterials/Substrate/Glints2/dict_0000_0186" 10707
"../../../Engine/Content/EngineMaterials/Substrate/Glints2/dict_0000_0170.uasset" 10708
"../../../Engine/Content/EngineMaterials/Substrate/Glints2/dict_0000_0169.uasset" 10709
"/Engine/EngineMaterials/Substrate/Glints2/dict_0000_0187" 10710
"../../../Engine/Content/EngineMaterials/Substrate/Glints2/dict_0000_0168.uasset" 10711
"../../../Engine/Content/EngineMaterials/Substrate/Glints2/dict_0000_0167.uasset" 10712
"../../../Engine/Content/EngineMaterials/Substrate/Glints2/dict_0000_0166.uasset" 10713
"/Engine/EngineMaterials/Substrate/Glints2/dict_0000_0188" 10714
"../../../Engine/Content/EngineMaterials/Substrate/Glints2/dict_0000_0165.uasset" 10715
"../../../Engine/Content/EngineMaterials/Substrate/Glints2/dict_0000_0164.uasset" 10716
"/Engine/EngineMaterials/Substrate/Glints2/dict_0000_0189" 10717
"../../../Engine/Content/EngineMaterials/Substrate/Glints2/dict_0000_0162.uasset" 10718
"../../../Engine/Content/EngineMaterials/Substrate/Glints2/dict_0000_0161.uasset" 10719
"/Engine/EngineMaterials/Substrate/Glints2/dict_0000_0190" 10720
"../../../Engine/Content/EngineMaterials/Substrate/Glints2/dict_0000_0163.uasset" 10721
"/Engine/EngineMaterials/Substrate/Glints2/dict_0000_0191" 10722
"../../../Engine/Content/EngineMaterials/Substrate/Glints2/dict_0000_0160.uasset" 10723
"/Engine/EngineMaterials/Substrate/Glints2/dict_0000_0173" 10724
"/Engine/EngineMaterials/Substrate/Glints2/dict_0000_0174" 10725
"/Engine/EngineMaterials/Substrate/Glints2/dict_0000_0175" 10726
"/Engine/EngineMaterials/Substrate/Glints2/dict_0000_0176" 10727
"/Engine/EngineMaterials/Substrate/Glints2/dict_0000_0177" 10728
"/Engine/EngineMaterials/Substrate/Glints2/dict_0000_0178" 10729
"/Engine/EngineMaterials/Substrate/Glints2/dict_0000_0179" 10730
"/Engine/EngineMaterials/Substrate/Glints2/dict_0000_0180" 10731
"/Engine/EngineMaterials/Substrate/Glints2/dict_0000_0181" 10732
"/Engine/EngineMaterials/Substrate/Glints2/dict_0000_0182" 10733
"/Engine/EngineMaterials/Substrate/Glints2/dict_0000_0183" 10734
"/Engine/EngineMaterials/Substrate/Glints2/dict_0000_0184" 10735
"/Engine/EngineMaterials/Substrate/Glints2/dict_0000_0185" 10736
"../../../Engine/Content/EngineMaterials/Substrate/Glints2/dict_0000_0159.uasset" 10737
"../../../Engine/Content/EngineMaterials/Substrate/Glints2/dict_0000_0158.uasset" 10738
"/Engine/EngineMaterials/Substrate/Glints2/dict_0000_0160" 10739
"/Engine/EngineMaterials/Substrate/Glints2/dict_0000_0161" 10740
"/Engine/EngineMaterials/Substrate/Glints2/dict_0000_0162" 10741
"../../../Engine/Content/EngineMaterials/Substrate/Glints2/dict_0000_0157.uasset" 10742
"../../../Engine/Content/EngineMaterials/Substrate/Glints2/dict_0000_0156.uasset" 10743
"/Engine/EngineMaterials/Substrate/Glints2/dict_0000_0163" 10744
"/Engine/EngineMaterials/Substrate/Glints2/dict_0000_0164" 10745
"../../../Engine/Content/EngineMaterials/Substrate/Glints2/dict_0000_0155.uasset" 10746
"../../../Engine/Content/EngineMaterials/Substrate/Glints2/dict_0000_0154.uasset" 10747
"/Engine/EngineMaterials/Substrate/Glints2/dict_0000_0165" 10748
"/Engine/EngineMaterials/Substrate/Glints2/dict_0000_0166" 10749
"/Engine/EngineMaterials/Substrate/Glints2/dict_0000_0167" 10750
"../../../Engine/Content/EngineMaterials/Substrate/Glints2/dict_0000_0153.uasset" 10751
"../../../Engine/Content/EngineMaterials/Substrate/Glints2/dict_0000_0152.uasset" 10752
"/Engine/EngineMaterials/Substrate/Glints2/dict_0000_0168" 10753
"/Engine/EngineMaterials/Substrate/Glints2/dict_0000_0169" 10754
"../../../Engine/Content/EngineMaterials/Substrate/Glints2/dict_0000_0151.uasset" 10755
"../../../Engine/Content/EngineMaterials/Substrate/Glints2/dict_0000_0150.uasset" 10756
"../../../Engine/Content/EngineMaterials/Substrate/Glints2/dict_0000_0149.uasset" 10757
"/Engine/EngineMaterials/Substrate/Glints2/dict_0000_0170" 10758
"../../../Engine/Content/EngineMaterials/Substrate/Glints2/dict_0000_0148.uasset" 10759
"/Engine/EngineMaterials/Substrate/Glints2/dict_0000_0171" 10760
"../../../Engine/Content/EngineMaterials/Substrate/Glints2/dict_0000_0147.uasset" 10761
"/Engine/EngineMaterials/Substrate/Glints2/dict_0000_0172" 10762
"../../../Engine/Content/EngineMaterials/Substrate/Glints2/dict_0000_0146.uasset" 10763
"/Engine/EngineMaterials/Substrate/Glints2/dict_0000_0148" 10764
"/Engine/EngineMaterials/Substrate/Glints2/dict_0000_0149" 10765
"../../../Engine/Content/EngineMaterials/Substrate/Glints2/dict_0000_0144.uasset" 10766
"../../../Engine/Content/EngineMaterials/Substrate/Glints2/dict_0000_0145.uasset" 10767
"/Engine/EngineMaterials/Substrate/Glints2/dict_0000_0150" 10768
"/Engine/EngineMaterials/Substrate/Glints2/dict_0000_0151" 10769
"../../../Engine/Content/EngineMaterials/Substrate/Glints2/dict_0000_0143.uasset" 10770
"/Engine/EngineMaterials/Substrate/Glints2/dict_0000_0152" 10771
"/Engine/EngineMaterials/Substrate/Glints2/dict_0000_0153" 10772
"/Engine/EngineMaterials/Substrate/Glints2/dict_0000_0154" 10773
"../../../Engine/Content/EngineMaterials/Substrate/Glints2/dict_0000_0142.uasset" 10774
"/Engine/EngineMaterials/Substrate/Glints2/dict_0000_0155" 10775
"/Engine/EngineMaterials/Substrate/Glints2/dict_0000_0156" 10776
"/Engine/EngineMaterials/Substrate/Glints2/dict_0000_0157" 10777
"../../../Engine/Content/EngineMaterials/Substrate/Glints2/dict_0000_0141.uasset" 10778
"/Engine/EngineMaterials/Substrate/Glints2/dict_0000_0158" 10779
"/Engine/EngineMaterials/Substrate/Glints2/dict_0000_0159" 10780
"../../../Engine/Content/EngineMaterials/Substrate/Glints2/dict_0000_0139.uasset" 10781
"../../../Engine/Content/EngineMaterials/Substrate/Glints2/dict_0000_0140.uasset" 10782
"/Engine/EngineMaterials/Substrate/Glints2/dict_0000_0141" 10783
"../../../Engine/Content/EngineMaterials/Substrate/Glints2/dict_0000_0138.uasset" 10784
"../../../Engine/Content/EngineMaterials/Substrate/Glints2/dict_0000_0137.uasset" 10785
"/Engine/EngineMaterials/Substrate/Glints2/dict_0000_0142" 10786
"/Engine/EngineMaterials/Substrate/Glints2/dict_0000_0143" 10787
"../../../Engine/Content/EngineMaterials/Substrate/Glints2/dict_0000_0136.uasset" 10788
"../../../Engine/Content/EngineMaterials/Substrate/Glints2/dict_0000_0135.uasset" 10789
"../../../Engine/Content/EngineMaterials/Substrate/Glints2/dict_0000_0134.uasset" 10790
"/Engine/EngineMaterials/Substrate/Glints2/dict_0000_0144" 10791
"/Engine/EngineMaterials/Substrate/Glints2/dict_0000_0145" 10792
"../../../Engine/Content/EngineMaterials/Substrate/Glints2/dict_0000_0133.uasset" 10793
"../../../Engine/Content/EngineMaterials/Substrate/Glints2/dict_0000_0131.uasset" 10794
"../../../Engine/Content/EngineMaterials/Substrate/Glints2/dict_0000_0132.uasset" 10795
"/Engine/EngineMaterials/Substrate/Glints2/dict_0000_0146" 10796
"/Engine/EngineMaterials/Substrate/Glints2/dict_0000_0133" 10797
"../../../Engine/Content/EngineMaterials/Substrate/Glints2/dict_0000_0130.uasset" 10798
"../../../Engine/Content/EngineMaterials/Substrate/Glints2/dict_0000_0129.uasset" 10799
"../../../Engine/Content/EngineMaterials/Substrate/Glints2/dict_0000_0128.uasset" 10800
"/Engine/EngineMaterials/Substrate/Glints2/dict_0000_0147" 10801
"/Engine/EngineMaterials/Substrate/Glints2/dict_0000_0134" 10802
"../../../Engine/Content/EngineMaterials/Substrate/Glints2/dict_0000_0127.uasset" 10803
"../../../Engine/Content/EngineMaterials/Substrate/Glints2/dict_0000_0126.uasset" 10804
"../../../Engine/Content/EngineMaterials/Substrate/Glints2/dict_0000_0125.uasset" 10805
"/Engine/EngineMaterials/Substrate/Glints2/dict_0000_0135" 10806
"/Engine/EngineMaterials/Substrate/Glints2/dict_0000_0136" 10807
"../../../Engine/Content/EngineMaterials/Substrate/Glints2/dict_0000_0124.uasset" 10808
"../../../Engine/Content/EngineMaterials/Substrate/Glints2/dict_0000_0122.uasset" 10809
"/Engine/EngineMaterials/Substrate/Glints2/dict_0000_0137" 10810
"../../../Engine/Content/EngineMaterials/Substrate/Glints2/dict_0000_0123.uasset" 10811
"/Engine/EngineMaterials/Substrate/Glints2/dict_0000_0138" 10812
"../../../Engine/Content/EngineMaterials/Substrate/Glints2/dict_0000_0121.uasset" 10813
"../../../Engine/Content/EngineMaterials/Substrate/Glints2/dict_0000_0120.uasset" 10814
"/Engine/EngineMaterials/Substrate/Glints2/dict_0000_0139" 10815
"../../../Engine/Content/EngineMaterials/Substrate/Glints2/dict_0000_0119.uasset" 10816
"../../../Engine/Content/EngineMaterials/Substrate/Glints2/dict_0000_0118.uasset" 10817
"/Engine/EngineMaterials/Substrate/Glints2/dict_0000_0140" 10818
"../../../Engine/Content/EngineMaterials/Substrate/Glints2/dict_0000_0117.uasset" 10819
"../../../Engine/Content/EngineMaterials/Substrate/Glints2/dict_0000_0116.uasset" 10820
"../../../Engine/Content/EngineMaterials/Substrate/Glints2/dict_0000_0115.uasset" 10821
"../../../Engine/Content/EngineMaterials/Substrate/Glints2/dict_0000_0114.uasset" 10822
"/Engine/EngineMaterials/Substrate/Glints2/dict_0000_0128" 10823
"../../../Engine/Content/EngineMaterials/Substrate/Glints2/dict_0000_0113.uasset" 10824
"../../../Engine/Content/EngineMaterials/Substrate/Glints2/dict_0000_0112.uasset" 10825
"/Engine/EngineMaterials/Substrate/Glints2/dict_0000_0129" 10826
"../../../Engine/Content/EngineMaterials/Substrate/Glints2/dict_0000_0111.uasset" 10827
"../../../Engine/Content/EngineMaterials/Substrate/Glints2/dict_0000_0109.uasset" 10828
"../../../Engine/Content/EngineMaterials/Substrate/Glints2/dict_0000_0110.uasset" 10829
"/Engine/EngineMaterials/Substrate/Glints2/dict_0000_0130" 10830
"../../../Engine/Content/EngineMaterials/Substrate/Glints2/dict_0000_0108.uasset" 10831
"../../../Engine/Content/EngineMaterials/Substrate/Glints2/dict_0000_0107.uasset" 10832
"../../../Engine/Content/EngineMaterials/Substrate/Glints2/dict_0000_0106.uasset" 10833
"../../../Engine/Content/EngineMaterials/Substrate/Glints2/dict_0000_0105.uasset" 10834
"/Engine/EngineMaterials/Substrate/Glints2/dict_0000_0131" 10835
"../../../Engine/Content/EngineMaterials/Substrate/Glints2/dict_0000_0104.uasset" 10836
"../../../Engine/Content/EngineMaterials/Substrate/Glints2/dict_0000_0103.uasset" 10837
"../../../Engine/Content/EngineMaterials/Substrate/Glints2/dict_0000_0101.uasset" 10838
"../../../Engine/Content/EngineMaterials/Substrate/Glints2/dict_0000_0102.uasset" 10839
"/Engine/EngineMaterials/Substrate/Glints2/dict_0000_0132" 10840
"/Engine/EngineMaterials/Substrate/Glints2/dict_0000_0117" 10841
"/Engine/EngineMaterials/Substrate/Glints2/dict_0000_0119" 10842
"/Engine/EngineMaterials/Substrate/Glints2/dict_0000_0120" 10843
"/Engine/EngineMaterials/Substrate/Glints2/dict_0000_0121" 10844
"/Engine/EngineMaterials/Substrate/Glints2/dict_0000_0122" 10845
"/Engine/EngineMaterials/Substrate/Glints2/dict_0000_0123" 10846
"/Engine/EngineMaterials/Substrate/Glints2/dict_0000_0124" 10847
"/Engine/EngineMaterials/Substrate/Glints2/dict_0000_0125" 10848
"/Engine/EngineMaterials/Substrate/Glints2/dict_0000_0126" 10849
"/Engine/EngineMaterials/Substrate/Glints2/dict_0000_0127" 10850
"../../../Engine/Content/EngineMaterials/Substrate/Glints2/dict_0000_0100.uasset" 10851
"../../../Engine/Content/EngineMaterials/Substrate/Glints2/dict_0000_0099.uasset" 10852
"/Engine/EngineMaterials/Substrate/Glints2/dict_0000_0110" 10853
"/Engine/EngineMaterials/Substrate/Glints2/dict_0000_0111" 10854
"../../../Engine/Content/EngineMaterials/Substrate/Glints2/dict_0000_0098.uasset" 10855
"../../../Engine/Content/EngineMaterials/Substrate/Glints2/dict_0000_0097.uasset" 10856
"/Engine/EngineMaterials/Substrate/Glints2/dict_0000_0112" 10857
"../../../Engine/Content/EngineMaterials/Substrate/Glints2/dict_0000_0096.uasset" 10858
"../../../Engine/Content/EngineMaterials/Substrate/Glints2/dict_0000_0095.uasset" 10859
"/Engine/EngineMaterials/Substrate/Glints2/dict_0000_0113" 10860
"../../../Engine/Content/EngineMaterials/Substrate/Glints2/dict_0000_0094.uasset" 10861
"/Engine/EngineMaterials/Substrate/Glints2/dict_0000_0114" 10862
"../../../Engine/Content/EngineMaterials/Substrate/Glints2/dict_0000_0093.uasset" 10863
"../../../Engine/Content/EngineMaterials/Substrate/Glints2/dict_0000_0092.uasset" 10864
"../../../Engine/Content/EngineMaterials/Substrate/Glints2/dict_0000_0091.uasset" 10865
"/Engine/EngineMaterials/Substrate/Glints2/dict_0000_0115" 10866
"../../../Engine/Content/EngineMaterials/Substrate/Glints2/dict_0000_0090.uasset" 10867
"../../../Engine/Content/EngineMaterials/Substrate/Glints2/dict_0000_0089.uasset" 10868
"../../../Engine/Content/EngineMaterials/Substrate/Glints2/dict_0000_0088.uasset" 10869
"../../../Engine/Content/EngineMaterials/Substrate/Glints2/dict_0000_0087.uasset" 10870
"/Engine/EngineMaterials/Substrate/Glints2/dict_0000_0101" 10871
"../../../Engine/Content/EngineMaterials/Substrate/Glints2/dict_0000_0086.uasset" 10872
"/Engine/EngineMaterials/Substrate/Glints2/dict_0000_0102" 10873
"/Engine/EngineMaterials/Substrate/Glints2/dict_0000_0116" 10874
"/Engine/EngineMaterials/Substrate/Glints2/dict_0000_0118" 10875
"/Engine/EngineMaterials/Substrate/Glints2/dict_0000_0103" 10876
"/Engine/EngineMaterials/Substrate/Glints2/dict_0000_0104" 10877
"/Engine/EngineMaterials/Substrate/Glints2/dict_0000_0105" 10878
"/Engine/EngineMaterials/Substrate/Glints2/dict_0000_0106" 10879
"/Engine/EngineMaterials/Substrate/Glints2/dict_0000_0107" 10880
"/Engine/EngineMaterials/Substrate/Glints2/dict_0000_0108" 10881
"/Engine/EngineMaterials/Substrate/Glints2/dict_0000_0109" 10882
"../../../Engine/Content/EngineMaterials/Substrate/Glints2/dict_0000_0084.uasset" 10883
"/Engine/EngineMaterials/Substrate/Glints2/dict_0000_0086" 10884
"../../../Engine/Content/EngineMaterials/Substrate/Glints2/dict_0000_0085.uasset" 10885
"/Engine/EngineMaterials/Substrate/Glints2/dict_0000_0087" 10886
"../../../Engine/Content/EngineMaterials/Substrate/Glints2/dict_0000_0083.uasset" 10887
"../../../Engine/Content/EngineMaterials/Substrate/Glints2/dict_0000_0082.uasset" 10888
"/Engine/EngineMaterials/Substrate/Glints2/dict_0000_0088" 10889
"../../../Engine/Content/EngineMaterials/Substrate/Glints2/dict_0000_0081.uasset" 10890
"/Engine/EngineMaterials/Substrate/Glints2/dict_0000_0089" 10891
"../../../Engine/Content/EngineMaterials/Substrate/Glints2/dict_0000_0080.uasset" 10892
"/Engine/EngineMaterials/Substrate/Glints2/dict_0000_0090" 10893
"../../../Engine/Content/EngineMaterials/Substrate/Glints2/dict_0000_0079.uasset" 10894
"../../../Engine/Content/EngineMaterials/Substrate/Glints2/dict_0000_0078.uasset" 10895
"/Engine/EngineMaterials/Substrate/Glints2/dict_0000_0091" 10896
"../../../Engine/Content/EngineMaterials/Substrate/Glints2/dict_0000_0077.uasset" 10897
"/Engine/EngineMaterials/Substrate/Glints2/dict_0000_0092" 10898
"../../../Engine/Content/EngineMaterials/Substrate/Glints2/dict_0000_0076.uasset" 10899
"/Engine/EngineMaterials/Substrate/Glints2/dict_0000_0093" 10900
"../../../Engine/Content/EngineMaterials/Substrate/Glints2/dict_0000_0075.uasset" 10901
"../../../Engine/Content/EngineMaterials/Substrate/Glints2/dict_0000_0074.uasset" 10902
"/Engine/EngineMaterials/Substrate/Glints2/dict_0000_0094" 10903
"../../../Engine/Content/EngineMaterials/Substrate/Glints2/dict_0000_0073.uasset" 10904
"../../../Engine/Content/EngineMaterials/Substrate/Glints2/dict_0000_0072.uasset" 10905
"../../../Engine/Content/EngineMaterials/Substrate/Glints2/dict_0000_0071.uasset" 10906
"/Engine/EngineMaterials/Substrate/Glints2/dict_0000_0095" 10907
"../../../Engine/Content/EngineMaterials/Substrate/Glints2/dict_0000_0070.uasset" 10908
"../../../Engine/Content/EngineMaterials/Substrate/Glints2/dict_0000_0069.uasset" 10909
"/Engine/EngineMaterials/Substrate/Glints2/dict_0000_0096" 10910
"/Engine/EngineMaterials/Substrate/Glints2/dict_0000_0097" 10911
"/Engine/EngineMaterials/Substrate/Glints2/dict_0000_0098" 10912
"/Engine/EngineMaterials/Substrate/Glints2/dict_0000_0099" 10913
"/Engine/EngineMaterials/Substrate/Glints2/dict_0000_0100" 10914
"../../../Engine/Content/EngineMaterials/Substrate/Glints2/dict_0000_0068.uasset" 10915
"../../../Engine/Content/EngineMaterials/Substrate/Glints2/dict_0000_0067.uasset" 10916
"/Engine/EngineMaterials/Substrate/Glints2/dict_0000_0069" 10917
"../../../Engine/Content/EngineMaterials/Substrate/Glints2/dict_0000_0066.uasset" 10918
"../../../Engine/Content/EngineMaterials/Substrate/Glints2/dict_0000_0065.uasset" 10919
"../../../Engine/Content/EngineMaterials/Substrate/Glints2/dict_0000_0064.uasset" 10920
"../../../Engine/Content/EngineMaterials/Substrate/Glints2/dict_0000_0063.uasset" 10921
"/Engine/EngineMaterials/Substrate/Glints2/dict_0000_0070" 10922
"../../../Engine/Content/EngineMaterials/Substrate/Glints2/dict_0000_0062.uasset" 10923
"/Engine/EngineMaterials/Substrate/Glints2/dict_0000_0071" 10924
"../../../Engine/Content/EngineMaterials/Substrate/Glints2/dict_0000_0061.uasset" 10925
"../../../Engine/Content/EngineMaterials/Substrate/Glints2/dict_0000_0060.uasset" 10926
"/Engine/EngineMaterials/Substrate/Glints2/dict_0000_0072" 10927
"../../../Engine/Content/EngineMaterials/Substrate/Glints2/dict_0000_0059.uasset" 10928
"../../../Engine/Content/EngineMaterials/Substrate/Glints2/dict_0000_0058.uasset" 10929
"/Engine/EngineMaterials/Substrate/Glints2/dict_0000_0073" 10930
"../../../Engine/Content/EngineMaterials/Substrate/Glints2/dict_0000_0057.uasset" 10931
"../../../Engine/Content/EngineMaterials/Substrate/Glints2/dict_0000_0056.uasset" 10932
"/Engine/EngineMaterials/Substrate/Glints2/dict_0000_0074" 10933
"../../../Engine/Content/EngineMaterials/Substrate/Glints2/dict_0000_0055.uasset" 10934
"/Engine/EngineMaterials/Substrate/Glints2/dict_0000_0075" 10935
"../../../Engine/Content/EngineMaterials/Substrate/Glints2/dict_0000_0054.uasset" 10936
"/Engine/EngineMaterials/Substrate/Glints2/dict_0000_0076" 10937
"/Engine/EngineMaterials/Substrate/Glints2/dict_0000_0077" 10938
"/Engine/EngineMaterials/Substrate/Glints2/dict_0000_0078" 10939
"/Engine/EngineMaterials/Substrate/Glints2/dict_0000_0079" 10940
"/Engine/EngineMaterials/Substrate/Glints2/dict_0000_0080" 10941
"/Engine/EngineMaterials/Substrate/Glints2/dict_0000_0081" 10942
"/Engine/EngineMaterials/Substrate/Glints2/dict_0000_0082" 10943
"/Engine/EngineMaterials/Substrate/Glints2/dict_0000_0083" 10944
"/Engine/EngineMaterials/Substrate/Glints2/dict_0000_0084" 10945
"/Engine/EngineMaterials/Substrate/Glints2/dict_0000_0085" 10946
"../../../Engine/Content/EngineMaterials/Substrate/Glints2/dict_0000_0052.uasset" 10947
"../../../Engine/Content/EngineMaterials/Substrate/Glints2/dict_0000_0053.uasset" 10948
"/Engine/EngineMaterials/Substrate/Glints2/dict_0000_0054" 10949
"/Engine/EngineMaterials/Substrate/Glints2/dict_0000_0055" 10950
"../../../Engine/Content/EngineMaterials/Substrate/Glints2/dict_0000_0050.uasset" 10951
"../../../Engine/Content/EngineMaterials/Substrate/Glints2/dict_0000_0051.uasset" 10952
"/Engine/EngineMaterials/Substrate/Glints2/dict_0000_0056" 10953
"../../../Engine/Content/EngineMaterials/Substrate/Glints2/dict_0000_0049.uasset" 10954
"../../../Engine/Content/EngineMaterials/Substrate/Glints2/dict_0000_0048.uasset" 10955
"/Engine/EngineMaterials/Substrate/Glints2/dict_0000_0057" 10956
"/Engine/EngineMaterials/Substrate/Glints2/dict_0000_0058" 10957
"../../../Engine/Content/EngineMaterials/Substrate/Glints2/dict_0000_0047.uasset" 10958
"../../../Engine/Content/EngineMaterials/Substrate/Glints2/dict_0000_0046.uasset" 10959
"/Engine/EngineMaterials/Substrate/Glints2/dict_0000_0059" 10960
"../../../Engine/Content/EngineMaterials/Substrate/Glints2/dict_0000_0045.uasset" 10961
"../../../Engine/Content/EngineMaterials/Substrate/Glints2/dict_0000_0044.uasset" 10962
"/Engine/EngineMaterials/Substrate/Glints2/dict_0000_0060" 10963
"../../../Engine/Content/EngineMaterials/Substrate/Glints2/dict_0000_0043.uasset" 10964
"/Engine/EngineMaterials/Substrate/Glints2/dict_0000_0061" 10965
"../../../Engine/Content/EngineMaterials/Substrate/Glints2/dict_0000_0042.uasset" 10966
"/Engine/EngineMaterials/Substrate/Glints2/dict_0000_0062" 10967
"/Engine/EngineMaterials/Substrate/Glints2/dict_0000_0063" 10968
"../../../Engine/Content/EngineMaterials/Substrate/Glints2/dict_0000_0041.uasset" 10969
"../../../Engine/Content/EngineMaterials/Substrate/Glints2/dict_0000_0040.uasset" 10970
"/Engine/EngineMaterials/Substrate/Glints2/dict_0000_0064" 10971
"../../../Engine/Content/EngineMaterials/Substrate/Glints2/dict_0000_0039.uasset" 10972
"../../../Engine/Content/EngineMaterials/Substrate/Glints2/dict_0000_0038.uasset" 10973
"../../../Engine/Content/EngineMaterials/Substrate/Glints2/dict_0000_0037.uasset" 10974
"/Engine/EngineMaterials/Substrate/Glints2/dict_0000_0065" 10975
"/Engine/EngineMaterials/Substrate/Glints2/dict_0000_0066" 10976
"/Engine/EngineMaterials/Substrate/Glints2/dict_0000_0067" 10977
"/Engine/EngineMaterials/Substrate/Glints2/dict_0000_0068" 10978
"../../../Engine/Content/EngineMaterials/Substrate/Glints2/dict_0000_0036.uasset" 10979
"../../../Engine/Content/EngineMaterials/Substrate/Glints2/dict_0000_0035.uasset" 10980
"/Engine/EngineMaterials/Substrate/Glints2/dict_0000_0037" 10981
"../../../Engine/Content/EngineMaterials/Substrate/Glints2/dict_0000_0034.uasset" 10982
"/Engine/EngineMaterials/Substrate/Glints2/dict_0000_0038" 10983
"../../../Engine/Content/EngineMaterials/Substrate/Glints2/dict_0000_0033.uasset" 10984
"/Engine/EngineMaterials/Substrate/Glints2/dict_0000_0039" 10985
"../../../Engine/Content/EngineMaterials/Substrate/Glints2/dict_0000_0032.uasset" 10986
"/Engine/EngineMaterials/Substrate/Glints2/dict_0000_0040" 10987
"../../../Engine/Content/EngineMaterials/Substrate/Glints2/dict_0000_0031.uasset" 10988
"../../../Engine/Content/EngineMaterials/Substrate/Glints2/dict_0000_0030.uasset" 10989
"/Engine/EngineMaterials/Substrate/Glints2/dict_0000_0041" 10990
"../../../Engine/Content/EngineMaterials/Substrate/Glints2/dict_0000_0029.uasset" 10991
"/Engine/EngineMaterials/Substrate/Glints2/dict_0000_0042" 10992
"../../../Engine/Content/EngineMaterials/Substrate/Glints2/dict_0000_0028.uasset" 10993
"../../../Engine/Content/EngineMaterials/Substrate/Glints2/dict_0000_0027.uasset" 10994
"/Engine/EngineMaterials/Substrate/Glints2/dict_0000_0043" 10995
"../../../Engine/Content/EngineMaterials/Substrate/Glints2/dict_0000_0026.uasset" 10996
"/Engine/EngineMaterials/Substrate/Glints2/dict_0000_0044" 10997
"/Engine/EngineMaterials/Substrate/Glints2/dict_0000_0045" 10998
"../../../Engine/Content/EngineMaterials/Substrate/Glints2/dict_0000_0025.uasset" 10999
"/Engine/EngineMaterials/Substrate/Glints2/dict_0000_0046" 11000
"../../../Engine/Content/EngineMaterials/Substrate/Glints2/dict_0000_0024.uasset" 11001
"/Engine/EngineMaterials/Substrate/Glints2/dict_0000_0047" 11002
"../../../Engine/Content/EngineMaterials/Substrate/Glints2/dict_0000_0023.uasset" 11003
"/Engine/EngineMaterials/Substrate/Glints2/dict_0000_0048" 11004
"../../../Engine/Content/EngineMaterials/Substrate/Glints2/dict_0000_0022.uasset" 11005
"/Engine/EngineMaterials/Substrate/Glints2/dict_0000_0049" 11006
"/Engine/EngineMaterials/Substrate/Glints2/dict_0000_0050" 11007
"/Engine/EngineMaterials/Substrate/Glints2/dict_0000_0051" 11008
"/Engine/EngineMaterials/Substrate/Glints2/dict_0000_0052" 11009
"/Engine/EngineMaterials/Substrate/Glints2/dict_0000_0053" 11010
"../../../Engine/Content/EngineMaterials/Substrate/Glints2/dict_0000_0021.uasset" 11011
"../../../Engine/Content/EngineMaterials/Substrate/Glints2/dict_0000_0020.uasset" 11012
"../../../Engine/Content/EngineMaterials/Substrate/Glints2/dict_0000_0019.uasset" 11013
"/Engine/EngineMaterials/Substrate/Glints2/dict_0000_0022" 11014
"../../../Engine/Content/EngineMaterials/Substrate/Glints2/dict_0000_0018.uasset" 11015
"../../../Engine/Content/EngineMaterials/Substrate/Glints2/dict_0000_0017.uasset" 11016
"/Engine/EngineMaterials/Substrate/Glints2/dict_0000_0023" 11017
"../../../Engine/Content/EngineMaterials/Substrate/Glints2/dict_0000_0016.uasset" 11018
"../../../Engine/Content/EngineMaterials/Substrate/Glints2/dict_0000_0015.uasset" 11019
"/Engine/EngineMaterials/Substrate/Glints2/dict_0000_0024" 11020
"../../../Engine/Content/EngineMaterials/Substrate/Glints2/dict_0000_0014.uasset" 11021
"../../../Engine/Content/EngineMaterials/Substrate/Glints2/dict_0000_0013.uasset" 11022
"../../../Engine/Content/EngineMaterials/Substrate/Glints2/dict_0000_0012.uasset" 11023
"/Engine/EngineMaterials/Substrate/Glints2/dict_0000_0025" 11024
"../../../Engine/Content/EngineMaterials/Substrate/Glints2/dict_0000_0011.uasset" 11025
"../../../Engine/Content/EngineMaterials/Substrate/Glints2/dict_0000_0010.uasset" 11026
"../../../Engine/Content/EngineMaterials/Substrate/Glints2/dict_0000_0009.uasset" 11027
"../../../Engine/Content/EngineMaterials/Substrate/Glints2/dict_0000_0008.uasset" 11028
"../../../Engine/Content/EngineMaterials/Substrate/Glints2/dict_0000_0007.uasset" 11029
"../../../Engine/Content/EngineMaterials/Substrate/Glints2/dict_0000_0006.uasset" 11030
"/Engine/EngineMaterials/Substrate/Glints2/dict_0000_0026" 11031
"../../../Engine/Content/EngineMaterials/Substrate/Glints2/dict_0000_0005.uasset" 11032
"/Engine/EngineMaterials/Substrate/Glints2/dict_0000_0027" 11033
"/Engine/EngineMaterials/Substrate/Glints2/dict_0000_0028" 11034
"/Engine/EngineMaterials/Substrate/Glints2/dict_0000_0029" 11035
"/Engine/EngineMaterials/Substrate/Glints2/dict_0000_0030" 11036
"/Engine/EngineMaterials/Substrate/Glints2/dict_0000_0031" 11037
"/Engine/EngineMaterials/Substrate/Glints2/dict_0000_0032" 11038
"/Engine/EngineMaterials/Substrate/Glints2/dict_0000_0033" 11039
"/Engine/EngineMaterials/Substrate/Glints2/dict_0000_0034" 11040
"/Engine/EngineMaterials/Substrate/Glints2/dict_0000_0035" 11041
"/Engine/EngineMaterials/Substrate/Glints2/dict_0000_0036" 11042
"../../../Engine/Content/EngineMaterials/Substrate/Glints2/dict_0000_0004.uasset" 11043
"../../../Engine/Content/EngineMaterials/Substrate/Glints2/dict_0000_0002.uasset" 11044
"/Engine/EngineMaterials/Substrate/Glints2/dict_0000_0005" 11045
"../../../Engine/Content/EngineMaterials/Substrate/Glints2/dict_0000_0003.uasset" 11046
"../../../Engine/Content/EngineMaterials/Substrate/Glints2/dict_0000_0001.uasset" 11047
"../../../Engine/Content/EngineMaterials/Substrate/Glints2/dict_0000_0000.uasset" 11048
"../../../Engine/Content/EngineMaterials/Substrate/Glints2/AGlintTex2dArray2.uasset" 11049
"/Engine/EngineMaterials/Substrate/Glints2/dict_0000_0006" 11050
"../../../Engine/Content/EngineMaterials/Substrate/Volume/SubstrateSimpleVolumeLUT2D.uasset" 11051
"../../../Engine/Content/EngineMaterials/Substrate/Volume/SubstrateSimpleVolumeLUT3D.uasset" 11052
"../../../Engine/Content/EngineMaterials/Substrate/Volume/SubstrateSimpleVolumeEnvLUT2D.uasset" 11053
"/Engine/EngineMaterials/Substrate/Glints2/dict_0000_0007" 11054
"../../../Engine/Content/EngineMaterials/Substrate/Volume/SubstrateSimpleVolumeEnvLUT3D.uasset" 11055
"../../../Engine/Content/EngineMaterials/DefaultCalibrationColor.uasset" 11056
"../../../Engine/Content/EngineMaterials/PPM_DefaultCalibrationColor.uasset" 11057
"../../../Engine/Content/EngineMaterials/DefaultCalibrationGrayscale.uasset" 11058
"../../../Engine/Content/EngineMaterials/PPM_DefaultCalibrationGrayscale.uasset" 11059
"/Engine/EngineMaterials/Substrate/Glints2/dict_0000_0008" 11060
"/Engine/EngineMaterials/Substrate/Glints2/dict_0000_0009" 11061
"../../../Engine/Content/Functions/MaterialLayerFunctions/MatLayerBlend_OverrideOpacity.uasset" 11062
"/Engine/EngineMaterials/Substrate/Glints2/dict_0000_0010" 11063
"/Engine/EngineMaterials/Substrate/Glints2/dict_0000_0011" 11064
"/Engine/EngineMaterials/Substrate/Glints2/dict_0000_0012" 11065
"/Engine/EngineMaterials/Substrate/Glints2/dict_0000_0013" 11066
"/Engine/EngineMaterials/Substrate/Glints2/dict_0000_0014" 11067
"/Engine/EngineMaterials/Substrate/Glints2/dict_0000_0015" 11068
"/Engine/EngineMaterials/Substrate/Glints2/dict_0000_0016" 11069
"/Engine/EngineMaterials/Substrate/Glints2/dict_0000_0017" 11070
"/Engine/EngineMaterials/Substrate/Glints2/dict_0000_0018" 11071
"/Engine/EngineMaterials/Substrate/Glints2/dict_0000_0019" 11072
"/Engine/EngineMaterials/Substrate/Glints2/dict_0000_0020" 11073
"/Engine/EngineMaterials/Substrate/Glints2/dict_0000_0021" 11074
"../../../Engine/Plugins/Interchange/Assets/Content/Functions/MX_Surface.uasset" 11075
"/Engine/Functions/MaterialLayerFunctions/MatLayerBlend_OverrideOpacity" 11076
"../../../Engine/Content/Functions/Engine_MaterialFunctions03/Procedurals/HeightToNormalSmooth.uasset" 11077
"../../../Engine/Plugins/Animation/ControlRig/Content/Controls/DefaultGizmoLibrary.uasset" 11078
"../../../Engine/Plugins/VirtualProduction/CameraCalibrationCore/Content/Materials/M_AnamorphicDistortionDisplacementMap.uasset" 11079
"../../../Engine/Plugins/VirtualProduction/CameraCalibrationCore/Content/Materials/M_AnamorphicUndistortionDisplacementMap.uasset" 11080
"../../../Engine/Plugins/Interchange/Assets/Content/Functions/MX_Displacement.uasset" 11081
"../../../Engine/Plugins/VirtualProduction/CameraCalibrationCore/Content/Materials/M_BrownConradyDUDistortionDisplacementMap.uasset" 11082
"../../../Engine/Plugins/VirtualProduction/CameraCalibrationCore/Content/Materials/M_BrownConradyDUUndistortionDisplacementMap.uasset" 11083
"../../../Engine/Plugins/VirtualProduction/CameraCalibrationCore/Content/Materials/M_BrownConradyUDDistortionDisplacementMap.uasset" 11084
"../../../Engine/Plugins/VirtualProduction/CameraCalibrationCore/Content/Materials/M_BrownConradyUDUndistortionDisplacementMap.uasset" 11085
"../../../Engine/Plugins/VirtualProduction/CameraCalibrationCore/Content/Materials/M_SphericalDistortionDisplacementMap.uasset" 11086
"../../../Engine/Plugins/VirtualProduction/CameraCalibrationCore/Content/Materials/M_SphericalUndistortionDisplacementMap.uasset" 11087
"/Engine/EngineMaterials/PPM_DefaultCalibrationGrayscale" 11088
"../../../Engine/Plugins/NNE/NNEDenoiser/Content/NNEDIM_ColorAlbedoNormal_Alpha.uasset" 11089
"../../../Engine/Plugins/NNE/NNEDenoiser/Content/NNEDIM_ColorAlbedoNormal_Default.uasset" 11090
"../../../Engine/Plugins/VirtualProduction/CameraCalibrationCore/Content/Materials/M_VertexColors.uasset" 11091
"../../../Engine/Plugins/NNE/NNEDenoiser/Content/NNEDIM_HighQuality_Alpha.uasset" 11092
"../../../Engine/Plugins/NNE/NNEDenoiser/Content/NNEDIM_HighQuality_Default.uasset" 11093
"/Engine/EngineMaterials/PPM_DefaultCalibrationColor" 11094
"/Engine/EngineMaterials/Substrate/Volume/SubstrateSimpleVolumeEnvLUT3D" 11095
"/Engine/EngineMaterials/Substrate/Volume/SubstrateSimpleVolumeLUT3D" 11096
"/Engine/EngineMaterials/Substrate/Glints2/AGlintTex2dArray2" 11097
"../../../Engine/Plugins/NNE/NNEDenoiser/Content/NNEDTIM_ColorAlbedoNormal_Default.uasset" 11098
"../../../Engine/Plugins/NNE/NNEDenoiser/Content/NNEDTOM_Output_Default.uasset" 11099
"../../../Engine/Plugins/NNE/NNEDenoiser/Content/NNEDOM_Output_Default.uasset" 11100
"../../../Engine/Plugins/NNE/NNEDenoiser/Content/NNEDTIM_ColorAlbedoNormal_Alpha.uasset" 11101
"../../../Engine/Plugins/NNE/NNEDenoiser/Content/NNEDOM_Output_Alpha.uasset" 11102
"../../../Engine/Plugins/NNE/NNEDenoiser/Content/NNED_Oidn2-3_Balanced_Alpha.uasset" 11103
"../../../Engine/Plugins/NNE/NNEDenoiser/Content/NNEDT_Oidn2-3_Balanced_Alpha.uasset" 11104
"../../../Engine/Plugins/NNE/NNEDenoiser/Content/NNEDT_Oidn2-3_Balanced.uasset" 11105
"../../../Engine/Plugins/NNE/NNEDenoiser/Content/NNED_Oidn2-3_Balanced.uasset" 11106
"../../../Engine/Plugins/NNE/NNEDenoiser/Content/NNEDTOM_Output_Alpha.uasset" 11107
"../../../Engine/Plugins/NNE/NNEDenoiser/Content/NNED_Oidn2-3_Fast.uasset" 11108
"../../../Engine/Plugins/NNE/NNEDenoiser/Content/NNED_Oidn2-3_HighQuality.uasset" 11109
"/NNEDenoiser/NNEDIM_HighQuality_Default" 11110
"../../../Engine/Plugins/NNE/NNEDenoiser/Content/NNE_oidn2-3-0_rt_hdr_alb_nrm_small__dyn__fp16_opset11_DenoiseAlpha.uasset" 11111
"../../../Engine/Plugins/NNE/NNEDenoiser/Content/NNED_Oidn2-3_HighQuality_Alpha.uasset" 11112
"../../../Engine/Plugins/NNE/NNEDenoiser/Content/NNED_Oidn2-3_Fast_Alpha.uasset" 11113
"/NNEDenoiser/NNEDIM_HighQuality_Alpha" 11114
"/NNEDenoiser/NNEDIM_ColorAlbedoNormal_Default" 11115
"/NNEDenoiser/NNEDIM_ColorAlbedoNormal_Alpha" 11116
"/CameraCalibrationCore/Materials/M_VertexColors" 11117
"/CameraCalibrationCore/Materials/M_SphericalUndistortionDisplacementMap" 11118
"/CameraCalibrationCore/Materials/M_SphericalDistortionDisplacementMap" 11119
"/CameraCalibrationCore/Materials/M_BrownConradyUDUndistortionDisplacementMap" 11120
"/CameraCalibrationCore/Materials/M_BrownConradyUDDistortionDisplacementMap" 11121
"/CameraCalibrationCore/Materials/M_BrownConradyDUUndistortionDisplacementMap" 11122
"/CameraCalibrationCore/Materials/M_BrownConradyDUDistortionDisplacementMap" 11123
"/CameraCalibrationCore/Materials/M_AnamorphicUndistortionDisplacementMap" 11124
"/CameraCalibrationCore/Materials/M_AnamorphicDistortionDisplacementMap" 11125
"/ControlRig/Controls/DefaultGizmoLibrary" 11126
"/InterchangeAssets/Functions/MX_Displacement" 11127
"/InterchangeAssets/Functions/MX_Surface" 11128
"/NNEDenoiser/NNE_oidn2-3-0_rt_hdr_alb_nrm_small__dyn__fp16_opset11_DenoiseAlpha" 11129
"../../../Engine/Plugins/NNE/NNEDenoiser/Content/NNE_oidn2-3-0_rt_hdr_alb_nrm__dyn__fp16_opset11_ForwardAlpha.uasset" 11130
"../../../Engine/Plugins/NNE/NNEDenoiser/Content/NNE_oidn2-3-0_rt_hdr_alb_nrm_small__dyn__fp16_opset11_ForwardAlpha.uasset" 11131
"../../../Engine/Plugins/NNE/NNEDenoiser/Content/NNE_oidn2-3-0_rt_hdr_calb_cnrm_large__dyn__fp16_opset11_ForwardAlpha.uasset" 11132
"../../../Engine/Content/EditorResources/BSPVertex.uasset" 11133
"../../../Engine/Content/EngineMaterials/DefaultBloomKernel.uasset" 11134
"../../../Engine/Plugins/NNE/NNEDenoiser/Content/NNE_oidn2-3-0_rt_hdr_calb_cnrm_large__dyn__fp16_opset11_DenoiseAlpha.uasset" 11135
"../../../Engine/Content/EngineResources/Development/ZenLogo_64.uasset" 11136
"../../../Engine/Content/EngineResources/FilmGrains/Marcie_Grain_v3_128_M2_000.uasset" 11137
"../../../Engine/Content/EngineDebugMaterials/DebugEditorMaterial.uasset" 11138
"../../../Engine/Content/EngineMaterials/FastBlueNoise_scalar_128x128x64.uasset" 11139
"../../../Engine/Content/EngineMaterials/FastBlueNoise_scalar_128x128x8.uasset" 11140
"../../../Engine/Content/EngineMaterials/LTC/Sheen_LTC.uasset" 11141
"../../../Engine/Content/EngineMaterials/FastBlueNoise_vec2_128x128x64.uasset" 11142
"../../../Engine/Content/EngineMaterials/EnergyConservation/Diffuse_Energy.uasset" 11143
"../../../Engine/Content/EngineMaterials/EnergyConservation/Sheen_Energy.uasset" 11144
"../../../Engine/Content/EngineMaterials/SMAAAreaTex.uasset" 11145
"../../../Engine/Plugins/NNE/NNEDenoiser/Content/NNE_oidn2-3-0_rt_hdr_alb_nrm__dyn__fp16_opset11_DenoiseAlpha.uasset" 11146
"/NNEDenoiser/NNED_Oidn2-3_HighQuality_Alpha" 11147
"/NNEDenoiser/NNED_Oidn2-3_HighQuality" 11148
"/NNEDenoiser/NNED_Oidn2-3_Fast_Alpha" 11149
"/NNEDenoiser/NNED_Oidn2-3_Fast" 11150
"/NNEDenoiser/NNED_Oidn2-3_Balanced_Alpha" 11151
"/NNEDenoiser/NNED_Oidn2-3_Balanced" 11152
"/NNEDenoiser/NNEDT_Oidn2-3_Balanced_Alpha" 11153
"/NNEDenoiser/NNEDT_Oidn2-3_Balanced" 11154
"C:/Users/Anthony/Documents/GitHub/mechatronics-vr/Intermediate/ORTOptimizerPass_OptimizedA083F8BE4D727C1405ACA2A455386172.onnx" 11155
"C:/Users/Anthony/Documents/GitHub/mechatronics-vr/Intermediate/ORTOptimizerPass_Optimized4CB2A7BE4EB2F65D895B0793242EAB81.onnx" 11156
"/NNEDenoiser/NNEDTOM_Output_Default" 11157
"/NNEDenoiser/NNEDTOM_Output_Alpha" 11158
"/NNEDenoiser/NNEDTIM_ColorAlbedoNormal_Default" 11159
"/NNEDenoiser/NNEDTIM_ColorAlbedoNormal_Alpha" 11160
"/NNEDenoiser/NNEDOM_Output_Default" 11161
"/NNEDenoiser/NNEDOM_Output_Alpha" 11162
"../../../Engine/Content/EngineMaterials/SMAASearchTex.uasset" 11163
"../../../Engine/Content/EngineSounds/Master.uasset" 11164
"/Engine/EngineMaterials/SMAAAreaTex" 11165
"../../../Engine/Plugins/Interchange/Runtime/Content/Pipelines/DefaultAssetsPipeline.uasset" 11166
"../../../Engine/Plugins/Interchange/Runtime/Content/Pipelines/DefaultMaterialXPipeline.uasset" 11167
"/Engine/EngineMaterials/EnergyConservation/Diffuse_Energy" 11168
"../../../Engine/Plugins/Interchange/Runtime/Content/Pipelines/DefaultGLTFAssetsPipeline.uasset" 11169
"../../../Engine/Plugins/Interchange/Runtime/Content/Pipelines/DefaultGLTFPipeline.uasset" 11170
"/Engine/EngineMaterials/EnergyConservation/Sheen_Energy" 11171
"../../../Engine/Plugins/Interchange/Runtime/Content/Pipelines/DefaultMaterialPipeline.uasset" 11172
"../../../Engine/Plugins/Interchange/Runtime/Content/Pipelines/DefaultTexturePipeline.uasset" 11173
"/Engine/EngineMaterials/LTC/Sheen_LTC" 11174
"../../../Engine/Plugins/Interchange/Runtime/Content/Pipelines/DefaultAudioPipeline.uasset" 11175
"/Engine/EngineMaterials/FastBlueNoise_vec2_128x128x64" 11176
"../../../Engine/Plugins/Interchange/Runtime/Content/Pipelines/DefaultSceneAssetsPipeline.uasset" 11177
"../../../Engine/Plugins/Interchange/Runtime/Content/Pipelines/DefaultSceneLevelPipeline.uasset" 11178
"../../../Engine/Plugins/Interchange/Runtime/Content/Pipelines/DefaultGLTFSceneAssetsPipeline.uasset" 11179
"/Engine/EngineMaterials/FastBlueNoise_scalar_128x128x8" 11180
"/Engine/EngineMaterials/FastBlueNoise_scalar_128x128x64" 11181
"../../../Engine/Plugins/Interchange/Assets/Content/Functions/MX_SurfaceUnlit.uasset" 11182
"../../../Engine/Plugins/Interchange/Assets/Content/Functions/MX_UsdPreviewSurface.uasset" 11183
"../../../Engine/Plugins/Interchange/Assets/Content/Substrate/MX_SimpleVolume.uasset" 11184
"/Engine/EngineDebugMaterials/DebugEditorMaterial" 11185
"/Engine/EngineResources/Development/ZenLogo_64" 11186
"/Engine/EngineResources/FilmGrains/Marcie_Grain_v3_128_M2_000" 11187
"/Engine/EngineMaterials/DefaultBloomKernel" 11188
"/Engine/EditorResources/BSPVertex" 11189
"/NNEDenoiser/NNE_oidn2-3-0_rt_hdr_calb_cnrm_large__dyn__fp16_opset11_ForwardAlpha" 11190
"/NNEDenoiser/NNE_oidn2-3-0_rt_hdr_calb_cnrm_large__dyn__fp16_opset11_DenoiseAlpha" 11191
"/NNEDenoiser/NNE_oidn2-3-0_rt_hdr_alb_nrm__dyn__fp16_opset11_ForwardAlpha" 11192
"/NNEDenoiser/NNE_oidn2-3-0_rt_hdr_alb_nrm__dyn__fp16_opset11_DenoiseAlpha" 11193
"/NNEDenoiser/NNE_oidn2-3-0_rt_hdr_alb_nrm_small__dyn__fp16_opset11_ForwardAlpha" 11194
"../../../Engine/Plugins/Interchange/Assets/Content/Functions/MX_SubsurfaceBSDF.uasset" 11195
"../../../Engine/Plugins/Interchange/Assets/Content/Functions/MX_GeneralizedSchlickBSDF.uasset" 11196
"../../../Engine/Plugins/Interchange/Assets/Content/Functions/MX_DielectricBSDF.uasset" 11197
"../../../Engine/Plugins/Interchange/Assets/Content/Functions/MX_BurleyDiffuseBSDF.uasset" 11198
"../../../Engine/Plugins/Interchange/Assets/Content/Functions/MX_SheenBSDF.uasset" 11199
"/InterchangeAssets/Substrate/MX_SimpleVolume" 11200
"../../../Engine/Plugins/Interchange/Assets/Content/Functions/MX_TranslucentBSDF.uasset" 11201
"../../../Engine/Plugins/Interchange/Assets/Content/Functions/MX_ChiangHairBSDF.uasset" 11202
"../../../Engine/Plugins/Interchange/Assets/Content/Functions/MX_UniformEDF.uasset" 11203
"../../../Engine/Plugins/Interchange/Assets/Content/Functions/MX_OrenNayarBSDF.uasset" 11204
"../../../Engine/Plugins/Interchange/Assets/Content/Functions/MX_ConductorBSDF.uasset" 11205
"../../../Engine/Plugins/Interchange/Assets/Content/Functions/MX_ConicalEDF.uasset" 11206
"../../../Engine/Plugins/Interchange/Assets/Content/Functions/MX_AbsorptionVDF.uasset" 11207
"../../../Engine/Plugins/Interchange/Assets/Content/Functions/MX_MeasuredEDF.uasset" 11208
"../../../Engine/Plugins/Interchange/Assets/Content/Functions/MX_AnisotropicVDF.uasset" 11209
"../../../Engine/Plugins/Animation/ControlRig/Content/Controls/ControlRigGizmoMaterial.uasset" 11210
"/InterchangeAssets/Functions/MX_UsdPreviewSurface" 11211
"../../../Engine/Plugins/MetaHuman/MetaHumanCoreTechLib/Content/GenericTracker/FaceDetector.uasset" 11212
"../../../Engine/Plugins/MetaHuman/MetaHumanAnimator/Content/GenericTracker/FaceTracker.uasset" 11213
"/InterchangeAssets/Functions/MX_SurfaceUnlit" 11214
"/Interchange/Pipelines/DefaultGLTFSceneAssetsPipeline" 11215
"/Interchange/Pipelines/DefaultSceneLevelPipeline" 11216
"/Interchange/Pipelines/DefaultSceneAssetsPipeline" 11217
"/Interchange/Pipelines/DefaultAudioPipeline" 11218
"/Interchange/Pipelines/DefaultTexturePipeline" 11219
"/Interchange/Pipelines/DefaultMaterialPipeline" 11220
"C:/Users/Anthony/Documents/GitHub/mechatronics-vr/Intermediate/ORTOptimizerPass_OptimizedBB146EC8417CA65BD595D1A553BA279A.onnx" 11221
"C:/Users/Anthony/Documents/GitHub/mechatronics-vr/Intermediate/ORTOptimizerPass_Optimized11E3D8FD4FDCDC3AF8915EA47D1DA17B.onnx" 11222
"C:/Users/Anthony/Documents/GitHub/mechatronics-vr/Intermediate/ORTOptimizerPass_Optimized417E775145536534C3D9618DEE4D0C68.onnx" 11223
"C:/Users/Anthony/Documents/GitHub/mechatronics-vr/Intermediate/ORTOptimizerPass_OptimizedB6B0E0D048EB77E033B12DB12C1228B4.onnx" 11224
"C:/Users/Anthony/Documents/GitHub/mechatronics-vr/Intermediate/ORTOptimizerPass_OptimizedAA11B3D04420E1F146C43CAF68F586B4.onnx" 11225
"C:/Users/Anthony/Documents/GitHub/mechatronics-vr/Intermediate/ORTOptimizerPass_Optimized29DB3CF64A0946FC5A362184A844E236.onnx" 11226
"C:/Users/Anthony/Documents/GitHub/mechatronics-vr/Intermediate/ORTOptimizerPass_Optimized369E230F406B7BD59B6E1EADB1A2D2B6.onnx" 11227
"C:/Users/Anthony/Documents/GitHub/mechatronics-vr/Intermediate/ORTOptimizerPass_OptimizedD11426F1473A986D5575EC83B04B3EA4.onnx" 11228
"C:/Users/Anthony/Documents/GitHub/mechatronics-vr/Intermediate/ORTOptimizerPass_Optimized9DDB7F7B41BC37B3E46B01A482642571.onnx" 11229
"C:/Users/Anthony/Documents/GitHub/mechatronics-vr/Intermediate/ORTOptimizerPass_OptimizedC46B21EC47DAA8FF6BA13BB762D29D65.onnx" 11230
"/Interchange/Pipelines/DefaultGLTFPipeline" 11231
"/Interchange/Pipelines/DefaultGLTFAssetsPipeline" 11232
"/Interchange/Pipelines/DefaultMaterialXPipeline" 11233
"/Interchange/Pipelines/DefaultAssetsPipeline" 11234
"/Engine/EngineSounds/Master" 11235
"/Engine/EngineMaterials/SMAASearchTex" 11236
"../../../Engine/Plugins/MetaHuman/MetaHumanAnimator/Content/GenericTracker/LeftEye.uasset" 11237
"../../../Engine/Plugins/MetaHuman/MetaHumanAnimator/Content/GenericTracker/LeftBrowWholeFace.uasset" 11238
"/MetaHuman/GenericTracker/FaceTracker" 11239
"../../../Engine/Plugins/MetaHuman/MetaHumanAnimator/Content/GenericTracker/NasolabialNose.uasset" 11240
"../../../Engine/Plugins/MetaHuman/MetaHumanAnimator/Content/GenericTracker/Lips.uasset" 11241
"../../../Engine/Plugins/MetaHuman/MetaHumanAnimator/Content/GenericTracker/LipZip.uasset" 11242
"../../../Engine/Plugins/MetaHuman/MetaHumanAnimator/Content/GenericTracker/Chin.uasset" 11243
"../../../Engine/Plugins/MetaHuman/MetaHumanAnimator/Content/GenericTracker/Teeth.uasset" 11244
"../../../Engine/Plugins/MetaHuman/MetaHumanAnimator/Content/GenericTracker/TeethConfidence.uasset" 11245
"/MetaHumanCoreTech/GenericTracker/FaceDetector" 11246
"/ControlRig/Controls/ControlRigGizmoMaterial" 11247
"/InterchangeAssets/Functions/MX_AnisotropicVDF" 11248
"/InterchangeAssets/Functions/MX_AbsorptionVDF" 11249
"/InterchangeAssets/Functions/MX_MeasuredEDF" 11250
"/InterchangeAssets/Functions/MX_ConicalEDF" 11251
"/InterchangeAssets/Functions/MX_UniformEDF" 11252
"/InterchangeAssets/Functions/MX_ChiangHairBSDF" 11253
"/InterchangeAssets/Functions/MX_SheenBSDF" 11254
"/InterchangeAssets/Functions/MX_SubsurfaceBSDF" 11255
"/InterchangeAssets/Functions/MX_GeneralizedSchlickBSDF" 11256
"/InterchangeAssets/Functions/MX_ConductorBSDF" 11257
"/InterchangeAssets/Functions/MX_DielectricBSDF" 11258
"/InterchangeAssets/Functions/MX_TranslucentBSDF" 11259
"/InterchangeAssets/Functions/MX_BurleyDiffuseBSDF" 11260
"/InterchangeAssets/Functions/MX_OrenNayarBSDF" 11261
"/MetaHuman/GenericTracker/TeethConfidence" 11262
"/MetaHuman/GenericTracker/Teeth" 11263
"/MetaHuman/GenericTracker/Chin" 11264
"/MetaHuman/GenericTracker/LipZip" 11265
"/MetaHuman/GenericTracker/Lips" 11266
"/MetaHuman/GenericTracker/NasolabialNose" 11267
"/MetaHuman/GenericTracker/LeftEye" 11268
"/MetaHuman/GenericTracker/LeftBrowWholeFace" 11269
"C:/Users/Anthony/Documents/GitHub/mechatronics-vr/Saved/Cooked/Windows/MechatronicsVR/Metadata/CookedSettings.txt" 11270
